-- MySQL dump 10.13  Distrib 5.6.47, for Linux (x86_64)
--
-- Host: localhost    Database: gerwarec_sistema_v1
-- ------------------------------------------------------
-- Server version	5.6.47

/*!40101 SET @OLD_CHARACTER_SET_CLIENT=@@CHARACTER_SET_CLIENT */;
/*!40101 SET @OLD_CHARACTER_SET_RESULTS=@@CHARACTER_SET_RESULTS */;
/*!40101 SET @OLD_COLLATION_CONNECTION=@@COLLATION_CONNECTION */;
/*!40101 SET NAMES utf8mb4 */;
/*!40103 SET @OLD_TIME_ZONE=@@TIME_ZONE */;
/*!40103 SET TIME_ZONE='+00:00' */;
/*!40014 SET @OLD_UNIQUE_CHECKS=@@UNIQUE_CHECKS, UNIQUE_CHECKS=0 */;
/*!40014 SET @OLD_FOREIGN_KEY_CHECKS=@@FOREIGN_KEY_CHECKS, FOREIGN_KEY_CHECKS=0 */;
/*!40101 SET @OLD_SQL_MODE=@@SQL_MODE, SQL_MODE='NO_AUTO_VALUE_ON_ZERO' */;
/*!40111 SET @OLD_SQL_NOTES=@@SQL_NOTES, SQL_NOTES=0 */;

--
-- Table structure for table `bonos`
--

DROP TABLE IF EXISTS `bonos`;
/*!40101 SET @saved_cs_client     = @@character_set_client */;
/*!40101 SET character_set_client = utf8 */;
CREATE TABLE `bonos` (
  `id` bigint(20) unsigned NOT NULL AUTO_INCREMENT,
  `usuario_id` bigint(20) unsigned DEFAULT '0',
  `nombre` varchar(32) DEFAULT '',
  `descripcion` text,
  `precio_soles` decimal(6,2) unsigned DEFAULT '0.00',
  `puntaje` smallint(5) unsigned DEFAULT '0',
  `estado` varchar(1) DEFAULT 'P',
  `created` datetime NOT NULL,
  `modified` datetime NOT NULL,
  PRIMARY KEY (`id`)
) ENGINE=InnoDB DEFAULT CHARSET=latin1;
/*!40101 SET character_set_client = @saved_cs_client */;

--
-- Dumping data for table `bonos`
--

LOCK TABLES `bonos` WRITE;
/*!40000 ALTER TABLE `bonos` DISABLE KEYS */;
/*!40000 ALTER TABLE `bonos` ENABLE KEYS */;
UNLOCK TABLES;

--
-- Table structure for table `canal_llegadas`
--

DROP TABLE IF EXISTS `canal_llegadas`;
/*!40101 SET @saved_cs_client     = @@character_set_client */;
/*!40101 SET character_set_client = utf8 */;
CREATE TABLE `canal_llegadas` (
  `id` bigint(20) unsigned NOT NULL AUTO_INCREMENT,
  `nombre` varchar(64) DEFAULT '',
  `descripcion` text,
  `created` datetime NOT NULL,
  `modified` datetime NOT NULL,
  PRIMARY KEY (`id`)
) ENGINE=InnoDB AUTO_INCREMENT=9 DEFAULT CHARSET=latin1;
/*!40101 SET character_set_client = @saved_cs_client */;

--
-- Dumping data for table `canal_llegadas`
--

LOCK TABLES `canal_llegadas` WRITE;
/*!40000 ALTER TABLE `canal_llegadas` DISABLE KEYS */;
INSERT INTO `canal_llegadas` (`id`, `nombre`, `descripcion`, `created`, `modified`) VALUES (1,'Página Web','Clientes que llegaron a través de la página web','2019-09-07 11:07:38','2019-09-07 11:07:38'),(2,'Mailing','Clientes que llegaron a través de la publicidad por correo','2019-09-07 11:07:55','2019-09-07 11:07:55'),(3,'EXCON 2019','Feria desarrollada en Octubre 2019','2019-10-22 20:10:03','2019-10-22 20:10:03'),(4,'Facebook','redes sociales','2019-10-23 23:03:58','2019-10-23 23:04:09'),(5,'Recomendacion','Pasada de voz','2019-10-23 23:04:39','2019-10-23 23:04:39'),(6,'EXPODECO ULT','FERIA ','2019-10-23 23:05:26','2019-10-23 23:05:26'),(7,'charla','charlas en distritos','2019-10-28 16:00:52','2019-10-28 16:00:52'),(8,'Contacto del asesor','Contacto personal del asesor de venta','2019-10-28 16:15:25','2019-10-28 16:15:25');
/*!40000 ALTER TABLE `canal_llegadas` ENABLE KEYS */;
UNLOCK TABLES;

--
-- Table structure for table `contactos`
--

DROP TABLE IF EXISTS `personas`;
/*!40101 SET @saved_cs_client     = @@character_set_client */;
/*!40101 SET character_set_client = utf8 */;
CREATE TABLE `personas` (
  `id` bigint(20) unsigned NOT NULL AUTO_INCREMENT,
  `temperamento_id` bigint(20) unsigned NOT NULL DEFAULT '0',
  `empresa_id` bigint(20) unsigned DEFAULT '0',
  `dni` varchar(8) DEFAULT '',
  `nombres` varchar(255) DEFAULT '',
  `apellidos` varchar(255) DEFAULT '',
  `cargo_empresa` varchar(32) DEFAULT '',
  `correo` varchar(255) DEFAULT '',
  `telefono` varchar(255) DEFAULT '',
  `celular1` varchar(255) DEFAULT '',
  `celular2` varchar(255) DEFAULT '',
  `celular3` varchar(255) DEFAULT '',
  `info_busqueda` varchar(255) DEFAULT '',
  `created` datetime NOT NULL,
  `modified` datetime NOT NULL,
  PRIMARY KEY (`id`)
) ENGINE=InnoDB AUTO_INCREMENT=90 DEFAULT CHARSET=latin1;
/*!40101 SET character_set_client = @saved_cs_client */;

--
-- Dumping data for table `contactos`
--

LOCK TABLES `personas` WRITE;
/*!40000 ALTER TABLE `personas` DISABLE KEYS */;
INSERT INTO `personas` (`id`, `temperamento_id`, `empresa_id`, `dni`, `nombres`, `apellidos`, `cargo_empresa`, `correo`, `telefono`, `celular1`, `celular2`, `celular3`, `info_busqueda`, `created`, `modified`) VALUES (88,0,0,'','Gerber','Pacheco','','gerber@pacheco.pe','','','','','Gerber Pacheco','2020-07-26 23:10:41','2020-07-26 23:10:41'),(89,0,0,'','Cleofer','Montano','','','','','','','Cleofer Montano','2020-07-29 10:26:09','2020-07-29 10:26:09');
/*!40000 ALTER TABLE `personas` ENABLE KEYS */;
UNLOCK TABLES;

--
-- Table structure for table `cotizaciones`
--

DROP TABLE IF EXISTS `cotizaciones`;
/*!40101 SET @saved_cs_client     = @@character_set_client */;
/*!40101 SET character_set_client = utf8 */;
CREATE TABLE `cotizaciones` (
  `id` bigint(20) NOT NULL AUTO_INCREMENT,
  `cuenta_id` bigint(20) DEFAULT NULL,
  `paquete_servicio_id` bigint(20) DEFAULT NULL,
  `presentacion_id` bigint(20) DEFAULT NULL,
  `comentario` text COLLATE latin2_bin,
  `created` datetime DEFAULT NULL,
  `modified` datetime DEFAULT NULL,
  PRIMARY KEY (`id`)
) ENGINE=InnoDB AUTO_INCREMENT=11 DEFAULT CHARSET=latin2 COLLATE=latin2_bin;
/*!40101 SET character_set_client = @saved_cs_client */;

--
-- Dumping data for table `cotizaciones`
--

LOCK TABLES `cotizaciones` WRITE;
/*!40000 ALTER TABLE `cotizaciones` DISABLE KEYS */;
INSERT INTO `cotizaciones` (`id`, `cuenta_id`, `paquete_servicio_id`, `presentacion_id`, `comentario`, `created`, `modified`) VALUES (9,103,12,NULL,'','2020-07-26 23:10:42','2020-07-26 23:10:42'),(10,104,12,NULL,'','2020-07-29 10:26:09','2020-07-29 10:26:09');
/*!40000 ALTER TABLE `cotizaciones` ENABLE KEYS */;
UNLOCK TABLES;

--
-- Table structure for table `cuenta_contactos`
--

DROP TABLE IF EXISTS `cuenta_personas`;
/*!40101 SET @saved_cs_client     = @@character_set_client */;
/*!40101 SET character_set_client = utf8 */;
CREATE TABLE `cuenta_personas` (
  `id` bigint(20) unsigned NOT NULL AUTO_INCREMENT,
  `cuenta_id` bigint(20) unsigned DEFAULT '0',
  `persona_id` int(11) NOT NULL,
  `rol` varchar(155) NOT NULL,
  `created` datetime NOT NULL,
  `modified` datetime NOT NULL,
  PRIMARY KEY (`id`)
) ENGINE=InnoDB AUTO_INCREMENT=31 DEFAULT CHARSET=latin1;
/*!40101 SET character_set_client = @saved_cs_client */;

--
-- Dumping data for table `cuenta_contactos`
--

LOCK TABLES `cuenta_personas` WRITE;
/*!40000 ALTER TABLE `cuenta_personas` DISABLE KEYS */;
INSERT INTO `cuenta_personas` (`id`, `cuenta_id`, `persona_id`, `rol`, `created`, `modified`) VALUES (29,103,88,'','2020-07-26 23:10:42','2020-07-26 23:10:42'),(30,104,89,'','2020-07-29 10:26:09','2020-07-29 10:26:09');
/*!40000 ALTER TABLE `cuenta_personas` ENABLE KEYS */;
UNLOCK TABLES;

--
-- Table structure for table `cuenta_empresas`
--

DROP TABLE IF EXISTS `cuenta_empresas`;
/*!40101 SET @saved_cs_client     = @@character_set_client */;
/*!40101 SET character_set_client = utf8 */;
CREATE TABLE `cuenta_empresas` (
  `id` bigint(20) NOT NULL AUTO_INCREMENT,
  `nombre_cuenta` varchar(255) DEFAULT '',
  `membrete_header` varchar(255) DEFAULT '',
  `membrete_footer` varchar(255) DEFAULT '',
  `created` datetime DEFAULT NULL,
  `modified` datetime DEFAULT NULL,
  PRIMARY KEY (`id`)
) ENGINE=MyISAM AUTO_INCREMENT=2 DEFAULT CHARSET=latin1;
/*!40101 SET character_set_client = @saved_cs_client */;

--
-- Dumping data for table `cuenta_empresas`
--

LOCK TABLES `cuenta_empresas` WRITE;
/*!40000 ALTER TABLE `cuenta_empresas` DISABLE KEYS */;
INSERT INTO `cuenta_empresas` (`id`, `nombre_cuenta`, `membrete_header`, `membrete_footer`, `created`, `modified`) VALUES (1,'cuenta 1','cuenta_empresas/0.20994100159607269929-07-2020gerber.png','cuenta_empresas/0.20994100159607269929-07-2020gerber.jpg','2020-07-29 20:31:39','2020-07-29 20:31:39');
/*!40000 ALTER TABLE `cuenta_empresas` ENABLE KEYS */;
UNLOCK TABLES;

--
-- Table structure for table `cuentas`
--

DROP TABLE IF EXISTS `cuentas`;
/*!40101 SET @saved_cs_client     = @@character_set_client */;
/*!40101 SET character_set_client = utf8 */;
CREATE TABLE `cuentas` (
  `id` bigint(20) unsigned NOT NULL AUTO_INCREMENT,
  `usuario_id` bigint(20) NOT NULL DEFAULT '0',
  `canal_llegada_id` smallint(5) unsigned DEFAULT '0',
  `ruc` varchar(11) NOT NULL DEFAULT '',
  `nombre_comercial` varchar(128) NOT NULL DEFAULT '',
  `razon_social` varchar(128) NOT NULL DEFAULT '',
  `domicilio_fiscal` varchar(255) NOT NULL DEFAULT '',
  `correo` varchar(255) NOT NULL DEFAULT '',
  `celular` varchar(255) NOT NULL DEFAULT '',
  `telefono` varchar(255) NOT NULL DEFAULT '',
  `whatsapp` varchar(255) NOT NULL DEFAULT '',
  `notas` text,
  `ubigeo` varchar(6) NOT NULL DEFAULT '',
  `ubigeo_dpr` varchar(255) NOT NULL DEFAULT '',
  `info_busqueda` text,
  `estado` varchar(16) NOT NULL DEFAULT 'NUEVO',
  `comentario` varchar(255) NOT NULL DEFAULT '',
  `link_facebook` varchar(255) NOT NULL DEFAULT '',
  `link_instagram` varchar(255) DEFAULT '',
  `link_linkedin` varchar(255) NOT NULL DEFAULT '',
  `link_youtube` varchar(255) NOT NULL DEFAULT '',
  `fecha_creacion` datetime DEFAULT NULL,
  `created` datetime NOT NULL,
  `modified` datetime NOT NULL,
  PRIMARY KEY (`id`)
) ENGINE=InnoDB AUTO_INCREMENT=105 DEFAULT CHARSET=latin1;
/*!40101 SET character_set_client = @saved_cs_client */;

--
-- Dumping data for table `cuentas`
--

LOCK TABLES `cuentas` WRITE;
/*!40000 ALTER TABLE `cuentas` DISABLE KEYS */;
INSERT INTO `cuentas` (`id`, `usuario_id`, `canal_llegada_id`, `ruc`, `nombre_comercial`, `razon_social`, `domicilio_fiscal`, `correo`, `celular`, `telefono`, `whatsapp`, `notas`, `ubigeo`, `ubigeo_dpr`, `info_busqueda`, `estado`, `comentario`, `link_facebook`, `link_instagram`, `link_linkedin`, `link_youtube`, `fecha_creacion`, `created`, `modified`) VALUES (103,10,0,'20603556900','-','BRANDEABLE E.I.R.L.','AV. CAJAMARCA ZN A MZA. T LOTE. 9 P.J. ALTO JESUS AREQUIPA - AREQUIPA - PAUCARPATA','gerber@pacheco.pe','','','950527734','asdfasdfasdf','040112','Paucarpata / Arequipa / Arequipa','Gerber Pacheco','ACTIVO','','','','','','2020-07-26 00:00:00','2020-07-26 23:10:41','2020-07-26 23:10:42'),(104,10,0,'','Cleosaki','','','','','','','asdfasdfasdf','040101','Arequipa / Arequipa / Arequipa','Cleofer Montano','ACTIVO','','','','','','2020-07-29 00:00:00','2020-07-29 10:26:09','2020-07-29 10:26:09');
/*!40000 ALTER TABLE `cuentas` ENABLE KEYS */;
UNLOCK TABLES;

--
-- Table structure for table `directorio_categoria_rel`
--

DROP TABLE IF EXISTS `directorio_categoria_rel`;
/*!40101 SET @saved_cs_client     = @@character_set_client */;
/*!40101 SET character_set_client = utf8 */;
CREATE TABLE `directorio_categoria_rel` (
  `id` bigint(20) unsigned NOT NULL AUTO_INCREMENT,
  `empresa_id` bigint(20) unsigned DEFAULT '0',
  `categoria_id` bigint(20) unsigned DEFAULT '0',
  `created` datetime NOT NULL,
  `modified` datetime NOT NULL,
  PRIMARY KEY (`id`)
) ENGINE=InnoDB AUTO_INCREMENT=61 DEFAULT CHARSET=utf8mb4;
/*!40101 SET character_set_client = @saved_cs_client */;

--
-- Dumping data for table `directorio_categoria_rel`
--

LOCK TABLES `directorio_categoria_rel` WRITE;
/*!40000 ALTER TABLE `directorio_categoria_rel` DISABLE KEYS */;
INSERT INTO `directorio_categoria_rel` (`id`, `empresa_id`, `categoria_id`, `created`, `modified`) VALUES (58,9,3,'0000-00-00 00:00:00','0000-00-00 00:00:00'),(59,9,7,'0000-00-00 00:00:00','0000-00-00 00:00:00'),(60,9,8,'0000-00-00 00:00:00','0000-00-00 00:00:00');
/*!40000 ALTER TABLE `directorio_categoria_rel` ENABLE KEYS */;
UNLOCK TABLES;

--
-- Table structure for table `directorio_categorias`
--

DROP TABLE IF EXISTS `directorio_categorias`;
/*!40101 SET @saved_cs_client     = @@character_set_client */;
/*!40101 SET character_set_client = utf8 */;
CREATE TABLE `directorio_categorias` (
  `id` bigint(20) unsigned NOT NULL AUTO_INCREMENT,
  `nombre` varchar(128) DEFAULT '',
  `created` datetime NOT NULL,
  `modified` datetime NOT NULL,
  PRIMARY KEY (`id`)
) ENGINE=InnoDB AUTO_INCREMENT=14 DEFAULT CHARSET=latin1;
/*!40101 SET character_set_client = @saved_cs_client */;

--
-- Dumping data for table `directorio_categorias`
--

LOCK TABLES `directorio_categorias` WRITE;
/*!40000 ALTER TABLE `directorio_categorias` DISABLE KEYS */;
INSERT INTO `directorio_categorias` (`id`, `nombre`, `created`, `modified`) VALUES (3,'Diseño Web // Marketing Digital','2019-09-28 14:14:31','2020-02-17 09:56:05'),(4,'Servicios Básicos','2019-09-28 14:16:19','2019-09-28 14:16:19'),(5,'Telefonia','2019-09-28 14:16:22','2019-09-28 14:16:22'),(6,'TRANSPORTE TERRESTRE','2019-10-03 20:41:38','2019-10-03 20:41:38'),(7,'OPERADOR LOGISTICO','2019-10-03 20:41:55','2019-10-03 20:41:55'),(8,'instalación mecánica','2019-10-08 00:18:59','2019-10-08 00:18:59'),(9,'FABRICANTE','2019-10-16 16:08:54','2019-10-16 16:08:54'),(11,'FINANCIAMIENTO','2019-10-22 23:43:44','2019-10-22 23:43:44'),(12,'empresas de sublimados','2020-08-08 16:07:43','2020-08-08 16:07:43'),(13,'desinfeccion covid19','2020-08-08 16:07:53','2020-08-08 16:07:53');
/*!40000 ALTER TABLE `directorio_categorias` ENABLE KEYS */;
UNLOCK TABLES;

--
-- Table structure for table `directorio_contactos`
--

DROP TABLE IF EXISTS `directorio_personas`;
/*!40101 SET @saved_cs_client     = @@character_set_client */;
/*!40101 SET character_set_client = utf8 */;
CREATE TABLE `directorio_personas` (
  `id` bigint(20) unsigned NOT NULL AUTO_INCREMENT,
  `empresa_id` bigint(20) unsigned DEFAULT '0',
  `persona_id` int(11) NOT NULL,
  `rol` varchar(155) NOT NULL,
  `created` datetime NOT NULL,
  `modified` datetime NOT NULL,
  PRIMARY KEY (`id`)
) ENGINE=InnoDB AUTO_INCREMENT=17 DEFAULT CHARSET=latin1;
/*!40101 SET character_set_client = @saved_cs_client */;

--
-- Dumping data for table `directorio_contactos`
--

LOCK TABLES `directorio_personas` WRITE;
/*!40000 ALTER TABLE `directorio_personas` DISABLE KEYS */;
INSERT INTO `directorio_personas` (`id`, `empresa_id`, `persona_id`, `rol`, `created`, `modified`) VALUES (6,4,17,'vendedor','2020-01-12 14:34:37','2020-01-12 14:34:37'),(7,5,31,'fsdfsdf','2020-01-12 18:56:52','2020-01-12 18:56:52'),(16,10,61,'sdfsdf','2020-07-21 23:58:11','2020-07-21 23:58:11');
/*!40000 ALTER TABLE `directorio_personas` ENABLE KEYS */;
UNLOCK TABLES;

--
-- Table structure for table `directorio_empresas`
--

DROP TABLE IF EXISTS `directorio_empresas`;
/*!40101 SET @saved_cs_client     = @@character_set_client */;
/*!40101 SET character_set_client = utf8 */;
CREATE TABLE `directorio_empresas` (
  `id` bigint(20) unsigned NOT NULL AUTO_INCREMENT,
  `categoria_id` bigint(20) unsigned NOT NULL DEFAULT '0',
  `empresa_id` bigint(20) unsigned DEFAULT '0',
  `nombre_comercial` varchar(255) DEFAULT '',
  `razon_social` varchar(255) DEFAULT '',
  `ruc` varchar(11) DEFAULT '',
  `domicilio_fiscal` varchar(128) DEFAULT '',
  `ubigeo` varchar(6) NOT NULL DEFAULT '',
  `ubigeo_dpr` varchar(256) NOT NULL DEFAULT '',
  `info_busqueda` text,
  `estado` varchar(8) DEFAULT 'NUEVO',
  `created` datetime NOT NULL,
  `modified` datetime NOT NULL,
  `telefonos` varchar(155) NOT NULL,
  `correo` varchar(155) NOT NULL,
  `notas` varchar(155) NOT NULL,
  PRIMARY KEY (`id`)
) ENGINE=MyISAM AUTO_INCREMENT=13 DEFAULT CHARSET=latin1;
/*!40101 SET character_set_client = @saved_cs_client */;

--
-- Dumping data for table `directorio_empresas`
--

LOCK TABLES `directorio_empresas` WRITE;
/*!40000 ALTER TABLE `directorio_empresas` DISABLE KEYS */;
INSERT INTO `directorio_empresas` (`id`, `categoria_id`, `empresa_id`, `nombre_comercial`, `razon_social`, `ruc`, `domicilio_fiscal`, `ubigeo`, `ubigeo_dpr`, `info_busqueda`, `estado`, `created`, `modified`, `telefonos`, `correo`, `notas`) VALUES (10,0,0,'','','','','','',NULL,'NUEVO','2020-05-06 02:29:29','2020-05-06 02:29:29','','',''),(12,0,0,'Brandeable','BRANDEABLE E.I.R.L.','20603556900','AV. CAJAMARCA ZN A MZA. T LOTE. 9 P.J. ALTO JESUS AREQUIPA - AREQUIPA - PAUCARPATA','','',' - BRANDEABLE E.I.R.L.','ACTIVO','2020-07-26 23:08:47','2020-07-26 23:08:47','','','');
/*!40000 ALTER TABLE `directorio_empresas` ENABLE KEYS */;
UNLOCK TABLES;

--
-- Table structure for table `elibot_accion_keys`
--

DROP TABLE IF EXISTS `elibot_accion_keys`;
/*!40101 SET @saved_cs_client     = @@character_set_client */;
/*!40101 SET character_set_client = utf8 */;
CREATE TABLE `elibot_accion_keys` (
  `id` bigint(20) unsigned NOT NULL AUTO_INCREMENT,
  `elibot_accion_id` bigint(20) DEFAULT '0',
  `elibot_accion_codigo` varchar(16) NOT NULL DEFAULT '',
  `elibot_accion_key` varchar(16) DEFAULT '',
  `created` datetime NOT NULL,
  `modified` datetime NOT NULL,
  PRIMARY KEY (`id`)
) ENGINE=InnoDB AUTO_INCREMENT=44 DEFAULT CHARSET=utf8mb4;
/*!40101 SET character_set_client = @saved_cs_client */;

--
-- Dumping data for table `elibot_accion_keys`
--

LOCK TABLES `elibot_accion_keys` WRITE;
/*!40000 ALTER TABLE `elibot_accion_keys` DISABLE KEYS */;
INSERT INTO `elibot_accion_keys` (`id`, `elibot_accion_id`, `elibot_accion_codigo`, `elibot_accion_key`, `created`, `modified`) VALUES (28,48,'','*','0000-00-00 00:00:00','0000-00-00 00:00:00'),(29,49,'SALUDO','m1','0000-00-00 00:00:00','0000-00-00 00:00:00'),(30,50,'SALUDO','m2','0000-00-00 00:00:00','0000-00-00 00:00:00'),(31,51,'WEB','ejemplos','0000-00-00 00:00:00','0000-00-00 00:00:00'),(32,52,'MKT','si','0000-00-00 00:00:00','0000-00-00 00:00:00'),(33,53,'MKT','no','0000-00-00 00:00:00','0000-00-00 00:00:00'),(34,54,'MKT1','*','0000-00-00 00:00:00','0000-00-00 00:00:00'),(35,55,'MKT2','*','0000-00-00 00:00:00','0000-00-00 00:00:00'),(36,56,'MKT3','*','0000-00-00 00:00:00','0000-00-00 00:00:00'),(37,57,'SALUDO','diseñogratis','0000-00-00 00:00:00','0000-00-00 00:00:00'),(38,58,'JUEVESGRATIS','no','0000-00-00 00:00:00','0000-00-00 00:00:00'),(39,58,'JUEVESGRATIS',' no gracias','0000-00-00 00:00:00','0000-00-00 00:00:00'),(40,59,'SALUDO','m3','0000-00-00 00:00:00','0000-00-00 00:00:00'),(41,60,'JUEVESGRATIS','*','0000-00-00 00:00:00','0000-00-00 00:00:00'),(42,61,'JG1','*','0000-00-00 00:00:00','0000-00-00 00:00:00'),(43,62,'JDG3','*','0000-00-00 00:00:00','0000-00-00 00:00:00');
/*!40000 ALTER TABLE `elibot_accion_keys` ENABLE KEYS */;
UNLOCK TABLES;

--
-- Table structure for table `elibot_acciones`
--

DROP TABLE IF EXISTS `elibot_acciones`;
/*!40101 SET @saved_cs_client     = @@character_set_client */;
/*!40101 SET character_set_client = utf8 */;
CREATE TABLE `elibot_acciones` (
  `id` bigint(20) unsigned NOT NULL AUTO_INCREMENT,
  `codigo_anterior` varchar(32) NOT NULL DEFAULT '',
  `codigo` varchar(32) DEFAULT '',
  `respuesta_cliente` text,
  `respuesta_bot` text NOT NULL,
  `respuestas_posibles` text NOT NULL,
  `nombre` varchar(128) DEFAULT '',
  `accion` varchar(32) DEFAULT '',
  `mensaje` text,
  `created` datetime NOT NULL,
  `modified` datetime NOT NULL,
  PRIMARY KEY (`id`)
) ENGINE=InnoDB AUTO_INCREMENT=63 DEFAULT CHARSET=utf8mb4;
/*!40101 SET character_set_client = @saved_cs_client */;

--
-- Dumping data for table `elibot_acciones`
--

LOCK TABLES `elibot_acciones` WRITE;
/*!40000 ALTER TABLE `elibot_acciones` DISABLE KEYS */;
INSERT INTO `elibot_acciones` (`id`, `codigo_anterior`, `codigo`, `respuesta_cliente`, `respuesta_bot`, `respuestas_posibles`, `nombre`, `accion`, `mensaje`, `created`, `modified`) VALUES (48,'','SALUDO','si','Ok, bien, por favor dime ¿cual es tu nombre?','','Prospeccion Web','',NULL,'0000-00-00 00:00:00','0000-00-00 00:00:00'),(49,'SALUDO','MKT','m1','Bien, te comento que tenemos planes de publicidad agresiva desde S/399 soles mensuales incluido IGV\r\n\r\n¿Te interesa saber más?\r\n','','Info Marketing','',NULL,'0000-00-00 00:00:00','0000-00-00 00:00:00'),(50,'SALUDO','WEB','m2','Tenemos planes de diseño web desde S/499 soles incluido IGV,\r\nresponde *ejemplos* para mostrarte nuestras paginas web','','Info DIseño Web','',NULL,'0000-00-00 00:00:00','0000-00-00 00:00:00'),(51,'WEB','','ejemplos','www.camdaydistribuciones.com\r\nwww.elecautt.com\r\nwww.inoxsur.com\r\n\r\n¿Te gustaria una cotizacion formal?','','Ejemplos de web','',NULL,'0000-00-00 00:00:00','0000-00-00 00:00:00'),(52,'MKT','MKT1','si','¿Cual es tu Nombre?','','Si quiere saber mas','',NULL,'0000-00-00 00:00:00','0000-00-00 00:00:00'),(53,'MKT','','no','Ok, está bien, recuerda que asdfasdf','','No le interesa','opcionesAnteriores',NULL,'0000-00-00 00:00:00','0000-00-00 00:00:00'),(54,'MKT1','MKT2','*','¿Cómo se llama tu empresa?','','Grabando Nombre','guardarNombre',NULL,'0000-00-00 00:00:00','0000-00-00 00:00:00'),(55,'MKT2','MKT3','*','¿Cual es tu correo?','','Guardando empresa','guardarEmpresa',NULL,'0000-00-00 00:00:00','0000-00-00 00:00:00'),(56,'MKT3','MKT4','*','Bien, gracias por la información, en seguida te envío una cotización formal','','Guardando Correo','guardarCorreo',NULL,'0000-00-00 00:00:00','0000-00-00 00:00:00'),(57,'SALUDO','JUEVESGRATIS','diseñogratis','Hola, \r\n\r\nGracias por participar de *Jueves de Diseño Gratis*, para participar por favor indícanos tu nombre','','Diseño Gratis Jueves','',NULL,'0000-00-00 00:00:00','0000-00-00 00:00:00'),(58,'JUEVESGRATIS','','no, no gracias','Ok, gracias','','Salida del concurso','comenzarNuevamente',NULL,'0000-00-00 00:00:00','0000-00-00 00:00:00'),(59,'SALUDO','T1','m3','Adquiere tu tienda virtual desde S/1899 incluido IGV, conoce más de nuestras tiendas virtuales haciendo clic aqui: www.brandeable.pe','','Info tienda virtual','',NULL,'0000-00-00 00:00:00','0000-00-00 00:00:00'),(60,'JUEVESGRATIS','JG1','*','Gracias, cuéntanos más sobre tu empresa o negocio y el diseño que deseas','','Guardar Nombre','guardarNombre',NULL,'0000-00-00 00:00:00','0000-00-00 00:00:00'),(61,'JG1','JDG3','*','Ok, estamos delegando tu requerimiento a nuestra área de diseño, nos comunicaremos contigo a través del 983481845, por favor, indícanos tu correo para enviarte el diseño en alta calidad.','','Guardar Requerimiento','guardarJDG',NULL,'0000-00-00 00:00:00','0000-00-00 00:00:00'),(62,'JDG3','JDG5','*','Ok, muchas gracias, que tengas un excelente día','','Guardar Correo JDG','guardarCorreo',NULL,'0000-00-00 00:00:00','0000-00-00 00:00:00');
/*!40000 ALTER TABLE `elibot_acciones` ENABLE KEYS */;
UNLOCK TABLES;

--
-- Table structure for table `elibot_cuentas`
--

DROP TABLE IF EXISTS `elibot_cuentas`;
/*!40101 SET @saved_cs_client     = @@character_set_client */;
/*!40101 SET character_set_client = utf8 */;
CREATE TABLE `elibot_cuentas` (
  `id` bigint(20) unsigned NOT NULL AUTO_INCREMENT,
  `whatsapp` varchar(64) DEFAULT '',
  `correo` varchar(32) DEFAULT '',
  `nombre` varchar(64) DEFAULT '',
  `empresa` varchar(64) DEFAULT '',
  `rubro` varchar(64) DEFAULT '',
  `servicio_interesado` varchar(64) DEFAULT '',
  `created` datetime NOT NULL,
  `modified` datetime NOT NULL,
  PRIMARY KEY (`id`)
) ENGINE=InnoDB DEFAULT CHARSET=utf8mb4;
/*!40101 SET character_set_client = @saved_cs_client */;

--
-- Dumping data for table `elibot_cuentas`
--

LOCK TABLES `elibot_cuentas` WRITE;
/*!40000 ALTER TABLE `elibot_cuentas` DISABLE KEYS */;
/*!40000 ALTER TABLE `elibot_cuentas` ENABLE KEYS */;
UNLOCK TABLES;

--
-- Table structure for table `elibot_keys`
--

DROP TABLE IF EXISTS `elibot_keys`;
/*!40101 SET @saved_cs_client     = @@character_set_client */;
/*!40101 SET character_set_client = utf8 */;
CREATE TABLE `elibot_keys` (
  `id` bigint(20) unsigned NOT NULL AUTO_INCREMENT,
  `palabra_clave` varchar(16) DEFAULT '',
  `created` datetime NOT NULL,
  `modified` datetime NOT NULL,
  PRIMARY KEY (`id`)
) ENGINE=InnoDB AUTO_INCREMENT=15 DEFAULT CHARSET=utf8mb4;
/*!40101 SET character_set_client = @saved_cs_client */;

--
-- Dumping data for table `elibot_keys`
--

LOCK TABLES `elibot_keys` WRITE;
/*!40000 ALTER TABLE `elibot_keys` DISABLE KEYS */;
INSERT INTO `elibot_keys` (`id`, `palabra_clave`, `created`, `modified`) VALUES (11,'m1','0000-00-00 00:00:00','0000-00-00 00:00:00'),(12,'m2','0000-00-00 00:00:00','0000-00-00 00:00:00'),(13,'m3','0000-00-00 00:00:00','0000-00-00 00:00:00'),(14,'*','0000-00-00 00:00:00','0000-00-00 00:00:00');
/*!40000 ALTER TABLE `elibot_keys` ENABLE KEYS */;
UNLOCK TABLES;

--
-- Table structure for table `elibot_mensajes`
--

DROP TABLE IF EXISTS `elibot_mensajes`;
/*!40101 SET @saved_cs_client     = @@character_set_client */;
/*!40101 SET character_set_client = utf8 */;
CREATE TABLE `elibot_mensajes` (
  `id` bigint(20) unsigned NOT NULL AUTO_INCREMENT,
  `elibot_cuenta_id` bigint(20) unsigned DEFAULT '0',
  `mensaje` varchar(128) DEFAULT '',
  `entidad` varchar(16) DEFAULT 'BOT',
  `codigo` varchar(32) DEFAULT '',
  `created` datetime NOT NULL,
  `modified` datetime NOT NULL,
  PRIMARY KEY (`id`)
) ENGINE=InnoDB DEFAULT CHARSET=utf8mb4;
/*!40101 SET character_set_client = @saved_cs_client */;

--
-- Dumping data for table `elibot_mensajes`
--

LOCK TABLES `elibot_mensajes` WRITE;
/*!40000 ALTER TABLE `elibot_mensajes` DISABLE KEYS */;
/*!40000 ALTER TABLE `elibot_mensajes` ENABLE KEYS */;
UNLOCK TABLES;

--
-- Table structure for table `eventos`
--

DROP TABLE IF EXISTS `eventos`;
/*!40101 SET @saved_cs_client     = @@character_set_client */;
/*!40101 SET character_set_client = utf8 */;
CREATE TABLE `eventos` (
  `id` bigint(20) unsigned NOT NULL AUTO_INCREMENT,
  `cuenta_id` bigint(20) unsigned DEFAULT '0',
  `proyecto_id` bigint(20) unsigned DEFAULT '0',
  `usuario_id` bigint(20) unsigned DEFAULT '0',
  `cotizacion_id` bigint(20) unsigned DEFAULT '0',
  `persona_id` bigint(20) unsigned NOT NULL DEFAULT '0',
  `proceso_venta_id` bigint(20) unsigned DEFAULT '0',
  `contenido` text,
  `proximo_evento` text,
  `fecha_realizado` datetime DEFAULT NULL,
  `fecha_proximo` datetime DEFAULT NULL,
  `estado` varchar(16) DEFAULT 'PENDINTE',
  `historial_fechas` text,
  `created` datetime NOT NULL,
  `modified` datetime NOT NULL,
  PRIMARY KEY (`id`)
) ENGINE=InnoDB DEFAULT CHARSET=latin1;
/*!40101 SET character_set_client = @saved_cs_client */;

--
-- Dumping data for table `eventos`
--

LOCK TABLES `eventos` WRITE;
/*!40000 ALTER TABLE `eventos` DISABLE KEYS */;
/*!40000 ALTER TABLE `eventos` ENABLE KEYS */;
UNLOCK TABLES;

--
-- Table structure for table `link_hits`
--

DROP TABLE IF EXISTS `link_hits`;
/*!40101 SET @saved_cs_client     = @@character_set_client */;
/*!40101 SET character_set_client = utf8 */;
CREATE TABLE `link_hits` (
  `id` bigint(20) unsigned NOT NULL AUTO_INCREMENT,
  `link_id` bigint(20) unsigned DEFAULT '0',
  `dispositivo` varchar(128) DEFAULT '',
  `user_agent` text,
  `ip_origen` varchar(39) DEFAULT '',
  `created` datetime NOT NULL,
  PRIMARY KEY (`id`)
) ENGINE=MyISAM AUTO_INCREMENT=1054 DEFAULT CHARSET=latin1;
/*!40101 SET character_set_client = @saved_cs_client */;

--
-- Dumping data for table `link_hits`
--

LOCK TABLES `link_hits` WRITE;
/*!40000 ALTER TABLE `link_hits` DISABLE KEYS */;
INSERT INTO `link_hits` (`id`, `link_id`, `dispositivo`, `user_agent`, `ip_origen`, `created`) VALUES (1,2,'PC','Mozilla/5.0 (Windows NT 10.0; Win64; x64) AppleWebKit/537.36 (KHTML, like Gecko) Chrome/75.0.3770.100 Safari/537.36','201.240.68.135','2019-06-21 14:30:38'),(2,2,'Celular','Mozilla/5.0 (Linux; Android 8.1.0; Redmi 6) AppleWebKit/537.36 (KHTML, like Gecko) Chrome/75.0.3770.101 Mobile Safari/537.36','66.249.88.127','2019-06-21 14:31:32'),(3,2,'Celular','Mozilla/5.0 (Linux; Android 8.1.0; Redmi 6) AppleWebKit/537.36 (KHTML, like Gecko) Chrome/75.0.3770.101 Mobile Safari/537.36','66.249.88.127','2019-06-21 14:31:42'),(4,2,'Tablet','Mozilla/5.0 (iPad; CPU OS 5_1 like Mac OS X) AppleWebKit/534.46 (KHTML, like Gecko ) Version/5.1 Mobile/9B176 Safari/7534.48.3','201.240.68.135','2019-06-21 14:33:17'),(5,2,'Celular Android','Mozilla/5.0 (Linux; Android 8.1.0; Redmi 6) AppleWebKit/537.36 (KHTML, like Gecko) Chrome/75.0.3770.101 Mobile Safari/537.36','66.249.88.125','2019-06-21 14:36:09'),(6,2,'Tablet iOS','Mozilla/5.0 (iPad; CPU OS 5_1 like Mac OS X) AppleWebKit/534.46 (KHTML, like Gecko ) Version/5.1 Mobile/9B176 Safari/7534.48.3','201.240.68.135','2019-06-21 14:36:45'),(7,2,'Tablet iOS','Mozilla/5.0 (iPad; CPU OS 5_1 like Mac OS X) AppleWebKit/534.46 (KHTML, like Gecko ) Version/5.1 Mobile/9B176 Safari/7534.48.3','201.240.68.135','2019-06-21 14:39:00'),(8,2,'PC','Mozilla/5.0 (X11; Linux x86_64) AppleWebKit/535.19 (KHTML, like Gecko) Chrome/18.0.1025.45 Safari/535.19','201.240.68.135','2019-06-21 14:39:24'),(9,2,'PC','Mozilla/5.0 (X11; Linux x86_64) AppleWebKit/535.19 (KHTML, like Gecko) Chrome/18.0.1025.45 Safari/535.19','201.240.68.135','2019-06-21 14:39:28'),(10,2,'PC','Mozilla/5.0 (X11; Linux x86_64) AppleWebKit/535.19 (KHTML, like Gecko) Chrome/18.0.1025.45 Safari/535.19','201.240.68.135','2019-06-21 14:39:30'),(11,2,'PC','Mozilla/5.0 (Windows NT 10.0; Win64; x64) AppleWebKit/537.36 (KHTML, like Gecko) Chrome/75.0.3770.100 Safari/537.36','201.240.68.135','2019-06-21 14:43:18'),(12,2,'Celular','Mozilla/5.0 (iPhone; CPU iPhone OS 12_2 like Mac OS X) AppleWebKit/605.1.15 (KHTML, like Gecko) Version/12.1 Mobile/15E148 Safari/604.1','201.240.68.135','2019-06-21 14:48:43'),(13,2,'PC','WhatsApp/2.19.53 A','190.239.92.35','2019-06-21 16:20:25'),(14,2,'PC','WhatsApp/2.19.53 A','190.239.92.35','2019-06-21 16:20:26'),(15,2,'PC','Mozilla/5.0 (Windows NT 6.3; Win64; x64) AppleWebKit/537.36 (KHTML, like Gecko) Chrome/68.0.3440.106 Safari/537.36','201.240.68.51','2019-06-21 16:20:31'),(16,2,'Celular Android','Mozilla/5.0 (Linux; Android 9; MAR-LX3A) AppleWebKit/537.36 (KHTML, like Gecko) Chrome/74.0.3729.157 Mobile Safari/537.36','66.249.88.127','2019-06-21 16:23:01'),(37,14,'PC','facebookexternalhit/1.1 (+http://www.facebook.com/externalhit_uatext.php)','173.252.127.33','2019-06-21 17:05:23'),(35,13,'PC','facebookexternalhit/1.1 (+http://www.facebook.com/externalhit_uatext.php)','69.171.251.25','2019-06-21 17:03:55'),(36,13,'PC','Mozilla/5.0 (Windows NT 10.0; Win64; x64) AppleWebKit/537.36 (KHTML, like Gecko) Chrome/75.0.3770.100 Safari/537.36','201.240.68.135','2019-06-21 17:03:56'),(20,3,'PC','facebookexternalhit/1.1 (+http://www.facebook.com/externalhit_uatext.php)','173.252.83.3','2019-06-21 16:38:06'),(21,3,'PC','Mozilla/5.0 (Windows NT 10.0; Win64; x64) AppleWebKit/537.36 (KHTML, like Gecko) Chrome/75.0.3770.100 Safari/537.36','201.240.68.135','2019-06-21 16:38:10'),(22,3,'PC','facebookexternalhit/1.1 (+http://www.facebook.com/externalhit_uatext.php)','173.252.83.5','2019-06-21 16:38:11'),(23,3,'PC','facebookexternalhit/1.1 (+http://www.facebook.com/externalhit_uatext.php)','173.252.83.7','2019-06-21 16:38:22'),(24,3,'PC','facebookexternalhit/1.1 (+http://www.facebook.com/externalhit_uatext.php)','173.252.83.5','2019-06-21 16:40:19'),(25,2,'PC','facebookexternalhit/1.1 (+http://www.facebook.com/externalhit_uatext.php)','173.252.83.14','2019-06-21 16:41:56'),(26,2,'PC','facebookexternalhit/1.1 (+http://www.facebook.com/externalhit_uatext.php)','173.252.127.14','2019-06-21 16:41:56'),(27,5,'PC','facebookexternalhit/1.1 (+http://www.facebook.com/externalhit_uatext.php)','66.220.149.35','2019-06-21 16:48:53'),(28,5,'PC','facebookexternalhit/1.1 (+http://www.facebook.com/externalhit_uatext.php)','173.252.95.30','2019-06-21 16:50:32'),(29,9,'PC','Mozilla/5.0 (Windows NT 10.0; Win64; x64) AppleWebKit/537.36 (KHTML, like Gecko) Chrome/75.0.3770.100 Safari/537.36','201.240.68.135','2019-06-21 16:59:04'),(30,6,'PC','Mozilla/5.0 (Windows NT 10.0; Win64; x64) AppleWebKit/537.36 (KHTML, like Gecko) Chrome/75.0.3770.100 Safari/537.36','201.240.68.135','2019-06-21 16:59:14'),(31,9,'PC','Mozilla/5.0 (Windows NT 10.0; Win64; x64) AppleWebKit/537.36 (KHTML, like Gecko) Chrome/75.0.3770.100 Safari/537.36','201.240.68.135','2019-06-21 16:59:22'),(32,11,'PC','facebookexternalhit/1.1 (+http://www.facebook.com/externalhit_uatext.php)','173.252.87.5','2019-06-21 17:01:36'),(33,11,'PC','Mozilla/5.0 (Windows NT 10.0; Win64; x64) AppleWebKit/537.36 (KHTML, like Gecko) Chrome/75.0.3770.100 Safari/537.36','201.240.68.135','2019-06-21 17:01:37'),(34,12,'PC','facebookexternalhit/1.1 (+http://www.facebook.com/externalhit_uatext.php)','66.220.149.11','2019-06-21 17:02:38'),(38,14,'PC','Mozilla/5.0 (Windows NT 10.0; Win64; x64) AppleWebKit/537.36 (KHTML, like Gecko) Chrome/75.0.3770.100 Safari/537.36','201.240.68.135','2019-06-21 17:05:24'),(39,3,'PC','facebookexternalhit/1.1 (+http://www.facebook.com/externalhit_uatext.php)','173.252.95.14','2019-06-21 17:06:05'),(40,15,'PC','facebookexternalhit/1.1 (+http://www.facebook.com/externalhit_uatext.php)','69.171.251.30','2019-06-21 17:10:02'),(41,15,'PC','Mozilla/5.0 (Windows NT 10.0; Win64; x64) AppleWebKit/537.36 (KHTML, like Gecko) Chrome/75.0.3770.100 Safari/537.36','201.240.68.135','2019-06-21 17:10:05'),(42,16,'PC','facebookexternalhit/1.1 (+http://www.facebook.com/externalhit_uatext.php)','173.252.79.1','2019-06-21 17:10:54'),(43,17,'PC','facebookexternalhit/1.1 (+http://www.facebook.com/externalhit_uatext.php)','66.220.149.8','2019-06-21 17:11:35'),(44,16,'PC','Mozilla/5.0 (Windows NT 10.0; Win64; x64) AppleWebKit/537.36 (KHTML, like Gecko) Chrome/75.0.3770.100 Safari/537.36','201.240.68.135','2019-06-21 17:11:39'),(45,18,'PC','facebookexternalhit/1.1 (+http://www.facebook.com/externalhit_uatext.php)','69.171.251.33','2019-06-21 17:13:48'),(46,19,'PC','facebookexternalhit/1.1 (+http://www.facebook.com/externalhit_uatext.php)','69.171.251.12','2019-06-21 17:15:04'),(47,20,'PC','facebookexternalhit/1.1 (+http://www.facebook.com/externalhit_uatext.php)','66.220.149.17','2019-06-21 17:20:15'),(48,20,'PC','Mozilla/5.0 (Windows NT 10.0; Win64; x64) AppleWebKit/537.36 (KHTML, like Gecko) Chrome/75.0.3770.100 Safari/537.36','201.240.68.135','2019-06-21 17:20:16'),(49,21,'PC','facebookexternalhit/1.1 (+http://www.facebook.com/externalhit_uatext.php)','173.252.95.25','2019-06-21 17:21:01'),(50,21,'PC','facebookexternalhit/1.1 (+http://www.facebook.com/externalhit_uatext.php)','173.252.127.41','2019-06-21 17:21:02'),(51,21,'PC','Mozilla/5.0 (Windows NT 10.0; Win64; x64) AppleWebKit/537.36 (KHTML, like Gecko) Chrome/75.0.3770.100 Safari/537.36','201.240.68.135','2019-06-21 17:21:08'),(52,22,'PC','facebookexternalhit/1.1 (+http://www.facebook.com/externalhit_uatext.php)','173.252.127.15','2019-06-21 17:22:22'),(53,23,'PC','facebookexternalhit/1.1 (+http://www.facebook.com/externalhit_uatext.php)','66.220.149.6','2019-06-21 17:23:19'),(54,23,'PC','Mozilla/5.0 (Windows NT 10.0; Win64; x64) AppleWebKit/537.36 (KHTML, like Gecko) Chrome/75.0.3770.100 Safari/537.36','201.240.68.135','2019-06-21 17:23:43'),(55,24,'PC','facebookexternalhit/1.1 (+http://www.facebook.com/externalhit_uatext.php)','173.252.95.24','2019-06-21 17:24:22'),(56,24,'PC','facebookexternalhit/1.1 (+http://www.facebook.com/externalhit_uatext.php)','66.220.149.12','2019-06-21 17:24:22'),(57,26,'PC','facebookexternalhit/1.1 (+http://www.facebook.com/externalhit_uatext.php)','66.220.149.35','2019-06-21 17:26:11'),(58,24,'PC','Mozilla/5.0 (Windows NT 10.0; Win64; x64) AppleWebKit/537.36 (KHTML, like Gecko) Chrome/75.0.3770.100 Safari/537.36','201.240.68.135','2019-06-21 17:26:29'),(59,25,'PC','facebookexternalhit/1.1 (+http://www.facebook.com/externalhit_uatext.php)','69.171.251.29','2019-06-21 17:26:41'),(60,25,'PC','Mozilla/5.0 (Windows NT 10.0; Win64; x64) AppleWebKit/537.36 (KHTML, like Gecko) Chrome/75.0.3770.100 Safari/537.36','201.240.68.135','2019-06-21 17:26:43'),(61,27,'PC','facebookexternalhit/1.1 (+http://www.facebook.com/externalhit_uatext.php)','173.252.95.14','2019-06-21 17:30:40'),(62,28,'PC','facebookexternalhit/1.1 (+http://www.facebook.com/externalhit_uatext.php)','173.252.87.6','2019-06-21 17:31:41'),(63,29,'PC','facebookexternalhit/1.1 (+http://www.facebook.com/externalhit_uatext.php)','66.220.149.43','2019-06-21 17:36:11'),(64,29,'PC','Mozilla/5.0 (Windows NT 10.0; Win64; x64) AppleWebKit/537.36 (KHTML, like Gecko) Chrome/75.0.3770.100 Safari/537.36','201.240.68.135','2019-06-21 17:36:21'),(65,30,'PC','facebookexternalhit/1.1 (+http://www.facebook.com/externalhit_uatext.php)','66.220.149.30','2019-06-21 17:37:45'),(66,32,'PC','facebookexternalhit/1.1 (+http://www.facebook.com/externalhit_uatext.php)','69.171.251.10','2019-06-21 17:38:27'),(67,32,'PC','Mozilla/5.0 (Windows NT 10.0; Win64; x64) AppleWebKit/537.36 (KHTML, like Gecko) Chrome/75.0.3770.100 Safari/537.36','201.240.68.135','2019-06-21 17:39:05'),(68,33,'PC','facebookexternalhit/1.1 (+http://www.facebook.com/externalhit_uatext.php)','173.252.127.42','2019-06-21 17:40:21'),(69,34,'PC','facebookexternalhit/1.1 (+http://www.facebook.com/externalhit_uatext.php)','69.171.251.5','2019-06-21 17:41:07'),(70,35,'PC','facebookexternalhit/1.1 (+http://www.facebook.com/externalhit_uatext.php)','66.220.149.14','2019-06-21 17:42:00'),(71,36,'PC','facebookexternalhit/1.1 (+http://www.facebook.com/externalhit_uatext.php)','173.252.127.20','2019-06-21 17:42:48'),(72,37,'PC','facebookexternalhit/1.1 (+http://www.facebook.com/externalhit_uatext.php)','173.252.79.7','2019-06-21 17:43:29'),(73,38,'PC','facebookexternalhit/1.1 (+http://www.facebook.com/externalhit_uatext.php)','173.252.95.30','2019-06-21 17:44:29'),(74,38,'PC','Mozilla/5.0 (Windows NT 10.0; Win64; x64) AppleWebKit/537.36 (KHTML, like Gecko) Chrome/75.0.3770.100 Safari/537.36','201.240.68.135','2019-06-21 17:44:32'),(75,39,'PC','facebookexternalhit/1.1 (+http://www.facebook.com/externalhit_uatext.php)','173.252.127.40','2019-06-21 17:45:13'),(76,39,'PC','Mozilla/5.0 (Windows NT 10.0; Win64; x64) AppleWebKit/537.36 (KHTML, like Gecko) Chrome/75.0.3770.100 Safari/537.36','201.240.68.135','2019-06-21 17:45:13'),(77,39,'PC','facebookexternalhit/1.1 (+http://www.facebook.com/externalhit_uatext.php)','173.252.95.35','2019-06-21 17:45:14'),(78,39,'PC','facebookexternalhit/1.1 (+http://www.facebook.com/externalhit_uatext.php)','173.252.95.39','2019-06-21 17:45:15'),(79,39,'PC','Mozilla/5.0 (Windows NT 10.0; Win64; x64) AppleWebKit/537.36 (KHTML, like Gecko) Chrome/75.0.3770.100 Safari/537.36','201.240.68.135','2019-06-21 17:45:22'),(80,39,'PC','Mozilla/5.0 (Windows NT 10.0; Win64; x64) AppleWebKit/537.36 (KHTML, like Gecko) Chrome/75.0.3770.100 Safari/537.36','201.240.68.135','2019-06-21 17:45:54'),(81,40,'PC','facebookexternalhit/1.1 (+http://www.facebook.com/externalhit_uatext.php)','173.252.87.2','2019-06-21 17:46:37'),(82,5,'PC','facebookexternalhit/1.1 (+http://www.facebook.com/externalhit_uatext.php)','173.252.95.45','2019-06-21 17:49:16'),(83,2,'PC','facebookexternalhit/1.1 (+http://www.facebook.com/externalhit_uatext.php)','173.252.95.26','2019-06-21 18:17:50'),(84,2,'PC','facebookexternalhit/1.1 (+http://www.facebook.com/externalhit_uatext.php)','173.252.95.27','2019-06-21 18:18:40'),(85,5,'PC','facebookexternalhit/1.1 (+http://www.facebook.com/externalhit_uatext.php)','69.171.251.27','2019-06-21 18:22:27'),(86,6,'PC','facebookexternalhit/1.1 (+http://www.facebook.com/externalhit_uatext.php)','173.252.95.43','2019-06-21 20:18:15'),(87,5,'PC','facebookexternalhit/1.1 (+http://www.facebook.com/externalhit_uatext.php)','31.13.127.28','2019-06-21 20:33:35'),(88,2,'PC','facebookexternalhit/1.1 (+http://www.facebook.com/externalhit_uatext.php)','31.13.127.23','2019-06-21 23:13:15'),(89,3,'PC','facebookexternalhit/1.1 (+http://www.facebook.com/externalhit_uatext.php)','173.252.127.16','2019-06-22 06:07:59'),(90,3,'PC','facebookexternalhit/1.1 (+http://www.facebook.com/externalhit_uatext.php)','173.252.127.27','2019-06-22 06:08:04'),(91,6,'PC','facebookexternalhit/1.1 (+http://www.facebook.com/externalhit_uatext.php)','173.252.95.18','2019-06-22 06:20:32'),(92,6,'PC','facebookexternalhit/1.1 (+http://www.facebook.com/externalhit_uatext.php)','173.252.95.34','2019-06-22 06:21:44'),(93,6,'PC','facebookexternalhit/1.1 (+http://www.facebook.com/externalhit_uatext.php)','173.252.95.25','2019-06-22 06:22:50'),(94,6,'PC','facebookexternalhit/1.1 (+http://www.facebook.com/externalhit_uatext.php)','173.252.95.36','2019-06-22 06:23:07'),(95,6,'PC','facebookexternalhit/1.1 (+http://www.facebook.com/externalhit_uatext.php)','173.252.95.32','2019-06-22 06:23:09'),(96,5,'PC','facebookexternalhit/1.1 (+http://www.facebook.com/externalhit_uatext.php)','173.252.95.17','2019-06-22 06:24:08'),(97,2,'PC','facebookexternalhit/1.1 (+http://www.facebook.com/externalhit_uatext.php)','173.252.127.11','2019-06-22 06:28:54'),(98,5,'PC','facebookexternalhit/1.1 (+http://www.facebook.com/externalhit_uatext.php)','173.252.127.22','2019-06-22 06:58:15'),(99,2,'PC','facebookexternalhit/1.1 (+http://www.facebook.com/externalhit_uatext.php)','173.252.127.2','2019-06-22 07:16:59'),(100,3,'PC','facebookexternalhit/1.1 (+http://www.facebook.com/externalhit_uatext.php)','173.252.95.5','2019-06-22 09:13:35'),(101,5,'PC','facebookexternalhit/1.1 (+http://www.facebook.com/externalhit_uatext.php)','173.252.95.9','2019-06-22 09:14:23'),(102,3,'PC','facebookexternalhit/1.1 (+http://www.facebook.com/externalhit_uatext.php)','173.252.95.12','2019-06-22 09:18:50'),(103,3,'PC','facebookexternalhit/1.1 (+http://www.facebook.com/externalhit_uatext.php)','173.252.95.11','2019-06-22 09:19:06'),(104,5,'PC','facebookexternalhit/1.1 (+http://www.facebook.com/externalhit_uatext.php)','173.252.95.5','2019-06-22 10:04:37'),(105,5,'PC','facebookexternalhit/1.1 (+http://www.facebook.com/externalhit_uatext.php)','69.171.251.1','2019-06-22 10:28:31'),(106,5,'PC','facebookexternalhit/1.1 (+http://www.facebook.com/externalhit_uatext.php)','173.252.95.9','2019-06-22 10:45:27'),(107,5,'PC','facebookexternalhit/1.1 (+http://www.facebook.com/externalhit_uatext.php)','173.252.95.1','2019-06-22 10:51:13'),(108,3,'PC','facebookexternalhit/1.1 (+http://www.facebook.com/externalhit_uatext.php)','173.252.95.39','2019-06-22 11:02:18'),(109,5,'PC','facebookexternalhit/1.1 (+http://www.facebook.com/externalhit_uatext.php)','173.252.95.8','2019-06-22 11:03:13'),(110,5,'PC','facebookexternalhit/1.1 (+http://www.facebook.com/externalhit_uatext.php)','173.252.95.42','2019-06-22 11:04:21'),(111,5,'PC','facebookexternalhit/1.1 (+http://www.facebook.com/externalhit_uatext.php)','173.252.95.16','2019-06-22 11:04:28'),(112,5,'PC','facebookexternalhit/1.1 (+http://www.facebook.com/externalhit_uatext.php)','173.252.95.27','2019-06-22 11:04:54'),(113,5,'PC','facebookexternalhit/1.1 (+http://www.facebook.com/externalhit_uatext.php)','173.252.95.8','2019-06-22 11:04:57'),(114,5,'Celular iOS','Mozilla/5.0 (iPhone; CPU iPhone OS 12_3_1 like Mac OS X) AppleWebKit/605.1.15 (KHTML, like Gecko) Version/12.1.1 Mobile/15E148 Safari/604.1','69.171.251.34','2019-06-22 11:05:08'),(115,5,'PC','Mozilla/5.0 (Windows NT 10.0; Win64; x64) AppleWebKit/537.36 (KHTML, like Gecko) Chrome/74.0.3729.169 Safari/537.36','31.13.127.34','2019-06-22 11:05:08'),(116,5,'PC','Mozilla/5.0 (Windows NT 10.0; Win64; x64) AppleWebKit/537.36 (KHTML, like Gecko) Chrome/64.0.3282.140 Safari/537.36 Edge/18.17763','31.13.115.8','2019-06-22 11:05:08'),(117,5,'Celular Android','Mozilla/5.0 (Linux; Android 6.0.1; Nexus 6P Build/MMB29P) AppleWebKit/537.36 (KHTML, like Gecko) Chrome/47.0.2526.83 Mobile Safari/537.36','31.13.127.15','2019-06-22 11:05:34'),(118,5,'Celular Android','Mozilla/5.0 (Linux; Android 6.0.1; Nexus 6P Build/MMB29P) AppleWebKit/537.36 (KHTML, like Gecko) Chrome/47.0.2526.83 Mobile Safari/537.36','69.171.251.30','2019-06-22 11:05:35'),(119,5,'Celular iOS','Mozilla/5.0 (iPhone; CPU iPhone OS 12_3_1 like Mac OS X) AppleWebKit/605.1.15 (KHTML, like Gecko) Version/12.1.1 Mobile/15E148 Safari/604.1','66.220.149.21','2019-06-22 11:05:58'),(120,5,'Celular Android','Mozilla/5.0 (Linux; Android 9; SM-N960U) AppleWebKit/537.36 (KHTML, like Gecko) Chrome/75.0.3770.101 Mobile Safari/537.36','173.252.87.5','2019-06-22 11:06:48'),(121,5,'Celular Android','Mozilla/5.0 (Linux; Android 6.0.1; Nexus 6P Build/MMB29P) AppleWebKit/537.36 (KHTML, like Gecko) Chrome/47.0.2526.83 Mobile Safari/537.36','173.252.127.32','2019-06-22 11:07:16'),(122,5,'PC','facebookexternalhit/1.1 (+http://www.facebook.com/externalhit_uatext.php)','173.252.95.27','2019-06-22 11:07:23'),(123,5,'PC','facebookexternalhit/1.1 (+http://www.facebook.com/externalhit_uatext.php)','173.252.95.23','2019-06-22 11:07:25'),(124,6,'PC','facebookexternalhit/1.1 (+http://www.facebook.com/externalhit_uatext.php)','173.252.95.37','2019-06-22 11:46:04'),(125,6,'PC','facebookexternalhit/1.1 (+http://www.facebook.com/externalhit_uatext.php)','173.252.95.16','2019-06-22 11:49:52'),(126,6,'PC','facebookexternalhit/1.1 (+http://www.facebook.com/externalhit_uatext.php)','173.252.95.26','2019-06-22 12:00:13'),(127,6,'PC','facebookexternalhit/1.1 (+http://www.facebook.com/externalhit_uatext.php)','173.252.95.22','2019-06-22 12:01:42'),(128,6,'PC','facebookexternalhit/1.1 (+http://www.facebook.com/externalhit_uatext.php)','173.252.95.22','2019-06-22 12:01:42'),(129,6,'PC','facebookexternalhit/1.1 (+http://www.facebook.com/externalhit_uatext.php)','173.252.95.20','2019-06-22 12:19:13'),(130,6,'PC','facebookexternalhit/1.1 (+http://www.facebook.com/externalhit_uatext.php)','173.252.95.11','2019-06-22 12:19:14'),(131,6,'PC','facebookexternalhit/1.1 (+http://www.facebook.com/externalhit_uatext.php)','173.252.95.25','2019-06-22 12:21:10'),(132,6,'PC','facebookexternalhit/1.1 (+http://www.facebook.com/externalhit_uatext.php)','173.252.95.2','2019-06-22 12:23:57'),(133,6,'PC','facebookexternalhit/1.1 (+http://www.facebook.com/externalhit_uatext.php)','173.252.95.46','2019-06-22 12:24:00'),(134,6,'PC','facebookexternalhit/1.1 (+http://www.facebook.com/externalhit_uatext.php)','173.252.95.10','2019-06-22 12:27:04'),(135,6,'PC','facebookexternalhit/1.1 (+http://www.facebook.com/externalhit_uatext.php)','173.252.95.16','2019-06-22 12:29:24'),(136,5,'PC','facebookexternalhit/1.1 (+http://www.facebook.com/externalhit_uatext.php)','173.252.95.35','2019-06-22 12:31:36'),(137,5,'PC','facebookexternalhit/1.1 (+http://www.facebook.com/externalhit_uatext.php)','173.252.95.9','2019-06-22 12:31:47'),(138,5,'PC','facebookexternalhit/1.1 (+http://www.facebook.com/externalhit_uatext.php)','173.252.95.47','2019-06-22 12:32:38'),(139,6,'PC','facebookexternalhit/1.1 (+http://www.facebook.com/externalhit_uatext.php)','173.252.95.35','2019-06-22 12:33:54'),(140,5,'PC','facebookexternalhit/1.1 (+http://www.facebook.com/externalhit_uatext.php)','173.252.95.21','2019-06-22 12:37:00'),(141,5,'PC','facebookexternalhit/1.1 (+http://www.facebook.com/externalhit_uatext.php)','173.252.95.37','2019-06-22 12:37:13'),(142,5,'PC','facebookexternalhit/1.1 (+http://www.facebook.com/externalhit_uatext.php)','173.252.95.30','2019-06-22 12:37:33'),(143,5,'PC','facebookexternalhit/1.1 (+http://www.facebook.com/externalhit_uatext.php)','173.252.95.6','2019-06-22 12:37:47'),(144,5,'PC','facebookexternalhit/1.1 (+http://www.facebook.com/externalhit_uatext.php)','173.252.95.47','2019-06-22 12:37:59'),(145,5,'PC','facebookexternalhit/1.1 (+http://www.facebook.com/externalhit_uatext.php)','173.252.95.16','2019-06-22 12:38:17'),(146,5,'Celular Android','Mozilla/5.0 (Linux; Android 8.0.0; ANE-LX3 Build/HUAWEIANE-LX3; wv) AppleWebKit/537.36 (KHTML, like Gecko) Version/4.0 Chrome/75.0.3770.101 Mobile Safari/537.36 [FB_IAB/FB4A;FBAV/226.0.0.49.120;]','190.113.215.43','2019-06-22 12:38:19'),(147,5,'PC','facebookexternalhit/1.1 (+http://www.facebook.com/externalhit_uatext.php)','173.252.95.21','2019-06-22 12:38:29'),(148,5,'PC','facebookexternalhit/1.1 (+http://www.facebook.com/externalhit_uatext.php)','173.252.95.35','2019-06-22 12:38:44'),(149,5,'PC','facebookexternalhit/1.1 (+http://www.facebook.com/externalhit_uatext.php)','173.252.95.28','2019-06-22 12:38:59'),(150,5,'PC','facebookexternalhit/1.1 (+http://www.facebook.com/externalhit_uatext.php)','173.252.83.15','2019-06-22 12:39:00'),(151,6,'PC','facebookexternalhit/1.1 (+http://www.facebook.com/externalhit_uatext.php)','173.252.95.25','2019-06-22 12:53:40'),(152,6,'PC','facebookexternalhit/1.1 (+http://www.facebook.com/externalhit_uatext.php)','173.252.95.40','2019-06-22 12:53:52'),(153,6,'PC','facebookexternalhit/1.1 (+http://www.facebook.com/externalhit_uatext.php)','173.252.95.23','2019-06-22 12:54:44'),(154,6,'PC','facebookexternalhit/1.1 (+http://www.facebook.com/externalhit_uatext.php)','173.252.95.4','2019-06-22 12:56:16'),(155,6,'PC','facebookexternalhit/1.1 (+http://www.facebook.com/externalhit_uatext.php)','173.252.95.25','2019-06-22 12:56:29'),(156,6,'PC','facebookexternalhit/1.1 (+http://www.facebook.com/externalhit_uatext.php)','173.252.95.1','2019-06-22 12:56:42'),(157,6,'PC','facebookexternalhit/1.1 (+http://www.facebook.com/externalhit_uatext.php)','173.252.95.30','2019-06-22 12:56:55'),(158,6,'PC','facebookexternalhit/1.1 (+http://www.facebook.com/externalhit_uatext.php)','173.252.95.37','2019-06-22 12:57:11'),(159,6,'PC','facebookexternalhit/1.1 (+http://www.facebook.com/externalhit_uatext.php)','173.252.95.16','2019-06-22 12:57:27'),(160,6,'PC','facebookexternalhit/1.1 (+http://www.facebook.com/externalhit_uatext.php)','173.252.95.11','2019-06-22 12:57:40'),(161,6,'PC','facebookexternalhit/1.1 (+http://www.facebook.com/externalhit_uatext.php)','173.252.95.13','2019-06-22 12:57:57'),(162,6,'PC','facebookexternalhit/1.1 (+http://www.facebook.com/externalhit_uatext.php)','173.252.95.18','2019-06-22 12:58:14'),(163,6,'PC','facebookexternalhit/1.1 (+http://www.facebook.com/externalhit_uatext.php)','173.252.95.32','2019-06-22 12:58:34'),(164,6,'PC','facebookexternalhit/1.1 (+http://www.facebook.com/externalhit_uatext.php)','173.252.95.36','2019-06-22 12:58:48'),(165,5,'PC','facebookexternalhit/1.1 (+http://www.facebook.com/externalhit_uatext.php)','173.252.87.35','2019-06-22 13:02:09'),(166,6,'PC','facebookexternalhit/1.1 (+http://www.facebook.com/externalhit_uatext.php)','173.252.95.17','2019-06-22 13:03:33'),(167,6,'PC','facebookexternalhit/1.1 (+http://www.facebook.com/externalhit_uatext.php)','173.252.95.27','2019-06-22 13:12:09'),(168,6,'PC','facebookexternalhit/1.1 (+http://www.facebook.com/externalhit_uatext.php)','173.252.95.3','2019-06-22 13:12:17'),(169,6,'PC','facebookexternalhit/1.1 (+http://www.facebook.com/externalhit_uatext.php)','173.252.95.39','2019-06-22 13:12:19'),(170,6,'PC','facebookexternalhit/1.1 (+http://www.facebook.com/externalhit_uatext.php)','173.252.95.23','2019-06-22 13:12:24'),(171,6,'PC','facebookexternalhit/1.1 (+http://www.facebook.com/externalhit_uatext.php)','173.252.95.17','2019-06-22 13:12:25'),(172,6,'PC','facebookexternalhit/1.1 (+http://www.facebook.com/externalhit_uatext.php)','173.252.95.7','2019-06-22 13:12:28'),(173,6,'PC','facebookexternalhit/1.1 (+http://www.facebook.com/externalhit_uatext.php)','173.252.95.18','2019-06-22 13:12:29'),(174,6,'PC','facebookexternalhit/1.1 (+http://www.facebook.com/externalhit_uatext.php)','173.252.95.16','2019-06-22 13:12:35'),(175,42,'PC','facebookexternalhit/1.1 (+http://www.facebook.com/externalhit_uatext.php)','173.252.95.35','2019-06-22 13:40:09'),(176,41,'PC','facebookexternalhit/1.1 (+http://www.facebook.com/externalhit_uatext.php)','173.252.95.43','2019-06-22 13:40:10'),(177,41,'PC','facebookexternalhit/1.1 (+http://www.facebook.com/externalhit_uatext.php)','173.252.95.43','2019-06-22 13:40:10'),(178,42,'PC','facebookexternalhit/1.1 (+http://www.facebook.com/externalhit_uatext.php)','173.252.95.7','2019-06-22 13:40:10'),(179,42,'PC','facebookexternalhit/1.1 (+http://www.facebook.com/externalhit_uatext.php)','173.252.95.28','2019-06-22 13:40:40'),(180,41,'PC','facebookexternalhit/1.1 (+http://www.facebook.com/externalhit_uatext.php)','173.252.95.38','2019-06-22 13:40:41'),(181,41,'PC','facebookexternalhit/1.1 (+http://www.facebook.com/externalhit_uatext.php)','173.252.95.2','2019-06-22 13:40:44'),(182,42,'PC','Mozilla/5.0 (Windows NT 6.1; Win64; x64) AppleWebKit/537.36 (KHTML, like Gecko) Chrome/40.0.2214.85 Safari/537.36','173.252.95.23','2019-06-22 13:40:56'),(183,42,'PC','Mozilla/5.0 (Windows NT 10.0; Win64; x64) AppleWebKit/537.36 (KHTML, like Gecko) Chrome/64.0.3282.140 Safari/537.36 Edge/17.17134','66.220.149.28','2019-06-22 13:40:56'),(184,41,'Celular iOS','Mozilla/5.0 (iPhone; CPU iPhone OS 12_3_1 like Mac OS X) AppleWebKit/605.1.15 (KHTML, like Gecko) Version/12.1.1 Mobile/15E148 Safari/604.1','173.252.95.9','2019-06-22 13:40:56'),(185,41,'PC','Mozilla/5.0 (Windows NT 10.0; Win64; x64) AppleWebKit/537.36 (KHTML, like Gecko) Chrome/64.0.3282.140 Safari/537.36 Edge/17.17134','173.252.87.39','2019-06-22 13:40:56'),(186,42,'Celular iOS','Mozilla/5.0 (iPhone; CPU iPhone OS 12_1_4 like Mac OS X) AppleWebKit/605.1.15 (KHTML, like Gecko) Version/12.0 Mobile/15E148 Safari/604.1','66.220.149.12','2019-06-22 13:40:56'),(187,41,'PC','Mozilla/5.0 (Windows NT 10.0; Win64; x64) AppleWebKit/537.36 (KHTML, like Gecko) Chrome/75.0.3770.100 Safari/537.36','69.171.251.32','2019-06-22 13:40:56'),(188,42,'Celular Android','Mozilla/5.0 (Linux; Android 6.0.1; Nexus 6P Build/MMB29P) AppleWebKit/537.36 (KHTML, like Gecko) Chrome/47.0.2526.83 Mobile Safari/537.36','173.252.87.5','2019-06-22 13:41:21'),(189,41,'Celular Android','Mozilla/5.0 (Linux; Android 6.0.1; Nexus 6P Build/MMB29P) AppleWebKit/537.36 (KHTML, like Gecko) Chrome/47.0.2526.83 Mobile Safari/537.36','173.252.87.14','2019-06-22 13:41:22'),(190,42,'Celular Android','Mozilla/5.0 (Linux; Android 6.0.1; Nexus 6P Build/MMB29P) AppleWebKit/537.36 (KHTML, like Gecko) Chrome/47.0.2526.83 Mobile Safari/537.36','173.252.83.11','2019-06-22 13:41:22'),(191,41,'Celular Android','Mozilla/5.0 (Linux; Android 6.0.1; Nexus 6P Build/MMB29P) AppleWebKit/537.36 (KHTML, like Gecko) Chrome/47.0.2526.83 Mobile Safari/537.36','173.252.95.21','2019-06-22 13:41:22'),(192,41,'Celular Android','Mozilla/5.0 (Linux; Android 6.0.1; Nexus 6P Build/MMB29P) AppleWebKit/537.36 (KHTML, like Gecko) Chrome/47.0.2526.83 Mobile Safari/537.36','173.252.95.5','2019-06-22 13:41:23'),(193,42,'Celular Android','Mozilla/5.0 (Linux; Android 6.0.1; Nexus 6P Build/MMB29P) AppleWebKit/537.36 (KHTML, like Gecko) Chrome/47.0.2526.83 Mobile Safari/537.36','173.252.87.4','2019-06-22 13:41:23'),(194,42,'PC','facebookexternalhit/1.1 (+http://www.facebook.com/externalhit_uatext.php)','69.171.251.34','2019-06-22 13:41:47'),(195,42,'PC','facebookexternalhit/1.1 (+http://www.facebook.com/externalhit_uatext.php)','69.171.251.24','2019-06-22 13:41:48'),(196,41,'PC','facebookexternalhit/1.1 (+http://www.facebook.com/externalhit_uatext.php)','69.171.251.28','2019-06-22 13:41:58'),(197,41,'PC','facebookexternalhit/1.1 (+http://www.facebook.com/externalhit_uatext.php)','69.171.251.30','2019-06-22 13:41:59'),(198,5,'Celular Android','Mozilla/5.0 (Linux; Android 9; Redmi Note 7 Build/PKQ1.180904.001; wv) AppleWebKit/537.36 (KHTML, like Gecko) Version/4.0 Chrome/75.0.3770.101 Mobile Safari/537.36 [FB_IAB/FB4A;FBAV/226.0.0.49.120;]','190.239.94.243','2019-06-22 14:17:40'),(199,41,'PC','facebookexternalhit/1.1 (+http://www.facebook.com/externalhit_uatext.php)','173.252.87.15','2019-06-22 14:41:42'),(200,6,'PC','facebookexternalhit/1.1 (+http://www.facebook.com/externalhit_uatext.php)','173.252.83.15','2019-06-22 15:21:24'),(201,6,'PC','facebookexternalhit/1.1 (+http://www.facebook.com/externalhit_uatext.php)','173.252.83.16','2019-06-22 15:21:36'),(202,6,'PC','facebookexternalhit/1.1 (+http://www.facebook.com/externalhit_uatext.php)','173.252.83.9','2019-06-22 15:21:44'),(203,6,'PC','facebookexternalhit/1.1 (+http://www.facebook.com/externalhit_uatext.php)','173.252.83.4','2019-06-22 15:21:46'),(204,6,'PC','facebookexternalhit/1.1 (+http://www.facebook.com/externalhit_uatext.php)','173.252.83.10','2019-06-22 15:21:48'),(205,6,'PC','facebookexternalhit/1.1 (+http://www.facebook.com/externalhit_uatext.php)','173.252.83.13','2019-06-22 15:21:48'),(206,6,'PC','facebookexternalhit/1.1 (+http://www.facebook.com/externalhit_uatext.php)','173.252.83.7','2019-06-22 15:21:49'),(207,5,'PC','facebookexternalhit/1.1 (+http://www.facebook.com/externalhit_uatext.php)','173.252.95.23','2019-06-22 15:34:38'),(208,41,'PC','facebookexternalhit/1.1 (+http://www.facebook.com/externalhit_uatext.php)','173.252.87.21','2019-06-22 16:59:46'),(209,6,'PC','facebookexternalhit/1.1 (+http://www.facebook.com/externalhit_uatext.php)','173.252.95.20','2019-06-22 17:53:26'),(210,41,'PC','facebookexternalhit/1.1 (+http://www.facebook.com/externalhit_uatext.php)','173.252.127.37','2019-06-22 19:43:26'),(211,5,'PC','facebookexternalhit/1.1 (+http://www.facebook.com/externalhit_uatext.php)','173.252.83.12','2019-06-22 22:55:26'),(212,41,'PC','facebookexternalhit/1.1 (+http://www.facebook.com/externalhit_uatext.php)','173.252.87.8','2019-06-23 02:06:07'),(213,6,'PC','facebookexternalhit/1.1 (+http://www.facebook.com/externalhit_uatext.php)','173.252.127.56','2019-06-23 07:38:03'),(214,41,'Celular Android','Mozilla/5.0 (Linux; Android 9; SM-A105M Build/PPR1.180610.011; wv) AppleWebKit/537.36 (KHTML, like Gecko) Version/4.0 Chrome/74.0.3729.157 Mobile Safari/537.36 [FB_IAB/FB4A;FBAV/226.0.0.49.120;]','190.236.76.103','2019-06-23 08:33:24'),(215,41,'Celular Android','Mozilla/5.0 (Linux; Android 9; SM-A105M Build/PPR1.180610.011; wv) AppleWebKit/537.36 (KHTML, like Gecko) Version/4.0 Chrome/74.0.3729.157 Mobile Safari/537.36 [FB_IAB/FB4A;FBAV/226.0.0.49.120;]','190.236.76.103','2019-06-23 08:33:29'),(216,41,'Celular Android','Mozilla/5.0 (Linux; Android 9; SM-A105M Build/PPR1.180610.011; wv) AppleWebKit/537.36 (KHTML, like Gecko) Version/4.0 Chrome/74.0.3729.157 Mobile Safari/537.36 [FB_IAB/FB4A;FBAV/226.0.0.49.120;]','190.236.76.103','2019-06-23 08:33:53'),(217,6,'PC','facebookexternalhit/1.1 (+http://www.facebook.com/externalhit_uatext.php)','69.171.251.4','2019-06-23 09:38:32'),(218,41,'Celular Android','Mozilla/5.0 (Linux; Android 8.0.0; LDN-LX3 Build/HUAWEILDN-LX3; wv) AppleWebKit/537.36 (KHTML, like Gecko) Version/4.0 Chrome/73.0.3683.90 Mobile Safari/537.36 [FB_IAB/FB4A;FBAV/226.0.0.49.120;]','181.66.25.86','2019-06-23 14:02:25'),(219,2,'PC','facebookexternalhit/1.1 (+http://www.facebook.com/externalhit_uatext.php)','31.13.127.3','2019-06-23 19:33:38'),(220,2,'PC','facebookexternalhit/1.1 (+http://www.facebook.com/externalhit_uatext.php)','31.13.127.35','2019-06-23 20:24:21'),(221,42,'Celular Android','Mozilla/5.0 (Linux; Android 6.0.1; D6603 Build/23.5.A.1.291; wv) AppleWebKit/537.36 (KHTML, like Gecko) Version/4.0 Chrome/75.0.3770.101 Mobile Safari/537.36 [FB_IAB/FB4A;FBAV/226.0.0.49.120;]','190.43.173.174','2019-06-23 20:40:28'),(222,5,'PC','facebookexternalhit/1.1 (+http://www.facebook.com/externalhit_uatext.php)','173.252.95.35','2019-06-23 21:11:05'),(223,5,'PC','facebookexternalhit/1.1 (+http://www.facebook.com/externalhit_uatext.php)','173.252.95.22','2019-06-23 21:11:08'),(224,5,'PC','facebookexternalhit/1.1 (+http://www.facebook.com/externalhit_uatext.php)','173.252.95.41','2019-06-23 21:11:08'),(225,41,'PC','facebookexternalhit/1.1 (+http://www.facebook.com/externalhit_uatext.php)','173.252.127.17','2019-06-23 21:26:23'),(226,41,'PC','facebookexternalhit/1.1 (+http://www.facebook.com/externalhit_uatext.php)','31.13.115.10','2019-06-23 22:06:58'),(227,41,'PC','facebookexternalhit/1.1 (+http://www.facebook.com/externalhit_uatext.php)','69.171.251.35','2019-06-24 00:11:12'),(228,6,'PC','facebookexternalhit/1.1 (+http://www.facebook.com/externalhit_uatext.php)','173.252.127.53','2019-06-24 00:55:37'),(229,6,'PC','facebookexternalhit/1.1 (+http://www.facebook.com/externalhit_uatext.php)','173.252.127.35','2019-06-24 00:56:11'),(230,6,'PC','facebookexternalhit/1.1 (+http://www.facebook.com/externalhit_uatext.php)','173.252.127.47','2019-06-24 00:56:36'),(231,2,'PC','facebookexternalhit/1.1 (+http://www.facebook.com/externalhit_uatext.php)','173.252.127.46','2019-06-24 01:12:34'),(232,3,'PC','facebookexternalhit/1.1 (+http://www.facebook.com/externalhit_uatext.php)','173.252.127.43','2019-06-24 09:07:23'),(233,3,'PC','facebookexternalhit/1.1 (+http://www.facebook.com/externalhit_uatext.php)','173.252.127.16','2019-06-24 09:10:24'),(234,5,'PC','facebookexternalhit/1.1 (+http://www.facebook.com/externalhit_uatext.php)','173.252.127.54','2019-06-24 09:11:45'),(235,3,'PC','facebookexternalhit/1.1 (+http://www.facebook.com/externalhit_uatext.php)','173.252.95.36','2019-06-24 09:22:23'),(236,3,'PC','facebookexternalhit/1.1 (+http://www.facebook.com/externalhit_uatext.php)','173.252.95.33','2019-06-24 09:22:44'),(237,5,'PC','facebookexternalhit/1.1 (+http://www.facebook.com/externalhit_uatext.php)','173.252.95.29','2019-06-24 09:24:59'),(238,6,'PC','facebookexternalhit/1.1 (+http://www.facebook.com/externalhit_uatext.php)','173.252.95.17','2019-06-24 09:47:10'),(239,6,'PC','facebookexternalhit/1.1 (+http://www.facebook.com/externalhit_uatext.php)','173.252.95.45','2019-06-24 09:47:25'),(240,6,'PC','facebookexternalhit/1.1 (+http://www.facebook.com/externalhit_uatext.php)','173.252.95.43','2019-06-24 09:47:40'),(241,6,'PC','facebookexternalhit/1.1 (+http://www.facebook.com/externalhit_uatext.php)','173.252.95.14','2019-06-24 09:47:41'),(242,6,'PC','facebookexternalhit/1.1 (+http://www.facebook.com/externalhit_uatext.php)','173.252.95.7','2019-06-24 09:47:44'),(243,6,'PC','facebookexternalhit/1.1 (+http://www.facebook.com/externalhit_uatext.php)','173.252.95.45','2019-06-24 09:47:46'),(244,6,'PC','facebookexternalhit/1.1 (+http://www.facebook.com/externalhit_uatext.php)','173.252.95.48','2019-06-24 09:47:47'),(245,6,'PC','facebookexternalhit/1.1 (+http://www.facebook.com/externalhit_uatext.php)','173.252.95.27','2019-06-24 09:47:50'),(246,6,'PC','facebookexternalhit/1.1 (+http://www.facebook.com/externalhit_uatext.php)','173.252.95.37','2019-06-24 09:47:52'),(247,6,'PC','facebookexternalhit/1.1 (+http://www.facebook.com/externalhit_uatext.php)','173.252.95.37','2019-06-24 09:47:52'),(248,5,'PC','facebookexternalhit/1.1 (+http://www.facebook.com/externalhit_uatext.php)','173.252.95.40','2019-06-24 09:53:02'),(249,17,'Celular Android','Mozilla/5.0 (Linux; Android 9; SM-N9600 Build/PPR1.180610.011; wv) AppleWebKit/537.36 (KHTML, like Gecko) Version/4.0 Chrome/75.0.3770.101 Mobile Safari/537.36 [FB_IAB/FB4A;FBAV/226.0.0.49.120;]','181.176.106.76','2019-06-24 10:01:34'),(250,17,'PC','facebookexternalhit/1.1 (+http://www.facebook.com/externalhit_uatext.php)','173.252.127.43','2019-06-24 10:03:03'),(251,17,'PC','facebookexternalhit/1.1 (+http://www.facebook.com/externalhit_uatext.php)','173.252.127.33','2019-06-24 10:03:03'),(252,17,'PC','facebookexternalhit/1.1 (+http://www.facebook.com/externalhit_uatext.php)','173.252.127.10','2019-06-24 10:03:04'),(253,3,'PC','facebookexternalhit/1.1 (+http://www.facebook.com/externalhit_uatext.php)','173.252.95.31','2019-06-24 10:16:34'),(254,6,'PC','facebookexternalhit/1.1 (+http://www.facebook.com/externalhit_uatext.php)','173.252.95.29','2019-06-24 10:30:33'),(255,41,'PC','facebookexternalhit/1.1 (+http://www.facebook.com/externalhit_uatext.php)','69.171.251.41','2019-06-24 10:49:23'),(256,2,'PC','facebookexternalhit/1.1 (+http://www.facebook.com/externalhit_uatext.php)','69.171.251.38','2019-06-24 10:52:47'),(257,6,'PC','facebookexternalhit/1.1 (+http://www.facebook.com/externalhit_uatext.php)','173.252.95.32','2019-06-24 10:55:24'),(258,6,'PC','facebookexternalhit/1.1 (+http://www.facebook.com/externalhit_uatext.php)','173.252.95.28','2019-06-24 10:55:35'),(259,6,'PC','facebookexternalhit/1.1 (+http://www.facebook.com/externalhit_uatext.php)','173.252.95.40','2019-06-24 10:56:00'),(260,9,'PC','Mozilla/5.0 (Windows NT 10.0; Win64; x64) AppleWebKit/537.36 (KHTML, like Gecko) Chrome/75.0.3770.100 Safari/537.36','201.240.68.135','2019-06-24 11:00:15'),(261,3,'PC','facebookexternalhit/1.1 (+http://www.facebook.com/externalhit_uatext.php)','173.252.95.25','2019-06-24 11:18:12'),(262,6,'PC','facebookexternalhit/1.1 (+http://www.facebook.com/externalhit_uatext.php)','173.252.95.18','2019-06-24 11:55:00'),(263,6,'PC','facebookexternalhit/1.1 (+http://www.facebook.com/externalhit_uatext.php)','173.252.95.36','2019-06-24 11:55:11'),(264,6,'PC','facebookexternalhit/1.1 (+http://www.facebook.com/externalhit_uatext.php)','173.252.95.33','2019-06-24 11:57:53'),(265,6,'PC','facebookexternalhit/1.1 (+http://www.facebook.com/externalhit_uatext.php)','173.252.95.35','2019-06-24 11:57:55'),(266,6,'PC','facebookexternalhit/1.1 (+http://www.facebook.com/externalhit_uatext.php)','173.252.95.39','2019-06-24 12:22:43'),(267,6,'PC','facebookexternalhit/1.1 (+http://www.facebook.com/externalhit_uatext.php)','173.252.95.29','2019-06-24 12:22:43'),(268,6,'PC','facebookexternalhit/1.1 (+http://www.facebook.com/externalhit_uatext.php)','173.252.95.30','2019-06-24 12:22:46'),(269,6,'PC','facebookexternalhit/1.1 (+http://www.facebook.com/externalhit_uatext.php)','173.252.95.25','2019-06-24 12:22:51'),(270,6,'PC','facebookexternalhit/1.1 (+http://www.facebook.com/externalhit_uatext.php)','173.252.95.24','2019-06-24 12:22:52'),(271,6,'PC','facebookexternalhit/1.1 (+http://www.facebook.com/externalhit_uatext.php)','173.252.95.27','2019-06-24 12:23:21'),(272,6,'PC','facebookexternalhit/1.1 (+http://www.facebook.com/externalhit_uatext.php)','173.252.95.5','2019-06-24 12:23:21'),(273,6,'PC','facebookexternalhit/1.1 (+http://www.facebook.com/externalhit_uatext.php)','173.252.95.31','2019-06-24 12:23:25'),(274,6,'PC','facebookexternalhit/1.1 (+http://www.facebook.com/externalhit_uatext.php)','173.252.95.32','2019-06-24 12:23:26'),(275,6,'PC','facebookexternalhit/1.1 (+http://www.facebook.com/externalhit_uatext.php)','173.252.95.23','2019-06-24 12:26:17'),(276,6,'PC','facebookexternalhit/1.1 (+http://www.facebook.com/externalhit_uatext.php)','173.252.95.17','2019-06-24 12:40:36'),(277,5,'PC','facebookexternalhit/1.1 (+http://www.facebook.com/externalhit_uatext.php)','173.252.95.7','2019-06-24 12:45:30'),(278,5,'PC','facebookexternalhit/1.1 (+http://www.facebook.com/externalhit_uatext.php)','173.252.95.10','2019-06-24 12:45:30'),(279,6,'PC','facebookexternalhit/1.1 (+http://www.facebook.com/externalhit_uatext.php)','173.252.95.4','2019-06-24 12:54:23'),(280,6,'PC','facebookexternalhit/1.1 (+http://www.facebook.com/externalhit_uatext.php)','173.252.95.28','2019-06-24 12:54:28'),(281,2,'PC','facebookexternalhit/1.1 (+http://www.facebook.com/externalhit_uatext.php)','173.252.95.6','2019-06-24 12:55:18'),(282,5,'Celular Android','Mozilla/5.0 (Linux; Android 6.0; Lenovo PB2-650Y Build/MRA58K; wv) AppleWebKit/537.36 (KHTML, like Gecko) Version/4.0 Chrome/74.0.3729.157 Mobile Safari/537.36 [FB_IAB/FB4A;FBAV/223.0.0.47.120;]','179.7.224.50','2019-06-24 12:55:58'),(283,6,'PC','facebookexternalhit/1.1 (+http://www.facebook.com/externalhit_uatext.php)','173.252.95.1','2019-06-24 12:57:29'),(284,6,'PC','facebookexternalhit/1.1 (+http://www.facebook.com/externalhit_uatext.php)','173.252.95.42','2019-06-24 12:57:41'),(285,6,'PC','facebookexternalhit/1.1 (+http://www.facebook.com/externalhit_uatext.php)','173.252.95.24','2019-06-24 12:58:25'),(286,6,'PC','facebookexternalhit/1.1 (+http://www.facebook.com/externalhit_uatext.php)','173.252.95.31','2019-06-24 12:58:35'),(287,6,'PC','facebookexternalhit/1.1 (+http://www.facebook.com/externalhit_uatext.php)','173.252.95.4','2019-06-24 12:58:42'),(288,6,'PC','facebookexternalhit/1.1 (+http://www.facebook.com/externalhit_uatext.php)','173.252.95.32','2019-06-24 12:58:43'),(289,6,'PC','facebookexternalhit/1.1 (+http://www.facebook.com/externalhit_uatext.php)','173.252.95.33','2019-06-24 12:59:05'),(290,6,'PC','facebookexternalhit/1.1 (+http://www.facebook.com/externalhit_uatext.php)','173.252.95.2','2019-06-24 13:00:37'),(291,6,'PC','facebookexternalhit/1.1 (+http://www.facebook.com/externalhit_uatext.php)','173.252.95.5','2019-06-24 13:01:05'),(292,6,'PC','facebookexternalhit/1.1 (+http://www.facebook.com/externalhit_uatext.php)','173.252.95.9','2019-06-24 13:01:20'),(293,6,'PC','facebookexternalhit/1.1 (+http://www.facebook.com/externalhit_uatext.php)','173.252.95.5','2019-06-24 13:01:35'),(294,6,'PC','facebookexternalhit/1.1 (+http://www.facebook.com/externalhit_uatext.php)','173.252.95.14','2019-06-24 13:01:48'),(295,6,'PC','facebookexternalhit/1.1 (+http://www.facebook.com/externalhit_uatext.php)','173.252.95.40','2019-06-24 13:02:00'),(296,6,'PC','facebookexternalhit/1.1 (+http://www.facebook.com/externalhit_uatext.php)','173.252.95.5','2019-06-24 13:02:13'),(297,6,'PC','facebookexternalhit/1.1 (+http://www.facebook.com/externalhit_uatext.php)','173.252.95.18','2019-06-24 13:02:40'),(298,6,'PC','facebookexternalhit/1.1 (+http://www.facebook.com/externalhit_uatext.php)','173.252.95.36','2019-06-24 13:02:56'),(299,6,'PC','facebookexternalhit/1.1 (+http://www.facebook.com/externalhit_uatext.php)','173.252.95.34','2019-06-24 13:03:22'),(300,6,'PC','facebookexternalhit/1.1 (+http://www.facebook.com/externalhit_uatext.php)','173.252.95.44','2019-06-24 13:03:39'),(301,6,'PC','facebookexternalhit/1.1 (+http://www.facebook.com/externalhit_uatext.php)','173.252.95.33','2019-06-24 13:03:51'),(302,6,'PC','facebookexternalhit/1.1 (+http://www.facebook.com/externalhit_uatext.php)','173.252.95.35','2019-06-24 13:04:59'),(303,6,'Celular Android','Mozilla/5.0 (Linux; Android 9; MRD-LX3 Build/HUAWEIMRD-LX3; wv) AppleWebKit/537.36 (KHTML, like Gecko) Version/4.0 Chrome/75.0.3770.101 Mobile Safari/537.36 [FB_IAB/FB4A;FBAV/226.0.0.49.120;]','190.239.89.170','2019-06-24 13:05:48'),(304,6,'PC','facebookexternalhit/1.1 (+http://www.facebook.com/externalhit_uatext.php)','173.252.83.10','2019-06-24 13:06:19'),(305,6,'Celular Android','Mozilla/5.0 (Linux; Android 8.1.0; SM-J610G Build/M1AJQ; wv) AppleWebKit/537.36 (KHTML, like Gecko) Version/4.0 Chrome/75.0.3770.89 Mobile Safari/537.36 [FB_IAB/FB4A;FBAV/225.0.0.47.118;]','190.239.91.105','2019-06-24 13:24:24'),(306,6,'Celular Android','Mozilla/5.0 (Linux; Android 8.1.0; SM-J610G Build/M1AJQ; wv) AppleWebKit/537.36 (KHTML, like Gecko) Version/4.0 Chrome/75.0.3770.89 Mobile Safari/537.36 [FB_IAB/FB4A;FBAV/225.0.0.47.118;]','190.239.91.105','2019-06-24 13:25:56'),(307,6,'PC','facebookexternalhit/1.1 (+http://www.facebook.com/externalhit_uatext.php)','69.171.251.8','2019-06-24 13:30:14'),(308,6,'Celular Android','Mozilla/5.0 (Linux; Android 9; SM-A105M Build/PPR1.180610.011; wv) AppleWebKit/537.36 (KHTML, like Gecko) Version/4.0 Chrome/74.0.3729.157 Mobile Safari/537.36 [FB_IAB/FB4A;FBAV/222.0.0.48.113;]','190.239.94.131','2019-06-24 14:04:09'),(309,3,'PC','facebookexternalhit/1.1 (+http://www.facebook.com/externalhit_uatext.php)','173.252.95.28','2019-06-24 14:05:04'),(310,3,'PC','facebookexternalhit/1.1 (+http://www.facebook.com/externalhit_uatext.php)','173.252.95.37','2019-06-24 14:05:07'),(311,41,'PC','facebookexternalhit/1.1 (+http://www.facebook.com/externalhit_uatext.php)','69.171.251.30','2019-06-24 14:22:21'),(312,2,'PC','facebookexternalhit/1.1 (+http://www.facebook.com/externalhit_uatext.php)','173.252.79.7','2019-06-24 14:38:57'),(313,2,'PC','facebookexternalhit/1.1 (+http://www.facebook.com/externalhit_uatext.php)','173.252.95.34','2019-06-24 14:45:06'),(314,2,'PC','facebookexternalhit/1.1 (+http://www.facebook.com/externalhit_uatext.php)','173.252.95.45','2019-06-24 14:45:47'),(315,2,'PC','facebookexternalhit/1.1 (+http://www.facebook.com/externalhit_uatext.php)','173.252.95.7','2019-06-24 14:54:24'),(316,41,'Celular Android','Mozilla/5.0 (Linux; Android 9; EML-L09 Build/HUAWEIEML-L09; wv) AppleWebKit/537.36 (KHTML, like Gecko) Version/4.0 Chrome/75.0.3770.101 Mobile Safari/537.36 [FB_IAB/FB4A;FBAV/226.0.0.49.120;]','181.67.2.218','2019-06-24 15:00:50'),(317,41,'Celular Android','Mozilla/5.0 (Linux; Android 9; EML-L09 Build/HUAWEIEML-L09; wv) AppleWebKit/537.36 (KHTML, like Gecko) Version/4.0 Chrome/75.0.3770.101 Mobile Safari/537.36 [FB_IAB/FB4A;FBAV/226.0.0.49.120;]','181.67.2.218','2019-06-24 15:05:24'),(318,2,'PC','facebookexternalhit/1.1 (+http://www.facebook.com/externalhit_uatext.php)','173.252.95.28','2019-06-24 15:07:47'),(319,5,'Celular Android','Mozilla/5.0 (Linux; Android 8.1.0; SM-J701M Build/M1AJQ; wv) AppleWebKit/537.36 (KHTML, like Gecko) Version/4.0 Chrome/72.0.3626.121 Mobile Safari/537.36 [FB_IAB/FB4A;FBAV/225.0.0.47.118;]','190.113.214.215','2019-06-24 15:10:48'),(320,3,'PC','facebookexternalhit/1.1 (+http://www.facebook.com/externalhit_uatext.php)','173.252.95.33','2019-06-24 15:10:52'),(321,3,'PC','facebookexternalhit/1.1 (+http://www.facebook.com/externalhit_uatext.php)','173.252.95.13','2019-06-24 15:11:10'),(322,41,'PC','facebookexternalhit/1.1 (+http://www.facebook.com/externalhit_uatext.php)','173.252.79.2','2019-06-24 15:13:29'),(323,41,'PC','facebookexternalhit/1.1 (+http://www.facebook.com/externalhit_uatext.php)','173.252.79.8','2019-06-24 15:13:29'),(324,5,'PC','facebookexternalhit/1.1 (+http://www.facebook.com/externalhit_uatext.php)','173.252.87.21','2019-06-24 15:39:11'),(325,41,'PC','facebookexternalhit/1.1 (+http://www.facebook.com/externalhit_uatext.php)','173.252.83.13','2019-06-24 15:39:17'),(326,3,'PC','facebookexternalhit/1.1 (+http://www.facebook.com/externalhit_uatext.php)','173.252.95.17','2019-06-24 16:02:53'),(327,2,'PC','facebookexternalhit/1.1 (+http://www.facebook.com/externalhit_uatext.php)','173.252.95.18','2019-06-24 16:09:10'),(328,6,'PC','facebookexternalhit/1.1 (+http://www.facebook.com/externalhit_uatext.php)','69.171.251.32','2019-06-24 16:19:30'),(329,5,'PC','facebookexternalhit/1.1 (+http://www.facebook.com/externalhit_uatext.php)','173.252.79.6','2019-06-24 16:37:45'),(330,6,'Celular Android','Mozilla/5.0 (Linux; Android 8.1.0; SM-J610G Build/M1AJQ; wv) AppleWebKit/537.36 (KHTML, like Gecko) Version/4.0 Chrome/75.0.3770.101 Mobile Safari/537.36 [FB_IAB/FB4A;FBAV/226.0.0.49.120;]','201.240.180.64','2019-06-24 17:39:20'),(331,3,'PC','facebookexternalhit/1.1 (+http://www.facebook.com/externalhit_uatext.php)','173.252.83.10','2019-06-24 17:44:16'),(332,3,'PC','facebookexternalhit/1.1 (+http://www.facebook.com/externalhit_uatext.php)','173.252.83.4','2019-06-24 17:44:35'),(333,2,'PC','facebookexternalhit/1.1 (+http://www.facebook.com/externalhit_uatext.php)','173.252.83.5','2019-06-24 17:50:07'),(334,2,'PC','facebookexternalhit/1.1 (+http://www.facebook.com/externalhit_uatext.php)','173.252.83.2','2019-06-24 17:52:59'),(335,6,'PC','facebookexternalhit/1.1 (+http://www.facebook.com/externalhit_uatext.php)','173.252.87.28','2019-06-24 18:04:39'),(336,2,'PC','facebookexternalhit/1.1 (+http://www.facebook.com/externalhit_uatext.php)','31.13.127.8','2019-06-24 18:59:37'),(337,6,'Celular Android','Mozilla/5.0 (Linux; Android 8.0.0; SM-G9600 Build/R16NW; wv) AppleWebKit/537.36 (KHTML, like Gecko) Version/4.0 Chrome/75.0.3770.101 Mobile Safari/537.36 [FB_IAB/FB4A;FBAV/226.0.0.49.120;]','190.239.88.66','2019-06-24 19:16:28'),(338,3,'PC','facebookexternalhit/1.1 (+http://www.facebook.com/externalhit_uatext.php)','173.252.95.15','2019-06-24 19:49:58'),(339,5,'PC','facebookexternalhit/1.1 (+http://www.facebook.com/externalhit_uatext.php)','173.252.127.51','2019-06-24 20:14:05'),(340,41,'PC','facebookexternalhit/1.1 (+http://www.facebook.com/externalhit_uatext.php)','173.252.87.27','2019-06-24 20:54:49'),(341,6,'PC','facebookexternalhit/1.1 (+http://www.facebook.com/externalhit_uatext.php)','173.252.83.13','2019-06-24 21:02:26'),(342,41,'PC','facebookexternalhit/1.1 (+http://www.facebook.com/externalhit_uatext.php)','31.13.127.36','2019-06-24 22:07:02'),(343,3,'PC','facebookexternalhit/1.1 (+http://www.facebook.com/externalhit_uatext.php)','173.252.127.26','2019-06-25 06:37:18'),(344,2,'PC','facebookexternalhit/1.1 (+http://www.facebook.com/externalhit_uatext.php)','69.171.251.17','2019-06-25 07:43:00'),(345,2,'PC','facebookexternalhit/1.1 (+http://www.facebook.com/externalhit_uatext.php)','69.171.251.8','2019-06-25 08:14:14'),(346,2,'PC','facebookexternalhit/1.1 (+http://www.facebook.com/externalhit_uatext.php)','69.171.251.13','2019-06-25 08:14:14'),(347,6,'PC','facebookexternalhit/1.1 (+http://www.facebook.com/externalhit_uatext.php)','173.252.95.15','2019-06-25 08:38:04'),(348,2,'PC','facebookexternalhit/1.1 (+http://www.facebook.com/externalhit_uatext.php)','69.171.251.12','2019-06-25 08:44:11'),(349,2,'PC','facebookexternalhit/1.1 (+http://www.facebook.com/externalhit_uatext.php)','69.171.251.23','2019-06-25 08:44:12'),(350,2,'PC','facebookexternalhit/1.1 (+http://www.facebook.com/externalhit_uatext.php)','173.252.127.18','2019-06-25 09:11:46'),(351,5,'PC','facebookexternalhit/1.1 (+http://www.facebook.com/externalhit_uatext.php)','173.252.127.55','2019-06-25 09:12:02'),(352,3,'PC','facebookexternalhit/1.1 (+http://www.facebook.com/externalhit_uatext.php)','173.252.127.25','2019-06-25 09:16:58'),(353,3,'PC','facebookexternalhit/1.1 (+http://www.facebook.com/externalhit_uatext.php)','173.252.127.35','2019-06-25 09:17:43'),(354,3,'PC','facebookexternalhit/1.1 (+http://www.facebook.com/externalhit_uatext.php)','173.252.127.39','2019-06-25 09:21:09'),(355,12,'Celular Android','Mozilla/5.0 (Linux; Android 6.0.1; Le X821 Build/FIXNAOP5801607292S; wv) AppleWebKit/537.36 (KHTML, like Gecko) Version/4.0 Chrome/49.0.2623.91 Mobile Safari/537.36 [FB_IAB/FB4A;FBAV/225.0.0.47.118;]','190.239.192.63','2019-06-25 09:22:17'),(356,2,'PC','facebookexternalhit/1.1 (+http://www.facebook.com/externalhit_uatext.php)','69.171.251.41','2019-06-25 09:23:46'),(357,41,'PC','facebookexternalhit/1.1 (+http://www.facebook.com/externalhit_uatext.php)','69.171.251.9','2019-06-25 10:05:09'),(358,41,'PC','Mozilla/5.0 (compatible; Googlebot/2.1; +http://www.google.com/bot.html)','66.249.65.84','2019-06-25 10:08:50'),(359,41,'Celular iOS','Mozilla/5.0 (iPhone; CPU iPhone OS 12_3_1 like Mac OS X) AppleWebKit/605.1.15 (KHTML, like Gecko) Version/12.1.1 Mobile/15E148 Safari/604.1','173.252.87.6','2019-06-25 10:08:58'),(360,3,'PC','facebookexternalhit/1.1 (+http://www.facebook.com/externalhit_uatext.php)','173.252.127.27','2019-06-25 10:15:47'),(361,3,'PC','facebookexternalhit/1.1 (+http://www.facebook.com/externalhit_uatext.php)','173.252.127.27','2019-06-25 10:16:13'),(362,41,'Celular Android','Mozilla/5.0 (Linux; Android 8.0.0; SM-G9650 Build/R16NW; wv) AppleWebKit/537.36 (KHTML, like Gecko) Version/4.0 Chrome/73.0.3683.90 Mobile Safari/537.36 [FB_IAB/FB4A;FBAV/217.0.0.45.98;]','190.113.211.231','2019-06-25 11:06:19'),(363,6,'PC','facebookexternalhit/1.1 (+http://www.facebook.com/externalhit_uatext.php)','173.252.95.24','2019-06-25 11:12:09'),(364,6,'PC','facebookexternalhit/1.1 (+http://www.facebook.com/externalhit_uatext.php)','173.252.95.10','2019-06-25 11:12:15'),(365,5,'PC','facebookexternalhit/1.1 (+http://www.facebook.com/externalhit_uatext.php)','173.252.87.30','2019-06-25 11:12:29'),(366,6,'PC','facebookexternalhit/1.1 (+http://www.facebook.com/externalhit_uatext.php)','173.252.87.25','2019-06-25 11:23:53'),(367,41,'PC','facebookexternalhit/1.1 (+http://www.facebook.com/externalhit_uatext.php)','173.252.95.12','2019-06-25 11:36:03'),(368,6,'PC','facebookexternalhit/1.1 (+http://www.facebook.com/externalhit_uatext.php)','66.220.149.33','2019-06-25 11:43:26'),(369,22,'Celular Android','Mozilla/5.0 (Linux; Android 8.0.0; G3223 Build/48.1.A.2.109; wv) AppleWebKit/537.36 (KHTML, like Gecko) Version/4.0 Chrome/74.0.3729.157 Mobile Safari/537.36 [FB_IAB/FB4A;FBAV/220.0.0.46.112;]','108.171.138.162','2019-06-25 12:06:24'),(370,6,'PC','Mozilla/5.0 (Windows NT 6.1; Win64; x64) AppleWebKit/537.36 (KHTML, like Gecko) Chrome/73.0.3683.103 Safari/537.36 OPR/60.0.3255.170','181.64.18.192','2019-06-25 12:18:01'),(371,5,'PC','facebookexternalhit/1.1 (+http://www.facebook.com/externalhit_uatext.php)','66.220.149.29','2019-06-25 13:34:23'),(372,6,'PC','facebookexternalhit/1.1 (+http://www.facebook.com/externalhit_uatext.php)','173.252.127.12','2019-06-25 13:52:56'),(373,2,'PC','facebookexternalhit/1.1 (+http://www.facebook.com/externalhit_uatext.php)','173.252.83.4','2019-06-25 13:56:46'),(374,3,'PC','facebookexternalhit/1.1 (+http://www.facebook.com/externalhit_uatext.php)','173.252.83.8','2019-06-25 13:57:35'),(375,41,'PC','facebookexternalhit/1.1 (+http://www.facebook.com/externalhit_uatext.php)','173.252.127.29','2019-06-25 14:05:28'),(376,3,'PC','facebookexternalhit/1.1 (+http://www.facebook.com/externalhit_uatext.php)','173.252.83.8','2019-06-25 14:07:07'),(377,3,'PC','facebookexternalhit/1.1 (+http://www.facebook.com/externalhit_uatext.php)','173.252.95.16','2019-06-25 14:07:20'),(378,6,'PC','facebookexternalhit/1.1 (+http://www.facebook.com/externalhit_uatext.php)','66.220.149.18','2019-06-25 14:20:05'),(379,2,'PC','facebookexternalhit/1.1 (+http://www.facebook.com/externalhit_uatext.php)','173.252.79.2','2019-06-25 15:09:50'),(380,3,'PC','facebookexternalhit/1.1 (+http://www.facebook.com/externalhit_uatext.php)','173.252.79.7','2019-06-25 15:27:18'),(381,3,'PC','facebookexternalhit/1.1 (+http://www.facebook.com/externalhit_uatext.php)','173.252.95.48','2019-06-25 15:37:32'),(382,3,'PC','facebookexternalhit/1.1 (+http://www.facebook.com/externalhit_uatext.php)','173.252.79.4','2019-06-25 15:44:09'),(383,42,'Celular Android','Mozilla/5.0 (Linux; Android 9; POT-LX3 Build/HUAWEIPOT-L03; wv) AppleWebKit/537.36 (KHTML, like Gecko) Version/4.0 Chrome/74.0.3729.157 Mobile Safari/537.36 [FB_IAB/FB4A;FBAV/220.0.0.46.112;]','190.239.93.36','2019-06-25 15:44:18'),(384,5,'PC','facebookexternalhit/1.1 (+http://www.facebook.com/externalhit_uatext.php)','173.252.79.4','2019-06-25 15:52:04'),(385,41,'Celular Android','Mozilla/5.0 (Linux; Android 9; SM-J400M Build/PPR1.180610.011; wv) AppleWebKit/537.36 (KHTML, like Gecko) Version/4.0 Chrome/74.0.3729.157 Mobile Safari/537.36 [FB_IAB/FB4A;FBAV/221.0.0.48.102;]','201.219.233.59','2019-06-25 16:09:43'),(386,3,'PC','facebookexternalhit/1.1 (+http://www.facebook.com/externalhit_uatext.php)','173.252.95.17','2019-06-25 16:30:19'),(387,3,'PC','facebookexternalhit/1.1 (+http://www.facebook.com/externalhit_uatext.php)','173.252.95.26','2019-06-25 16:30:30'),(388,3,'PC','facebookexternalhit/1.1 (+http://www.facebook.com/externalhit_uatext.php)','173.252.95.43','2019-06-25 16:30:31'),(389,5,'PC','Mozilla/5.0 (Windows NT 6.2; Win64; x64) AppleWebKit/537.36 (KHTML, like Gecko) Chrome/75.0.3770.100 Safari/537.36','181.176.122.51','2019-06-25 16:31:58'),(390,6,'PC','facebookexternalhit/1.1 (+http://www.facebook.com/externalhit_uatext.php)','173.252.95.35','2019-06-25 16:39:40'),(391,5,'PC','facebookexternalhit/1.1 (+http://www.facebook.com/externalhit_uatext.php)','69.171.251.36','2019-06-25 16:41:05'),(392,3,'PC','facebookexternalhit/1.1 (+http://www.facebook.com/externalhit_uatext.php)','173.252.95.16','2019-06-25 16:56:19'),(393,41,'PC','facebookexternalhit/1.1 (+http://www.facebook.com/externalhit_uatext.php)','173.252.87.26','2019-06-25 17:03:21'),(394,2,'PC','facebookexternalhit/1.1 (+http://www.facebook.com/externalhit_uatext.php)','173.252.83.10','2019-06-25 17:39:52'),(395,3,'PC','facebookexternalhit/1.1 (+http://www.facebook.com/externalhit_uatext.php)','173.252.83.7','2019-06-25 17:40:01'),(396,3,'PC','facebookexternalhit/1.1 (+http://www.facebook.com/externalhit_uatext.php)','173.252.83.10','2019-06-25 17:40:35'),(397,2,'PC','facebookexternalhit/1.1 (+http://www.facebook.com/externalhit_uatext.php)','173.252.83.16','2019-06-25 17:41:14'),(398,3,'PC','facebookexternalhit/1.1 (+http://www.facebook.com/externalhit_uatext.php)','173.252.83.13','2019-06-25 17:41:31'),(399,41,'PC','facebookexternalhit/1.1 (+http://www.facebook.com/externalhit_uatext.php)','173.252.79.4','2019-06-25 17:41:59'),(400,3,'PC','facebookexternalhit/1.1 (+http://www.facebook.com/externalhit_uatext.php)','173.252.83.3','2019-06-25 17:42:17'),(401,3,'PC','facebookexternalhit/1.1 (+http://www.facebook.com/externalhit_uatext.php)','173.252.95.33','2019-06-25 17:55:39'),(402,3,'PC','facebookexternalhit/1.1 (+http://www.facebook.com/externalhit_uatext.php)','173.252.95.21','2019-06-25 18:00:51'),(403,3,'PC','facebookexternalhit/1.1 (+http://www.facebook.com/externalhit_uatext.php)','173.252.83.2','2019-06-25 18:05:56'),(404,41,'PC','facebookexternalhit/1.1 (+http://www.facebook.com/externalhit_uatext.php)','173.252.127.51','2019-06-25 18:07:47'),(405,6,'PC','facebookexternalhit/1.1 (+http://www.facebook.com/externalhit_uatext.php)','173.252.95.34','2019-06-25 18:41:31'),(406,42,'Celular Android','Mozilla/5.0 (Linux; Android 9; SM-J400M Build/PPR1.180610.011; wv) AppleWebKit/537.36 (KHTML, like Gecko) Version/4.0 Chrome/74.0.3729.157 Mobile Safari/537.36 [FB_IAB/FB4A;FBAV/221.0.0.48.102;]','201.219.233.59','2019-06-25 18:51:33'),(407,5,'PC','facebookexternalhit/1.1 (+http://www.facebook.com/externalhit_uatext.php)','66.220.149.32','2019-06-25 20:36:52'),(408,6,'PC','facebookexternalhit/1.1 (+http://www.facebook.com/externalhit_uatext.php)','66.220.149.20','2019-06-25 20:47:34'),(409,3,'PC','facebookexternalhit/1.1 (+http://www.facebook.com/externalhit_uatext.php)','31.13.127.7','2019-06-25 21:24:29'),(410,2,'PC','facebookexternalhit/1.1 (+http://www.facebook.com/externalhit_uatext.php)','31.13.127.12','2019-06-25 21:24:40'),(411,2,'PC','facebookexternalhit/1.1 (+http://www.facebook.com/externalhit_uatext.php)','31.13.127.31','2019-06-25 21:29:39'),(412,2,'PC','facebookexternalhit/1.1 (+http://www.facebook.com/externalhit_uatext.php)','31.13.127.17','2019-06-25 21:31:18'),(413,2,'PC','facebookexternalhit/1.1 (+http://www.facebook.com/externalhit_uatext.php)','31.13.127.28','2019-06-25 21:35:24'),(414,2,'PC','facebookexternalhit/1.1 (+http://www.facebook.com/externalhit_uatext.php)','31.13.127.8','2019-06-25 21:37:13'),(415,2,'PC','facebookexternalhit/1.1 (+http://www.facebook.com/externalhit_uatext.php)','31.13.127.4','2019-06-25 22:00:30'),(416,42,'Celular Android','Mozilla/5.0 (Linux; Android 8.0.0; ANE-LX3 Build/HUAWEIANE-LX3; wv) AppleWebKit/537.36 (KHTML, like Gecko) Version/4.0 Chrome/74.0.3729.112 Mobile Safari/537.36 [FB_IAB/FB4A;FBAV/218.0.0.46.109;]','201.230.37.189','2019-06-25 23:30:38'),(417,5,'PC','facebookexternalhit/1.1 (+http://www.facebook.com/externalhit_uatext.php)','173.252.79.7','2019-06-26 03:54:28'),(418,6,'PC','WhatsApp/2.19.175 A','181.67.2.34','2019-06-26 05:51:06'),(419,6,'PC','WhatsApp/2.19.175 A','181.67.2.34','2019-06-26 05:51:06'),(420,2,'PC','facebookexternalhit/1.1 (+http://www.facebook.com/externalhit_uatext.php)','69.171.251.17','2019-06-26 07:24:43'),(421,6,'PC','facebookexternalhit/1.1 (+http://www.facebook.com/externalhit_uatext.php)','69.171.251.43','2019-06-26 09:51:33'),(422,6,'Celular Android','Mozilla/5.0 (Linux; Android 6.0.1; SM-J500M Build/MMB29M; wv) AppleWebKit/537.36 (KHTML, like Gecko) Version/4.0 Chrome/55.0.2883.91 Mobile Safari/537.36 [FB_IAB/FB4A;FBAV/226.0.0.49.120;]','190.20.52.81','2019-06-26 09:57:30'),(423,41,'PC','facebookexternalhit/1.1 (+http://www.facebook.com/externalhit_uatext.php)','69.171.251.16','2019-06-26 09:58:46'),(424,5,'PC','facebookexternalhit/1.1 (+http://www.facebook.com/externalhit_uatext.php)','69.171.251.38','2019-06-26 10:02:19'),(425,5,'PC','facebookexternalhit/1.1 (+http://www.facebook.com/externalhit_uatext.php)','69.171.251.24','2019-06-26 10:02:20'),(426,2,'PC','facebookexternalhit/1.1 (+http://www.facebook.com/externalhit_uatext.php)','69.171.251.39','2019-06-26 10:16:22'),(427,3,'PC','facebookexternalhit/1.1 (+http://www.facebook.com/externalhit_uatext.php)','69.171.251.23','2019-06-26 10:32:41'),(428,3,'PC','facebookexternalhit/1.1 (+http://www.facebook.com/externalhit_uatext.php)','173.252.95.25','2019-06-26 11:09:25'),(429,3,'PC','facebookexternalhit/1.1 (+http://www.facebook.com/externalhit_uatext.php)','173.252.95.45','2019-06-26 11:09:32'),(430,2,'PC','facebookexternalhit/1.1 (+http://www.facebook.com/externalhit_uatext.php)','173.252.95.41','2019-06-26 11:28:45'),(431,2,'PC','facebookexternalhit/1.1 (+http://www.facebook.com/externalhit_uatext.php)','173.252.95.40','2019-06-26 11:29:53'),(432,6,'PC','facebookexternalhit/1.1 (+http://www.facebook.com/externalhit_uatext.php)','173.252.95.34','2019-06-26 15:16:46'),(433,6,'PC','facebookexternalhit/1.1 (+http://www.facebook.com/externalhit_uatext.php)','173.252.95.34','2019-06-26 15:16:46'),(434,41,'PC','facebookexternalhit/1.1 (+http://www.facebook.com/externalhit_uatext.php)','173.252.95.16','2019-06-26 15:20:18'),(435,42,'Celular Android','Mozilla/5.0 (Linux; Android 7.1.2; Redmi 4X Build/N2G47H; wv) AppleWebKit/537.36 (KHTML, like Gecko) Version/4.0 Chrome/66.0.3359.158 Mobile Safari/537.36 [FB_IAB/FB4A;FBAV/226.0.0.49.120;]','201.230.38.152','2019-06-26 15:42:41'),(436,41,'PC','Mozilla/5.0 (Windows NT 10.0; Win64; x64) AppleWebKit/537.36 (KHTML, like Gecko) Chrome/75.0.3770.100 Safari/537.36','201.240.68.135','2019-06-26 17:52:18'),(437,41,'PC','facebookexternalhit/1.1 (+http://www.facebook.com/externalhit_uatext.php)','173.252.87.30','2019-06-26 17:54:26'),(438,41,'Celular Android','Mozilla/5.0 (Linux; Android 8.0.0; ANE-LX3 Build/HUAWEIANE-LX3; wv) AppleWebKit/537.36 (KHTML, like Gecko) Version/4.0 Chrome/75.0.3770.101 Mobile Safari/537.36 [FB_IAB/FB4A;FBAV/226.0.0.49.120;]','190.113.214.85','2019-06-26 18:21:41'),(439,2,'PC','facebookexternalhit/1.1 (+http://www.facebook.com/externalhit_uatext.php)','31.13.127.31','2019-06-26 19:28:31'),(440,2,'PC','facebookexternalhit/1.1 (+http://www.facebook.com/externalhit_uatext.php)','31.13.127.4','2019-06-26 22:59:53'),(441,41,'PC','facebookexternalhit/1.1 (+http://www.facebook.com/externalhit_uatext.php)','173.252.87.23','2019-06-26 23:50:46'),(442,5,'PC','facebookexternalhit/1.1 (+http://www.facebook.com/externalhit_uatext.php)','173.252.95.39','2019-06-27 11:11:50'),(443,5,'PC','facebookexternalhit/1.1 (+http://www.facebook.com/externalhit_uatext.php)','173.252.95.18','2019-06-27 11:11:50'),(444,5,'PC','facebookexternalhit/1.1 (+http://www.facebook.com/externalhit_uatext.php)','173.252.95.3','2019-06-27 11:11:50'),(445,5,'PC','facebookexternalhit/1.1 (+http://www.facebook.com/externalhit_uatext.php)','173.252.95.6','2019-06-27 11:15:21'),(446,3,'PC','facebookexternalhit/1.1 (+http://www.facebook.com/externalhit_uatext.php)','173.252.95.5','2019-06-27 11:54:18'),(447,3,'PC','facebookexternalhit/1.1 (+http://www.facebook.com/externalhit_uatext.php)','173.252.95.26','2019-06-27 11:54:20'),(448,42,'Celular Android','Mozilla/5.0 (Linux; Android 5.1.1; SM-J500M Build/LMY48B) AppleWebKit/537.36 (KHTML, like Gecko) Chrome/49.0.2623.105 Mobile Safari/537.36','168.196.201.154','2019-06-27 12:57:17'),(449,5,'PC','facebookexternalhit/1.1 (+http://www.facebook.com/externalhit_uatext.php)','173.252.87.20','2019-06-27 14:13:57'),(450,41,'Celular Android','Mozilla/5.0 (Linux; Android 6.0; LG-X240 Build/MRA58K; wv) AppleWebKit/537.36 (KHTML, like Gecko) Version/4.0 Chrome/74.0.3729.136 Mobile Safari/537.36 [FB_IAB/FB4A;FBAV/220.0.0.46.112;]','190.239.94.64','2019-06-27 15:03:18'),(451,6,'PC','facebookexternalhit/1.1 (+http://www.facebook.com/externalhit_uatext.php)','173.252.95.27','2019-06-27 15:49:43'),(452,2,'PC','facebookexternalhit/1.1 (+http://www.facebook.com/externalhit_uatext.php)','173.252.95.24','2019-06-27 17:21:14'),(453,3,'PC','facebookexternalhit/1.1 (+http://www.facebook.com/externalhit_uatext.php)','173.252.95.22','2019-06-27 17:46:37'),(454,3,'PC','Mozilla/5.0 (Windows NT 6.1; Win64; x64) AppleWebKit/537.36 (KHTML, like Gecko) Chrome/40.0.2214.85 Safari/537.36','173.252.127.4','2019-06-27 17:47:05'),(455,3,'Celular iOS','Mozilla/5.0 (iPhone; CPU iPhone OS 12_3_1 like Mac OS X) AppleWebKit/605.1.15 (KHTML, like Gecko) Version/12.1.1 Mobile/15E148 Safari/604.1','173.252.87.17','2019-06-27 17:47:05'),(456,3,'PC','Mozilla/5.0 (Windows NT 10.0; Win64; x64) AppleWebKit/537.36 (KHTML, like Gecko) Chrome/64.0.3282.140 Safari/537.36 Edge/17.17134','31.13.127.13','2019-06-27 17:47:06'),(457,3,'Celular Android','Mozilla/5.0 (Linux; Android 6.0.1; Nexus 6P Build/MMB29P) AppleWebKit/537.36 (KHTML, like Gecko) Chrome/47.0.2526.83 Mobile Safari/537.36','173.252.127.27','2019-06-27 17:47:31'),(458,3,'Celular Android','Mozilla/5.0 (Linux; Android 6.0.1; Nexus 6P Build/MMB29P) AppleWebKit/537.36 (KHTML, like Gecko) Chrome/47.0.2526.83 Mobile Safari/537.36','69.171.251.29','2019-06-27 17:47:31'),(459,3,'Celular Android','Mozilla/5.0 (Linux; Android 6.0.1; Nexus 6P Build/MMB29P) AppleWebKit/537.36 (KHTML, like Gecko) Chrome/47.0.2526.83 Mobile Safari/537.36','31.13.115.13','2019-06-27 17:47:32'),(460,2,'PC','facebookexternalhit/1.1 (+http://www.facebook.com/externalhit_uatext.php)','173.252.83.11','2019-06-27 18:00:36'),(461,41,'PC','facebookexternalhit/1.1 (+http://www.facebook.com/externalhit_uatext.php)','173.252.87.8','2019-06-27 18:20:56'),(462,41,'PC','facebookexternalhit/1.1 (+http://www.facebook.com/externalhit_uatext.php)','173.252.87.25','2019-06-27 18:21:11'),(463,3,'Celular Android','Mozilla/5.0 (Linux; Android 9; MAR-LX3A Build/HUAWEIMAR-L23A; wv) AppleWebKit/537.36 (KHTML, like Gecko) Version/4.0 Chrome/75.0.3770.101 Mobile Safari/537.36 [FB_IAB/FB4A;FBAV/227.0.0.43.158;]','190.113.215.20','2019-06-27 18:23:16'),(464,2,'PC','facebookexternalhit/1.1 (+http://www.facebook.com/externalhit_uatext.php)','31.13.127.3','2019-06-27 18:44:36'),(465,5,'Celular Android','Mozilla/5.0 (Linux; Android 8.0.0; LDN-LX3) AppleWebKit/537.36 (KHTML, like Gecko) Chrome/72.0.3626.105 Mobile Safari/537.36','66.249.88.97','2019-06-27 23:24:40'),(466,41,'PC','facebookexternalhit/1.1 (+http://www.facebook.com/externalhit_uatext.php)','173.252.95.25','2019-06-28 11:12:03'),(467,3,'PC','facebookexternalhit/1.1 (+http://www.facebook.com/externalhit_uatext.php)','173.252.95.31','2019-06-28 11:19:04'),(468,41,'Celular Android','Mozilla/5.0 (Linux; Android 6.0.1; Moto G (4) Build/MPJ24.139-23.2; wv) AppleWebKit/537.36 (KHTML, like Gecko) Version/4.0 Chrome/73.0.3683.90 Mobile Safari/537.36 [FB_IAB/FB4A;FBAV/225.0.0.47.118;]','190.239.89.88','2019-06-28 12:18:05'),(469,3,'PC','facebookexternalhit/1.1 (+http://www.facebook.com/externalhit_uatext.php)','173.252.95.13','2019-06-28 13:22:31'),(470,3,'PC','facebookexternalhit/1.1 (+http://www.facebook.com/externalhit_uatext.php)','173.252.95.47','2019-06-28 13:22:32'),(471,42,'Celular Android','Mozilla/5.0 (Linux; Android 8.0.0; MHA-L29 Build/HUAWEIMHA-L29; wv) AppleWebKit/537.36 (KHTML, like Gecko) Version/4.0 Chrome/75.0.3770.101 Mobile Safari/537.36 [FB_IAB/FB4A;FBAV/227.0.0.43.158;]','181.176.108.127','2019-06-28 15:57:50'),(472,3,'PC','facebookexternalhit/1.1 (+http://www.facebook.com/externalhit_uatext.php)','173.252.95.24','2019-06-28 16:30:05'),(473,3,'PC','facebookexternalhit/1.1 (+http://www.facebook.com/externalhit_uatext.php)','173.252.95.29','2019-06-28 16:45:54'),(474,41,'PC','facebookexternalhit/1.1 (+http://www.facebook.com/externalhit_uatext.php)','173.252.95.35','2019-06-28 16:47:13'),(475,41,'PC','facebookexternalhit/1.1 (+http://www.facebook.com/externalhit_uatext.php)','173.252.95.33','2019-06-28 16:47:13'),(476,2,'PC','facebookexternalhit/1.1 (+http://www.facebook.com/externalhit_uatext.php)','173.252.95.36','2019-06-28 17:19:21'),(477,3,'PC','facebookexternalhit/1.1 (+http://www.facebook.com/externalhit_uatext.php)','173.252.95.30','2019-06-28 18:20:23'),(478,41,'PC','facebookexternalhit/1.1 (+http://www.facebook.com/externalhit_uatext.php)','173.252.127.32','2019-06-28 18:29:04'),(479,41,'Celular Android','Mozilla/5.0 (Linux; Android 6.0; MYA-L13 Build/HUAWEIMYA-L13; wv) AppleWebKit/537.36 (KHTML, like Gecko) Version/4.0 Chrome/74.0.3729.136 Mobile Safari/537.36 [FB_IAB/FB4A;FBAV/219.0.0.46.114;]','181.176.96.64','2019-06-28 19:21:58'),(480,41,'PC','facebookexternalhit/1.1 (+http://www.facebook.com/externalhit_uatext.php)','66.220.149.14','2019-06-28 23:49:48'),(481,6,'PC','facebookexternalhit/1.1 (+http://www.facebook.com/externalhit_uatext.php)','173.252.87.24','2019-06-29 00:17:26'),(482,2,'PC','facebookexternalhit/1.1 (+http://www.facebook.com/externalhit_uatext.php)','173.252.127.10','2019-06-29 03:38:42'),(483,3,'PC','facebookexternalhit/1.1 (+http://www.facebook.com/externalhit_uatext.php)','173.252.95.30','2019-06-29 09:00:05'),(484,3,'PC','facebookexternalhit/1.1 (+http://www.facebook.com/externalhit_uatext.php)','69.171.251.37','2019-06-29 09:29:45'),(485,2,'PC','facebookexternalhit/1.1 (+http://www.facebook.com/externalhit_uatext.php)','69.171.251.27','2019-06-29 10:43:08'),(486,41,'PC','facebookexternalhit/1.1 (+http://www.facebook.com/externalhit_uatext.php)','66.220.149.5','2019-06-29 17:19:47'),(487,3,'PC','facebookexternalhit/1.1 (+http://www.facebook.com/externalhit_uatext.php)','173.252.95.41','2019-06-29 17:36:22'),(488,41,'PC','facebookexternalhit/1.1 (+http://www.facebook.com/externalhit_uatext.php)','69.171.251.32','2019-06-29 21:02:38'),(489,2,'PC','facebookexternalhit/1.1 (+http://www.facebook.com/externalhit_uatext.php)','173.252.127.48','2019-06-30 03:13:19'),(490,2,'PC','facebookexternalhit/1.1 (+http://www.facebook.com/externalhit_uatext.php)','173.252.127.24','2019-06-30 03:13:37'),(491,41,'PC','facebookexternalhit/1.1 (+http://www.facebook.com/externalhit_uatext.php)','173.252.83.3','2019-06-30 06:32:11'),(492,41,'Celular iOS','Mozilla/5.0 (iPhone; CPU iPhone OS 11_4_1 like Mac OS X) AppleWebKit/605.1.15 (KHTML, like Gecko) Mobile/15G77 [FBAN/FBIOS;FBAV/181.0.0.33.81;FBBV/117675513;FBDV/iPhone9,4;FBMD/iPhone;FBSN/iOS;FBSV/11.4.1;FBSS/3;FBCR/ENTELPCS;FBID/phone;FBLC/es_LA;FBOP/5;FBRV/0]','186.11.15.117','2019-06-30 08:16:54'),(493,2,'PC','facebookexternalhit/1.1 (+http://www.facebook.com/externalhit_uatext.php)','31.13.127.40','2019-06-30 21:03:34'),(494,41,'PC','facebookexternalhit/1.1 (+http://www.facebook.com/externalhit_uatext.php)','173.252.83.3','2019-06-30 21:36:24'),(495,3,'PC','facebookexternalhit/1.1 (+http://www.facebook.com/externalhit_uatext.php)','173.252.95.25','2019-07-01 07:23:49'),(496,5,'PC','facebookexternalhit/1.1 (+http://www.facebook.com/externalhit_uatext.php)','173.252.95.35','2019-07-01 07:39:13'),(497,5,'PC','facebookexternalhit/1.1 (+http://www.facebook.com/externalhit_uatext.php)','173.252.95.28','2019-07-01 07:39:48'),(498,3,'PC','facebookexternalhit/1.1 (+http://www.facebook.com/externalhit_uatext.php)','173.252.95.46','2019-07-01 09:42:47'),(499,3,'PC','facebookexternalhit/1.1 (+http://www.facebook.com/externalhit_uatext.php)','173.252.95.28','2019-07-01 09:42:47'),(500,3,'PC','facebookexternalhit/1.1 (+http://www.facebook.com/externalhit_uatext.php)','173.252.95.7','2019-07-01 09:48:32'),(501,5,'PC','facebookexternalhit/1.1 (+http://www.facebook.com/externalhit_uatext.php)','173.252.95.43','2019-07-01 09:56:25'),(502,5,'PC','facebookexternalhit/1.1 (+http://www.facebook.com/externalhit_uatext.php)','173.252.95.33','2019-07-01 09:56:27'),(503,6,'PC','facebookexternalhit/1.1 (+http://www.facebook.com/externalhit_uatext.php)','173.252.95.9','2019-07-01 10:30:03'),(504,42,'PC','Mozilla/5.0 (Windows NT 6.1; Win64; x64) AppleWebKit/537.36 (KHTML, like Gecko) Chrome/75.0.3770.100 Safari/537.36','201.230.37.76','2019-07-01 10:41:54'),(505,42,'PC','facebookexternalhit/1.1 (+http://www.facebook.com/externalhit_uatext.php)','173.252.95.26','2019-07-01 10:41:54'),(506,41,'PC','Mozilla/5.0 (Windows NT 6.1; Win64; x64) AppleWebKit/537.36 (KHTML, like Gecko) Chrome/75.0.3770.100 Safari/537.36','201.230.37.76','2019-07-01 10:42:34'),(507,3,'PC','facebookexternalhit/1.1 (+http://www.facebook.com/externalhit_uatext.php)','173.252.95.40','2019-07-01 11:53:25'),(508,3,'PC','facebookexternalhit/1.1 (+http://www.facebook.com/externalhit_uatext.php)','173.252.95.40','2019-07-01 11:53:25'),(509,3,'PC','facebookexternalhit/1.1 (+http://www.facebook.com/externalhit_uatext.php)','173.252.95.8','2019-07-01 11:53:26'),(510,3,'PC','facebookexternalhit/1.1 (+http://www.facebook.com/externalhit_uatext.php)','173.252.95.13','2019-07-01 11:54:01'),(511,5,'PC','Mozilla/5.0 (Windows NT 10.0; Win64; x64) AppleWebKit/537.36 (KHTML, like Gecko) Chrome/75.0.3770.100 Safari/537.36','190.117.169.4','2019-07-01 11:54:39'),(512,5,'PC','facebookexternalhit/1.1 (+http://www.facebook.com/externalhit_uatext.php)','173.252.83.10','2019-07-01 11:54:40'),(513,5,'Celular iOS','Mozilla/5.0 (iPhone; CPU iPhone OS 12_2 like Mac OS X) AppleWebKit/605.1.15 (KHTML, like Gecko) Version/12.1 Mobile/15E148 Safari/604.1','31.13.115.12','2019-07-01 11:54:59'),(514,5,'PC','facebookexternalhit/1.1 (+http://www.facebook.com/externalhit_uatext.php)','66.220.149.1','2019-07-01 12:27:39'),(515,3,'PC','facebookexternalhit/1.1 (+http://www.facebook.com/externalhit_uatext.php)','173.252.95.5','2019-07-01 12:41:02'),(516,41,'Celular Android','Mozilla/5.0 (Linux; Android 8.1.0; Moto G (5) Build/OPPS28.85-13-6; wv) AppleWebKit/537.36 (KHTML, like Gecko) Version/4.0 Chrome/75.0.3770.101 Mobile Safari/537.36 [FB_IAB/FB4A;FBAV/227.0.0.43.158;]','190.113.214.48','2019-07-01 13:05:15'),(517,5,'PC','facebookexternalhit/1.1 (+http://www.facebook.com/externalhit_uatext.php)','173.252.87.26','2019-07-01 14:34:20'),(518,6,'PC','facebookexternalhit/1.1 (+http://www.facebook.com/externalhit_uatext.php)','173.252.79.7','2019-07-01 15:37:57'),(519,5,'PC','facebookexternalhit/1.1 (+http://www.facebook.com/externalhit_uatext.php)','173.252.95.9','2019-07-01 15:39:50'),(520,6,'Celular Android','Mozilla/5.0 (Linux; Android 6.0; MYA-L13 Build/HUAWEIMYA-L13; wv) AppleWebKit/537.36 (KHTML, like Gecko) Version/4.0 Chrome/55.0.2883.91 Mobile Safari/537.36 [FB_IAB/FB4A;FBAV/222.0.0.48.113;]','181.176.124.189','2019-07-01 15:40:31'),(521,41,'PC','facebookexternalhit/1.1 (+http://www.facebook.com/externalhit_uatext.php)','173.252.87.4','2019-07-01 16:58:45'),(522,5,'PC','facebookexternalhit/1.1 (+http://www.facebook.com/externalhit_uatext.php)','69.171.251.31','2019-07-01 17:34:20'),(523,41,'Celular Android','Mozilla/5.0 (Linux; Android 9; SM-G965F Build/PPR1.180610.011; wv) AppleWebKit/537.36 (KHTML, like Gecko) Version/4.0 Chrome/75.0.3770.101 Mobile Safari/537.36 [FB_IAB/FB4A;FBAV/227.0.0.43.158;]','190.239.91.47','2019-07-01 17:34:48'),(524,42,'Celular Android','Mozilla/5.0 (Linux; Android 9; SM-G965F Build/PPR1.180610.011; wv) AppleWebKit/537.36 (KHTML, like Gecko) Version/4.0 Chrome/75.0.3770.101 Mobile Safari/537.36 [FB_IAB/FB4A;FBAV/227.0.0.43.158;]','190.239.91.47','2019-07-01 17:34:50'),(525,41,'PC','facebookexternalhit/1.1 (+http://www.facebook.com/externalhit_uatext.php)','173.252.83.7','2019-07-01 17:34:51'),(526,41,'PC','facebookexternalhit/1.1 (+http://www.facebook.com/externalhit_uatext.php)','173.252.83.15','2019-07-01 18:17:30'),(527,6,'PC','facebookexternalhit/1.1 (+http://www.facebook.com/externalhit_uatext.php)','173.252.83.16','2019-07-01 19:51:53'),(528,41,'PC','facebookexternalhit/1.1 (+http://www.facebook.com/externalhit_uatext.php)','69.171.251.24','2019-07-01 20:33:39'),(529,41,'PC','Mozilla/5.0 (Windows NT 6.1) AppleWebKit/537.36 (KHTML, like Gecko) Chrome/75.0.3770.100 Safari/537.36','190.42.16.157','2019-07-01 21:12:01'),(530,5,'PC','facebookexternalhit/1.1 (+http://www.facebook.com/externalhit_uatext.php)','66.220.149.34','2019-07-01 21:38:40'),(531,5,'Celular Android','Mozilla/5.0 (Linux; Android 7.0; LG-M250 Build/NRD90U; wv) AppleWebKit/537.36 (KHTML, like Gecko) Version/4.0 Chrome/75.0.3770.101 Mobile Safari/537.36 [FB_IAB/FB4A;FBAV/227.0.0.43.158;]','190.113.215.77','2019-07-01 21:54:22'),(532,6,'PC','facebookexternalhit/1.1 (+http://www.facebook.com/externalhit_uatext.php)','173.252.83.16','2019-07-02 05:43:25'),(533,41,'PC','facebookexternalhit/1.1 (+http://www.facebook.com/externalhit_uatext.php)','69.171.251.26','2019-07-02 06:51:02'),(534,41,'Celular Android','Mozilla/5.0 (Linux; Android 7.0; LG-M400 Build/NRD90U; wv) AppleWebKit/537.36 (KHTML, like Gecko) Version/4.0 Chrome/64.0.3282.137 Mobile Safari/537.36 [FB_IAB/FB4A;FBAV/218.0.0.46.109;]','181.176.119.16','2019-07-02 07:38:47'),(535,5,'PC','facebookexternalhit/1.1 (+http://www.facebook.com/externalhit_uatext.php)','66.220.149.2','2019-07-02 08:48:03'),(536,3,'PC','facebookexternalhit/1.1 (+http://www.facebook.com/externalhit_uatext.php)','173.252.83.1','2019-07-02 11:35:00'),(537,3,'PC','facebookexternalhit/1.1 (+http://www.facebook.com/externalhit_uatext.php)','173.252.83.3','2019-07-02 11:35:01'),(538,5,'PC','facebookexternalhit/1.1 (+http://www.facebook.com/externalhit_uatext.php)','173.252.83.8','2019-07-02 13:10:03'),(539,3,'PC','facebookexternalhit/1.1 (+http://www.facebook.com/externalhit_uatext.php)','173.252.83.15','2019-07-02 13:20:15'),(540,41,'Celular Android','Mozilla/5.0 (Linux; Android 5.1; LG-H815 Build/LMY47D; wv) AppleWebKit/537.36 (KHTML, like Gecko) Version/4.0 Chrome/75.0.3770.101 Mobile Safari/537.36 [FB_IAB/FB4A;FBAV/227.0.0.43.158;]','190.113.214.248','2019-07-02 13:47:54'),(541,41,'Celular Android','Mozilla/5.0 (Linux; Android 5.1; LG-H815 Build/LMY47D; wv) AppleWebKit/537.36 (KHTML, like Gecko) Version/4.0 Chrome/75.0.3770.101 Mobile Safari/537.36 [FB_IAB/FB4A;FBAV/227.0.0.43.158;]','190.113.214.248','2019-07-02 13:48:12'),(542,3,'PC','facebookexternalhit/1.1 (+http://www.facebook.com/externalhit_uatext.php)','173.252.95.29','2019-07-02 15:08:55'),(543,3,'PC','facebookexternalhit/1.1 (+http://www.facebook.com/externalhit_uatext.php)','173.252.95.48','2019-07-02 15:08:55'),(544,3,'PC','facebookexternalhit/1.1 (+http://www.facebook.com/externalhit_uatext.php)','173.252.95.30','2019-07-02 15:08:55'),(545,3,'PC','facebookexternalhit/1.1 (+http://www.facebook.com/externalhit_uatext.php)','173.252.95.13','2019-07-02 15:08:59'),(546,2,'PC','facebookexternalhit/1.1 (+http://www.facebook.com/externalhit_uatext.php)','173.252.95.28','2019-07-02 16:02:28'),(547,2,'PC','facebookexternalhit/1.1 (+http://www.facebook.com/externalhit_uatext.php)','173.252.95.41','2019-07-02 16:28:11'),(548,2,'PC','facebookexternalhit/1.1 (+http://www.facebook.com/externalhit_uatext.php)','173.252.95.48','2019-07-02 16:45:32'),(549,2,'PC','facebookexternalhit/1.1 (+http://www.facebook.com/externalhit_uatext.php)','173.252.95.36','2019-07-02 16:51:13'),(550,43,'PC','facebookexternalhit/1.1 (+http://www.facebook.com/externalhit_uatext.php)','69.171.251.11','2019-07-02 18:01:49'),(551,43,'PC','facebookexternalhit/1.1 (+http://www.facebook.com/externalhit_uatext.php)','173.252.83.9','2019-07-02 18:01:49'),(552,43,'PC','facebookexternalhit/1.1 (+http://www.facebook.com/externalhit_uatext.php)','173.252.83.16','2019-07-02 18:02:18'),(553,43,'PC','facebookexternalhit/1.1 (+http://www.facebook.com/externalhit_uatext.php)','173.252.95.44','2019-07-02 18:03:03'),(554,41,'PC','facebookexternalhit/1.1 (+http://www.facebook.com/externalhit_uatext.php)','173.252.87.24','2019-07-02 18:19:38'),(555,41,'PC','facebookexternalhit/1.1 (+http://www.facebook.com/externalhit_uatext.php)','173.252.87.37','2019-07-02 18:19:52'),(556,43,'PC','facebookexternalhit/1.1 (+http://www.facebook.com/externalhit_uatext.php)','173.252.95.47','2019-07-02 18:20:09'),(557,43,'PC','facebookexternalhit/1.1 (+http://www.facebook.com/externalhit_uatext.php)','173.252.83.2','2019-07-02 18:38:54'),(558,3,'PC','facebookexternalhit/1.1 (+http://www.facebook.com/externalhit_uatext.php)','173.252.83.10','2019-07-02 18:41:44'),(559,3,'PC','facebookexternalhit/1.1 (+http://www.facebook.com/externalhit_uatext.php)','173.252.83.3','2019-07-02 18:41:50'),(560,5,'PC','facebookexternalhit/1.1 (+http://www.facebook.com/externalhit_uatext.php)','173.252.83.11','2019-07-02 19:22:14'),(561,41,'Celular Android','Mozilla/5.0 (Linux; Android 5.1.1; SM-J500M Build/LMY48B; wv) AppleWebKit/537.36 (KHTML, like Gecko) Version/4.0 Chrome/73.0.3683.90 Mobile Safari/537.36 [FB_IAB/FB4A;FBAV/215.0.0.45.98;]','190.42.16.161','2019-07-02 19:58:56'),(562,43,'PC','facebookexternalhit/1.1 (+http://www.facebook.com/externalhit_uatext.php)','173.252.83.13','2019-07-02 20:24:35'),(563,43,'PC','facebookexternalhit/1.1 (+http://www.facebook.com/externalhit_uatext.php)','173.252.83.7','2019-07-02 20:46:56'),(564,43,'PC','facebookexternalhit/1.1 (+http://www.facebook.com/externalhit_uatext.php)','173.252.83.2','2019-07-02 20:47:10'),(565,3,'PC','facebookexternalhit/1.1 (+http://www.facebook.com/externalhit_uatext.php)','173.252.83.12','2019-07-02 20:48:19'),(566,41,'PC','facebookexternalhit/1.1 (+http://www.facebook.com/externalhit_uatext.php)','69.171.251.47','2019-07-02 22:30:43'),(567,43,'PC','facebookexternalhit/1.1 (+http://www.facebook.com/externalhit_uatext.php)','31.13.127.37','2019-07-02 23:26:50'),(568,42,'PC','Mozilla/5.0 (compatible; Googlebot/2.1; +http://www.google.com/bot.html)','66.249.73.64','2019-07-03 01:48:55'),(569,6,'PC','facebookexternalhit/1.1 (+http://www.facebook.com/externalhit_uatext.php)','173.252.127.51','2019-07-03 04:34:39'),(570,41,'PC','facebookexternalhit/1.1 (+http://www.facebook.com/externalhit_uatext.php)','173.252.95.21','2019-07-03 08:22:14'),(571,43,'PC','facebookexternalhit/1.1 (+http://www.facebook.com/externalhit_uatext.php)','173.252.127.6','2019-07-03 09:52:36'),(572,43,'PC','facebookexternalhit/1.1 (+http://www.facebook.com/externalhit_uatext.php)','173.252.127.36','2019-07-03 09:52:45'),(573,6,'PC','facebookexternalhit/1.1 (+http://www.facebook.com/externalhit_uatext.php)','173.252.127.34','2019-07-03 10:03:58'),(574,43,'PC','facebookexternalhit/1.1 (+http://www.facebook.com/externalhit_uatext.php)','173.252.127.27','2019-07-03 10:38:46'),(575,2,'PC','facebookexternalhit/1.1 (+http://www.facebook.com/externalhit_uatext.php)','173.252.127.53','2019-07-03 10:40:39'),(576,43,'PC','facebookexternalhit/1.1 (+http://www.facebook.com/externalhit_uatext.php)','173.252.127.41','2019-07-03 10:44:26'),(577,43,'PC','facebookexternalhit/1.1 (+http://www.facebook.com/externalhit_uatext.php)','173.252.127.50','2019-07-03 10:48:28'),(578,43,'PC','facebookexternalhit/1.1 (+http://www.facebook.com/externalhit_uatext.php)','173.252.127.56','2019-07-03 10:49:18'),(579,43,'PC','facebookexternalhit/1.1 (+http://www.facebook.com/externalhit_uatext.php)','173.252.95.45','2019-07-03 11:32:35'),(580,2,'PC','facebookexternalhit/1.1 (+http://www.facebook.com/externalhit_uatext.php)','173.252.95.1','2019-07-03 11:33:07'),(581,3,'PC','facebookexternalhit/1.1 (+http://www.facebook.com/externalhit_uatext.php)','69.171.251.18','2019-07-03 12:03:50'),(582,3,'PC','facebookexternalhit/1.1 (+http://www.facebook.com/externalhit_uatext.php)','173.252.95.33','2019-07-03 12:03:52'),(583,3,'PC','facebookexternalhit/1.1 (+http://www.facebook.com/externalhit_uatext.php)','173.252.95.40','2019-07-03 12:03:52'),(584,41,'PC','facebookexternalhit/1.1 (+http://www.facebook.com/externalhit_uatext.php)','66.220.149.19','2019-07-03 12:16:12'),(585,3,'PC','facebookexternalhit/1.1 (+http://www.facebook.com/externalhit_uatext.php)','173.252.95.26','2019-07-03 14:48:20'),(586,3,'PC','facebookexternalhit/1.1 (+http://www.facebook.com/externalhit_uatext.php)','173.252.95.32','2019-07-03 14:48:20'),(587,43,'PC','facebookexternalhit/1.1 (+http://www.facebook.com/externalhit_uatext.php)','173.252.95.8','2019-07-03 14:54:07'),(588,6,'PC','facebookexternalhit/1.1 (+http://www.facebook.com/externalhit_uatext.php)','173.252.95.17','2019-07-03 15:04:04'),(589,43,'PC','facebookexternalhit/1.1 (+http://www.facebook.com/externalhit_uatext.php)','173.252.83.11','2019-07-03 16:51:54'),(590,2,'PC','facebookexternalhit/1.1 (+http://www.facebook.com/externalhit_uatext.php)','173.252.83.1','2019-07-03 16:58:33'),(591,43,'PC','facebookexternalhit/1.1 (+http://www.facebook.com/externalhit_uatext.php)','173.252.95.40','2019-07-03 18:13:07'),(592,43,'PC','facebookexternalhit/1.1 (+http://www.facebook.com/externalhit_uatext.php)','173.252.95.8','2019-07-03 18:13:32'),(593,43,'PC','facebookexternalhit/1.1 (+http://www.facebook.com/externalhit_uatext.php)','173.252.95.23','2019-07-03 18:15:29'),(594,41,'PC','facebookexternalhit/1.1 (+http://www.facebook.com/externalhit_uatext.php)','173.252.87.38','2019-07-03 18:27:32'),(595,41,'PC','facebookexternalhit/1.1 (+http://www.facebook.com/externalhit_uatext.php)','173.252.87.38','2019-07-03 18:27:40'),(596,41,'PC','facebookexternalhit/1.1 (+http://www.facebook.com/externalhit_uatext.php)','173.252.127.15','2019-07-03 18:27:41'),(597,41,'PC','facebookexternalhit/1.1 (+http://www.facebook.com/externalhit_uatext.php)','173.252.127.59','2019-07-03 18:27:42'),(598,41,'PC','facebookexternalhit/1.1 (+http://www.facebook.com/externalhit_uatext.php)','66.220.149.18','2019-07-03 18:28:40'),(599,41,'PC','facebookexternalhit/1.1 (+http://www.facebook.com/externalhit_uatext.php)','173.252.83.7','2019-07-03 21:44:43'),(600,41,'PC','facebookexternalhit/1.1 (+http://www.facebook.com/externalhit_uatext.php)','173.252.95.25','2019-07-04 01:36:35'),(601,43,'PC','facebookexternalhit/1.1 (+http://www.facebook.com/externalhit_uatext.php)','173.252.83.7','2019-07-04 05:42:04'),(602,43,'PC','facebookexternalhit/1.1 (+http://www.facebook.com/externalhit_uatext.php)','173.252.83.13','2019-07-04 08:43:46'),(603,41,'PC','facebookexternalhit/1.1 (+http://www.facebook.com/externalhit_uatext.php)','173.252.83.15','2019-07-04 09:52:50'),(604,6,'Celular Android','Mozilla/5.0 (Linux; Android 8.0.0; FIG-LX3 Build/HUAWEIFIG-LX3; wv) AppleWebKit/537.36 (KHTML, like Gecko) Version/4.0 Chrome/71.0.3578.99 Mobile Safari/537.36 [FB_IAB/FB4A;FBAV/227.0.0.43.158;]','201.240.68.38','2019-07-04 09:58:12'),(605,6,'PC','facebookexternalhit/1.1 (+http://www.facebook.com/externalhit_uatext.php)','173.252.127.25','2019-07-04 10:04:02'),(606,43,'PC','facebookexternalhit/1.1 (+http://www.facebook.com/externalhit_uatext.php)','173.252.127.14','2019-07-04 11:17:42'),(607,43,'PC','facebookexternalhit/1.1 (+http://www.facebook.com/externalhit_uatext.php)','173.252.127.10','2019-07-04 11:17:47'),(608,43,'PC','facebookexternalhit/1.1 (+http://www.facebook.com/externalhit_uatext.php)','173.252.95.44','2019-07-04 11:33:35'),(609,43,'PC','facebookexternalhit/1.1 (+http://www.facebook.com/externalhit_uatext.php)','173.252.95.47','2019-07-04 11:33:56'),(610,43,'PC','facebookexternalhit/1.1 (+http://www.facebook.com/externalhit_uatext.php)','173.252.95.20','2019-07-04 11:40:15'),(611,43,'PC','facebookexternalhit/1.1 (+http://www.facebook.com/externalhit_uatext.php)','173.252.95.23','2019-07-04 11:40:36'),(612,43,'PC','facebookexternalhit/1.1 (+http://www.facebook.com/externalhit_uatext.php)','173.252.95.19','2019-07-04 11:40:37'),(613,43,'PC','facebookexternalhit/1.1 (+http://www.facebook.com/externalhit_uatext.php)','173.252.83.5','2019-07-04 11:49:06'),(614,43,'PC','facebookexternalhit/1.1 (+http://www.facebook.com/externalhit_uatext.php)','173.252.83.14','2019-07-04 12:35:18'),(615,43,'PC','facebookexternalhit/1.1 (+http://www.facebook.com/externalhit_uatext.php)','173.252.95.14','2019-07-04 12:56:51'),(616,3,'PC','facebookexternalhit/1.1 (+http://www.facebook.com/externalhit_uatext.php)','173.252.95.38','2019-07-04 14:24:54'),(617,3,'PC','facebookexternalhit/1.1 (+http://www.facebook.com/externalhit_uatext.php)','173.252.95.7','2019-07-04 14:24:54'),(618,3,'PC','facebookexternalhit/1.1 (+http://www.facebook.com/externalhit_uatext.php)','173.252.95.9','2019-07-04 14:24:55'),(619,5,'PC','facebookexternalhit/1.1 (+http://www.facebook.com/externalhit_uatext.php)','173.252.95.15','2019-07-04 14:46:35'),(620,3,'PC','facebookexternalhit/1.1 (+http://www.facebook.com/externalhit_uatext.php)','173.252.95.1','2019-07-04 15:06:03'),(621,3,'PC','facebookexternalhit/1.1 (+http://www.facebook.com/externalhit_uatext.php)','173.252.95.40','2019-07-04 15:56:36'),(622,43,'PC','facebookexternalhit/1.1 (+http://www.facebook.com/externalhit_uatext.php)','173.252.95.43','2019-07-04 17:31:44'),(623,6,'PC','facebookexternalhit/1.1 (+http://www.facebook.com/externalhit_uatext.php)','173.252.95.22','2019-07-04 18:00:26'),(624,43,'PC','facebookexternalhit/1.1 (+http://www.facebook.com/externalhit_uatext.php)','173.252.95.9','2019-07-04 18:11:37'),(625,6,'PC','facebookexternalhit/1.1 (+http://www.facebook.com/externalhit_uatext.php)','173.252.95.26','2019-07-04 18:29:33'),(626,41,'PC','facebookexternalhit/1.1 (+http://www.facebook.com/externalhit_uatext.php)','173.252.87.32','2019-07-04 18:54:22'),(627,43,'PC','facebookexternalhit/1.1 (+http://www.facebook.com/externalhit_uatext.php)','173.252.83.2','2019-07-04 19:24:11'),(628,43,'PC','facebookexternalhit/1.1 (+http://www.facebook.com/externalhit_uatext.php)','173.252.83.7','2019-07-04 20:50:09'),(629,6,'PC','Mozilla/5.0 (TweetmemeBot/4.0; +http://datasift.com/bot.html) Gecko/20100101 Firefox/31.0','185.20.6.155','2019-07-04 23:52:55'),(630,6,'PC','facebookexternalhit/1.1 (+http://www.facebook.com/externalhit_uatext.php)','173.252.95.40','2019-07-04 23:52:58'),(631,6,'PC','Mozilla/5.0 (Windows NT 10.0; Win64; x64) AppleWebKit/537.36 (KHTML, like Gecko) Chrome/75.0.3770.100 Safari/537.36','173.252.95.4','2019-07-04 23:53:03'),(632,6,'PC','Mozilla/5.0 (Windows NT 10.0; Win64; x64) AppleWebKit/537.36 (KHTML, like Gecko) Chrome/75.0.3770.100 Safari/537.36','173.252.87.3','2019-07-04 23:53:03'),(633,6,'Celular iOS','Mozilla/5.0 (iPhone; CPU iPhone OS 10_3_3 like Mac OS X) AppleWebKit/603.3.8 (KHTML, like Gecko) Version/10.0 Mobile/14G60 Safari/602.1','173.252.87.15','2019-07-04 23:53:04'),(634,6,'PC','Mozilla/5.0 (Windows NT 10.0; Win64; x64) AppleWebKit/537.36 (KHTML, like Gecko) Chrome/75.0.3770.100 Safari/537.36','31.13.115.14','2019-07-04 23:53:04'),(635,6,'Celular Android','Mozilla/5.0 (Linux; Android 6.0.1; Nexus 6P Build/MMB29P) AppleWebKit/537.36 (KHTML, like Gecko) Chrome/47.0.2526.83 Mobile Safari/537.36','173.252.127.36','2019-07-04 23:53:29'),(636,6,'Celular Android','Mozilla/5.0 (Linux; Android 6.0.1; Nexus 6P Build/MMB29P) AppleWebKit/537.36 (KHTML, like Gecko) Chrome/47.0.2526.83 Mobile Safari/537.36','173.252.127.23','2019-07-04 23:53:30'),(637,6,'Celular Android','Mozilla/5.0 (Linux; Android 6.0.1; Nexus 6P Build/MMB29P) AppleWebKit/537.36 (KHTML, like Gecko) Chrome/47.0.2526.83 Mobile Safari/537.36','173.252.127.55','2019-07-04 23:53:30'),(638,6,'Celular Android','Mozilla/5.0 (Linux; Android 6.0.1; Nexus 6P Build/MMB29P) AppleWebKit/537.36 (KHTML, like Gecko) Chrome/47.0.2526.83 Mobile Safari/537.36','31.13.115.5','2019-07-04 23:53:32'),(639,43,'PC','facebookexternalhit/1.1 (+http://www.facebook.com/externalhit_uatext.php)','173.252.83.16','2019-07-05 04:50:18'),(640,6,'PC','facebookexternalhit/1.1 (+http://www.facebook.com/externalhit_uatext.php)','173.252.127.38','2019-07-05 04:51:05'),(641,6,'PC','facebookexternalhit/1.1 (+http://www.facebook.com/externalhit_uatext.php)','173.252.127.15','2019-07-05 04:51:05'),(642,6,'PC','facebookexternalhit/1.1 (+http://www.facebook.com/externalhit_uatext.php)','173.252.127.27','2019-07-05 04:51:06'),(643,6,'PC','facebookexternalhit/1.1 (+http://www.facebook.com/externalhit_uatext.php)','173.252.127.8','2019-07-05 04:51:06'),(644,43,'PC','facebookexternalhit/1.1 (+http://www.facebook.com/externalhit_uatext.php)','173.252.83.2','2019-07-05 04:57:39'),(645,43,'PC','facebookexternalhit/1.1 (+http://www.facebook.com/externalhit_uatext.php)','173.252.83.14','2019-07-05 04:57:55'),(646,43,'PC','facebookexternalhit/1.1 (+http://www.facebook.com/externalhit_uatext.php)','173.252.83.12','2019-07-05 04:58:09'),(647,43,'PC','facebookexternalhit/1.1 (+http://www.facebook.com/externalhit_uatext.php)','173.252.83.11','2019-07-05 04:58:28'),(648,2,'PC','facebookexternalhit/1.1 (+http://www.facebook.com/externalhit_uatext.php)','173.252.83.2','2019-07-05 04:59:16'),(649,3,'PC','facebookexternalhit/1.1 (+http://www.facebook.com/externalhit_uatext.php)','173.252.127.38','2019-07-05 09:27:58'),(650,41,'PC','facebookexternalhit/1.1 (+http://www.facebook.com/externalhit_uatext.php)','173.252.83.2','2019-07-05 10:29:07'),(651,6,'PC','facebookexternalhit/1.1 (+http://www.facebook.com/externalhit_uatext.php)','173.252.95.8','2019-07-05 12:18:15'),(652,43,'PC','facebookexternalhit/1.1 (+http://www.facebook.com/externalhit_uatext.php)','173.252.83.10','2019-07-05 13:53:02'),(653,43,'PC','facebookexternalhit/1.1 (+http://www.facebook.com/externalhit_uatext.php)','173.252.83.9','2019-07-05 13:53:06'),(654,3,'PC','facebookexternalhit/1.1 (+http://www.facebook.com/externalhit_uatext.php)','173.252.95.29','2019-07-05 14:08:16'),(655,6,'PC','facebookexternalhit/1.1 (+http://www.facebook.com/externalhit_uatext.php)','173.252.95.12','2019-07-05 15:51:59'),(656,6,'PC','facebookexternalhit/1.1 (+http://www.facebook.com/externalhit_uatext.php)','173.252.95.19','2019-07-05 15:51:59'),(657,6,'PC','facebookexternalhit/1.1 (+http://www.facebook.com/externalhit_uatext.php)','173.252.95.46','2019-07-05 15:52:00'),(658,43,'PC','facebookexternalhit/1.1 (+http://www.facebook.com/externalhit_uatext.php)','173.252.79.7','2019-07-05 16:06:31'),(659,43,'PC','facebookexternalhit/1.1 (+http://www.facebook.com/externalhit_uatext.php)','173.252.79.5','2019-07-05 16:06:34'),(660,43,'PC','facebookexternalhit/1.1 (+http://www.facebook.com/externalhit_uatext.php)','173.252.83.8','2019-07-05 16:23:00'),(661,43,'PC','facebookexternalhit/1.1 (+http://www.facebook.com/externalhit_uatext.php)','173.252.83.15','2019-07-05 16:23:02'),(662,3,'PC','facebookexternalhit/1.1 (+http://www.facebook.com/externalhit_uatext.php)','173.252.95.22','2019-07-05 16:32:58'),(663,3,'PC','facebookexternalhit/1.1 (+http://www.facebook.com/externalhit_uatext.php)','173.252.95.37','2019-07-05 16:32:59'),(664,43,'PC','facebookexternalhit/1.1 (+http://www.facebook.com/externalhit_uatext.php)','173.252.95.27','2019-07-05 18:02:57'),(665,43,'PC','facebookexternalhit/1.1 (+http://www.facebook.com/externalhit_uatext.php)','173.252.95.47','2019-07-05 18:03:02'),(666,43,'PC','facebookexternalhit/1.1 (+http://www.facebook.com/externalhit_uatext.php)','173.252.83.15','2019-07-05 18:16:49'),(667,43,'PC','facebookexternalhit/1.1 (+http://www.facebook.com/externalhit_uatext.php)','173.252.83.13','2019-07-05 18:16:51'),(668,43,'PC','facebookexternalhit/1.1 (+http://www.facebook.com/externalhit_uatext.php)','173.252.83.6','2019-07-05 18:43:38'),(669,43,'PC','facebookexternalhit/1.1 (+http://www.facebook.com/externalhit_uatext.php)','173.252.83.13','2019-07-05 18:43:40'),(670,3,'PC','facebookexternalhit/1.1 (+http://www.facebook.com/externalhit_uatext.php)','173.252.83.5','2019-07-05 19:05:37'),(671,43,'PC','facebookexternalhit/1.1 (+http://www.facebook.com/externalhit_uatext.php)','69.171.251.16','2019-07-06 00:47:08'),(672,2,'PC','facebookexternalhit/1.1 (+http://www.facebook.com/externalhit_uatext.php)','69.171.251.3','2019-07-06 00:47:44'),(673,43,'PC','facebookexternalhit/1.1 (+http://www.facebook.com/externalhit_uatext.php)','173.252.83.1','2019-07-06 07:26:03'),(674,43,'PC','facebookexternalhit/1.1 (+http://www.facebook.com/externalhit_uatext.php)','173.252.83.1','2019-07-06 07:26:05'),(675,3,'PC','facebookexternalhit/1.1 (+http://www.facebook.com/externalhit_uatext.php)','173.252.95.1','2019-07-06 09:18:45'),(676,3,'PC','facebookexternalhit/1.1 (+http://www.facebook.com/externalhit_uatext.php)','173.252.95.11','2019-07-06 09:18:45'),(677,3,'PC','Mozilla/5.0 (Windows NT 10.0; Win64; x64) AppleWebKit/537.36 (KHTML, like Gecko) Chrome/74.0.3729.169 Safari/537.36','190.216.191.102','2019-07-06 09:40:42'),(678,43,'PC','facebookexternalhit/1.1 (+http://www.facebook.com/externalhit_uatext.php)','173.252.95.34','2019-07-06 09:48:21'),(679,43,'PC','facebookexternalhit/1.1 (+http://www.facebook.com/externalhit_uatext.php)','173.252.95.23','2019-07-06 09:48:34'),(680,2,'PC','facebookexternalhit/1.1 (+http://www.facebook.com/externalhit_uatext.php)','173.252.95.14','2019-07-06 09:48:55'),(681,3,'Celular Android','Mozilla/5.0 (Linux; Android 7.0; Redmi Note 4) AppleWebKit/537.36 (KHTML, like Gecko) Chrome/75.0.3770.101 Mobile Safari/537.36','181.176.119.3','2019-07-06 10:00:38'),(682,6,'PC','facebookexternalhit/1.1 (+http://www.facebook.com/externalhit_uatext.php)','173.252.95.17','2019-07-06 10:06:54'),(683,6,'PC','facebookexternalhit/1.1 (+http://www.facebook.com/externalhit_uatext.php)','173.252.95.40','2019-07-06 10:06:55'),(684,43,'PC','facebookexternalhit/1.1 (+http://www.facebook.com/externalhit_uatext.php)','173.252.95.28','2019-07-06 10:52:59'),(685,43,'PC','facebookexternalhit/1.1 (+http://www.facebook.com/externalhit_uatext.php)','173.252.95.40','2019-07-06 10:53:57'),(686,3,'PC','facebookexternalhit/1.1 (+http://www.facebook.com/externalhit_uatext.php)','66.220.149.27','2019-07-06 11:38:24'),(687,3,'PC','facebookexternalhit/1.1 (+http://www.facebook.com/externalhit_uatext.php)','173.252.83.8','2019-07-06 11:38:28'),(688,3,'PC','facebookexternalhit/1.1 (+http://www.facebook.com/externalhit_uatext.php)','173.252.83.9','2019-07-06 13:28:43'),(689,3,'PC','facebookexternalhit/1.1 (+http://www.facebook.com/externalhit_uatext.php)','31.13.127.20','2019-07-06 22:01:45'),(690,41,'Celular Android','Mozilla/5.0 (Linux; Android 8.1.0; JKM-LX3 Build/HUAWEIJKM-LX3; wv) AppleWebKit/537.36 (KHTML, like Gecko) Version/4.0 Chrome/75.0.3770.101 Mobile Safari/537.36 [FB_IAB/FB4A;FBAV/228.0.0.41.124;]','190.239.17.180','2019-07-07 08:43:33'),(691,3,'PC','facebookexternalhit/1.1 (+http://www.facebook.com/externalhit_uatext.php)','69.171.251.11','2019-07-07 10:31:18'),(692,41,'Celular Android','Mozilla/5.0 (Linux; Android 8.1.0; JKM-LX3) AppleWebKit/537.36 (KHTML, like Gecko) Chrome/75.0.3770.101 Mobile Safari/537.36','66.249.88.97','2019-07-07 11:03:38'),(693,41,'PC','facebookexternalhit/1.1 (+http://www.facebook.com/externalhit_uatext.php)','31.13.127.20','2019-07-07 11:32:42'),(694,41,'Celular Android','Mozilla/5.0 (Linux; Android 8.1.0; JKM-LX3) AppleWebKit/537.36 (KHTML, like Gecko) Chrome/75.0.3770.101 Mobile Safari/537.36','66.249.88.125','2019-07-07 13:38:14'),(695,41,'PC','facebookexternalhit/1.1 (+http://www.facebook.com/externalhit_uatext.php)','66.220.149.43','2019-07-07 14:28:30'),(696,41,'PC','facebookexternalhit/1.1 (+http://www.facebook.com/externalhit_uatext.php)','69.171.251.43','2019-07-07 16:57:28'),(697,41,'PC','facebookexternalhit/1.1 (+http://www.facebook.com/externalhit_uatext.php)','173.252.87.30','2019-07-07 18:15:29'),(698,41,'Celular Android','Mozilla/5.0 (Linux; Android 9; SM-A750G Build/PPR1.180610.011; wv) AppleWebKit/537.36 (KHTML, like Gecko) Version/4.0 Chrome/71.0.3578.99 Mobile Safari/537.36 [FB_IAB/FB4A;FBAV/206.0.0.36.105;]','190.113.214.91','2019-07-07 18:56:01'),(699,41,'PC','facebookexternalhit/1.1 (+http://www.facebook.com/externalhit_uatext.php)','173.252.127.60','2019-07-07 20:32:38'),(700,41,'PC','facebookexternalhit/1.1 (+http://www.facebook.com/externalhit_uatext.php)','173.252.95.6','2019-07-08 03:25:17'),(701,41,'PC','facebookexternalhit/1.1 (+http://www.facebook.com/externalhit_uatext.php)','173.252.95.15','2019-07-08 08:04:46'),(702,3,'PC','facebookexternalhit/1.1 (+http://www.facebook.com/externalhit_uatext.php)','173.252.127.40','2019-07-08 09:38:39'),(703,6,'PC','facebookexternalhit/1.1 (+http://www.facebook.com/externalhit_uatext.php)','173.252.95.11','2019-07-08 10:30:03'),(704,41,'PC','facebookexternalhit/1.1 (+http://www.facebook.com/externalhit_uatext.php)','173.252.127.59','2019-07-08 11:39:02'),(705,3,'PC','facebookexternalhit/1.1 (+http://www.facebook.com/externalhit_uatext.php)','173.252.83.10','2019-07-08 13:18:10'),(706,41,'PC','facebookexternalhit/1.1 (+http://www.facebook.com/externalhit_uatext.php)','66.220.149.16','2019-07-08 17:03:19'),(707,41,'PC','facebookexternalhit/1.1 (+http://www.facebook.com/externalhit_uatext.php)','173.252.83.3','2019-07-08 20:10:08'),(708,41,'PC','facebookexternalhit/1.1 (+http://www.facebook.com/externalhit_uatext.php)','173.252.79.4','2019-07-09 08:48:59'),(709,43,'PC','facebookexternalhit/1.1 (+http://www.facebook.com/externalhit_uatext.php)','173.252.83.7','2019-07-09 11:11:16'),(710,41,'PC','facebookexternalhit/1.1 (+http://www.facebook.com/externalhit_uatext.php)','31.13.127.26','2019-07-09 19:12:29'),(711,41,'PC','facebookexternalhit/1.1 (+http://www.facebook.com/externalhit_uatext.php)','173.252.83.10','2019-07-09 21:39:26'),(712,6,'PC','facebookexternalhit/1.1 (+http://www.facebook.com/externalhit_uatext.php)','173.252.95.50','2019-07-10 11:13:40'),(713,41,'PC','facebookexternalhit/1.1 (+http://www.facebook.com/externalhit_uatext.php)','173.252.87.5','2019-07-10 14:20:37'),(714,41,'PC','facebookexternalhit/1.1 (+http://www.facebook.com/externalhit_uatext.php)','173.252.83.6','2019-07-10 16:16:44'),(715,41,'PC','facebookexternalhit/1.1 (+http://www.facebook.com/externalhit_uatext.php)','173.252.83.15','2019-07-10 16:17:16'),(716,41,'PC','facebookexternalhit/1.1 (+http://www.facebook.com/externalhit_uatext.php)','173.252.87.2','2019-07-10 21:20:24'),(717,43,'PC','facebookexternalhit/1.1 (+http://www.facebook.com/externalhit_uatext.php)','173.252.95.26','2019-07-11 15:23:11'),(718,41,'PC','facebookexternalhit/1.1 (+http://www.facebook.com/externalhit_uatext.php)','173.252.95.16','2019-07-12 05:23:38'),(719,6,'PC','facebookexternalhit/1.1 (+http://www.facebook.com/externalhit_uatext.php)','173.252.127.48','2019-07-12 09:23:50'),(720,43,'PC','facebookexternalhit/1.1 (+http://www.facebook.com/externalhit_uatext.php)','173.252.79.10','2019-07-12 15:59:06'),(721,43,'PC','facebookexternalhit/1.1 (+http://www.facebook.com/externalhit_uatext.php)','173.252.83.9','2019-07-12 16:10:10'),(722,43,'PC','facebookexternalhit/1.1 (+http://www.facebook.com/externalhit_uatext.php)','31.13.127.28','2019-07-12 23:13:15'),(723,41,'PC','facebookexternalhit/1.1 (+http://www.facebook.com/externalhit_uatext.php)','173.252.87.4','2019-07-13 09:11:33'),(724,41,'PC','facebookexternalhit/1.1 (+http://www.facebook.com/externalhit_uatext.php)','173.252.87.35','2019-07-13 09:11:33'),(725,3,'PC','facebookexternalhit/1.1 (+http://www.facebook.com/externalhit_uatext.php)','69.171.251.49','2019-07-13 11:07:02'),(726,3,'PC','facebookexternalhit/1.1 (+http://www.facebook.com/externalhit_uatext.php)','173.252.95.43','2019-07-14 06:07:08'),(727,41,'PC','facebookexternalhit/1.1 (+http://www.facebook.com/externalhit_uatext.php)','69.171.251.11','2019-07-14 10:09:29'),(728,18,'Celular Android','Mozilla/5.0 (Linux; Android 8.0.0; LDN-LX3 Build/HUAWEILDN-LX3; wv) AppleWebKit/537.36 (KHTML, like Gecko) Version/4.0 Chrome/75.0.3770.101 Mobile Safari/537.36 [FB_IAB/FB4A;FBAV/227.0.0.43.158;]','179.7.224.137','2019-07-14 18:01:10'),(729,18,'PC','facebookexternalhit/1.1 (+http://www.facebook.com/externalhit_uatext.php)','173.252.83.16','2019-07-14 18:08:26'),(730,18,'PC','facebookexternalhit/1.1 (+http://www.facebook.com/externalhit_uatext.php)','173.252.83.6','2019-07-14 18:08:27'),(731,3,'PC','facebookexternalhit/1.1 (+http://www.facebook.com/externalhit_uatext.php)','31.13.115.11','2019-07-14 18:15:43'),(732,43,'PC','facebookexternalhit/1.1 (+http://www.facebook.com/externalhit_uatext.php)','31.13.127.4','2019-07-14 18:30:38'),(733,43,'PC','facebookexternalhit/1.1 (+http://www.facebook.com/externalhit_uatext.php)','31.13.127.10','2019-07-14 18:30:41'),(734,41,'PC','facebookexternalhit/1.1 (+http://www.facebook.com/externalhit_uatext.php)','31.13.127.1','2019-07-14 21:23:16'),(735,18,'Celular Android','Mozilla/5.0 (Linux; Android 8.0.0; LDN-LX3 Build/HUAWEILDN-LX3; wv) AppleWebKit/537.36 (KHTML, like Gecko) Version/4.0 Chrome/75.0.3770.101 Mobile Safari/537.36 [FB_IAB/FB4A;FBAV/227.0.0.43.158;]','190.42.184.21','2019-07-15 00:45:51'),(736,43,'PC','facebookexternalhit/1.1 (+http://www.facebook.com/externalhit_uatext.php)','173.252.79.10','2019-07-15 14:59:39'),(737,18,'Celular Android','Mozilla/5.0 (Linux; Android 8.0.0; LDN-LX3 Build/HUAWEILDN-LX3; wv) AppleWebKit/537.36 (KHTML, like Gecko) Version/4.0 Chrome/75.0.3770.101 Mobile Safari/537.36 [FB_IAB/FB4A;FBAV/227.0.0.43.158;]','190.42.184.182','2019-07-15 23:17:30'),(738,43,'PC','facebookexternalhit/1.1 (+http://www.facebook.com/externalhit_uatext.php)','173.252.127.34','2019-07-16 10:41:18'),(739,43,'PC','facebookexternalhit/1.1 (+http://www.facebook.com/externalhit_uatext.php)','173.252.127.31','2019-07-16 10:41:26'),(740,43,'PC','facebookexternalhit/1.1 (+http://www.facebook.com/externalhit_uatext.php)','173.252.95.14','2019-07-16 11:43:48'),(741,43,'PC','facebookexternalhit/1.1 (+http://www.facebook.com/externalhit_uatext.php)','173.252.95.5','2019-07-16 11:43:58'),(742,43,'PC','facebookexternalhit/1.1 (+http://www.facebook.com/externalhit_uatext.php)','173.252.95.30','2019-07-16 11:43:58'),(743,43,'PC','facebookexternalhit/1.1 (+http://www.facebook.com/externalhit_uatext.php)','173.252.79.2','2019-07-16 15:09:13'),(744,43,'PC','facebookexternalhit/1.1 (+http://www.facebook.com/externalhit_uatext.php)','69.171.251.11','2019-07-17 09:04:42'),(745,43,'PC','facebookexternalhit/1.1 (+http://www.facebook.com/externalhit_uatext.php)','173.252.95.27','2019-07-17 12:22:31'),(746,3,'PC','facebookexternalhit/1.1 (+http://www.facebook.com/externalhit_uatext.php)','173.252.95.39','2019-07-17 12:23:00'),(747,43,'PC','facebookexternalhit/1.1 (+http://www.facebook.com/externalhit_uatext.php)','173.252.95.21','2019-07-17 12:24:35'),(748,5,'PC','facebookexternalhit/1.1 (+http://www.facebook.com/externalhit_uatext.php)','173.252.95.23','2019-07-17 13:01:49'),(749,5,'PC','facebookexternalhit/1.1 (+http://www.facebook.com/externalhit_uatext.php)','173.252.87.15','2019-07-17 17:20:19'),(750,43,'PC','facebookexternalhit/1.1 (+http://www.facebook.com/externalhit_uatext.php)','31.13.127.18','2019-07-17 18:00:17'),(751,43,'PC','facebookexternalhit/1.1 (+http://www.facebook.com/externalhit_uatext.php)','173.252.127.37','2019-07-18 04:20:21'),(752,42,'Celular Android','Mozilla/5.0 (Linux; Android 6.0.1; Nexus 5X Build/MMB29P) AppleWebKit/537.36 (KHTML, like Gecko) Chrome/41.0.2272.96 Mobile Safari/537.36 (compatible; Googlebot/2.1; +http://www.google.com/bot.html)','66.249.65.82','2019-07-18 22:51:12'),(753,41,'Celular Android','Mozilla/5.0 (Linux; Android 6.0.1; Nexus 5X Build/MMB29P) AppleWebKit/537.36 (KHTML, like Gecko) Chrome/41.0.2272.96 Mobile Safari/537.36 (compatible; Googlebot/2.1; +http://www.google.com/bot.html)','66.249.65.84','2019-07-18 22:51:50'),(754,41,'Celular Android','Mozilla/5.0 (Linux; Android 6.0.1; LG-K220 Build/MXB48T; wv) AppleWebKit/537.36 (KHTML, like Gecko) Version/4.0 Chrome/55.0.2883.91 Mobile Safari/537.36 [FB_IAB/FB4A;FBAV/227.0.0.43.158;]','190.113.212.189','2019-07-19 14:21:48'),(755,43,'PC','facebookexternalhit/1.1 (+http://www.facebook.com/externalhit_uatext.php)','173.252.127.49','2019-07-20 11:37:07'),(756,43,'PC','facebookexternalhit/1.1 (+http://www.facebook.com/externalhit_uatext.php)','173.252.127.34','2019-07-20 11:37:13'),(757,3,'PC','facebookexternalhit/1.1 (+http://www.facebook.com/externalhit_uatext.php)','173.252.95.11','2019-07-21 07:55:06'),(758,3,'PC','facebookexternalhit/1.1 (+http://www.facebook.com/externalhit_uatext.php)','173.252.95.22','2019-07-21 07:55:07'),(759,3,'Celular Android','Mozilla/5.0 (Linux; Android 6.0.1; Nexus 5X Build/MMB29P) AppleWebKit/537.36 (KHTML, like Gecko) Chrome/41.0.2272.96 Mobile Safari/537.36 (compatible; Googlebot/2.1; +http://www.google.com/bot.html)','66.249.64.62','2019-07-22 00:32:27'),(760,43,'PC','facebookexternalhit/1.1 (+http://www.facebook.com/externalhit_uatext.php)','173.252.83.13','2019-07-22 13:49:21'),(761,43,'PC','facebookexternalhit/1.1 (+http://www.facebook.com/externalhit_uatext.php)','173.252.83.14','2019-07-22 13:49:33'),(762,43,'PC','facebookexternalhit/1.1 (+http://www.facebook.com/externalhit_uatext.php)','173.252.79.11','2019-07-22 14:42:40'),(763,43,'PC','facebookexternalhit/1.1 (+http://www.facebook.com/externalhit_uatext.php)','173.252.79.10','2019-07-22 15:26:25'),(764,6,'PC','facebookexternalhit/1.1 (+http://www.facebook.com/externalhit_uatext.php)','173.252.127.48','2019-07-24 09:21:21'),(765,41,'PC','facebookexternalhit/1.1 (+http://www.facebook.com/externalhit_uatext.php)','173.252.79.1','2019-07-25 13:53:03'),(766,5,'PC','facebookexternalhit/1.1 (+http://www.facebook.com/externalhit_uatext.php)','173.252.95.7','2019-07-25 16:45:31'),(767,41,'PC','facebookexternalhit/1.1 (+http://www.facebook.com/externalhit_uatext.php)','66.220.149.46','2019-07-25 19:18:09'),(768,41,'PC','facebookexternalhit/1.1 (+http://www.facebook.com/externalhit_uatext.php)','173.252.95.47','2019-07-26 00:14:24'),(769,43,'PC','facebookexternalhit/1.1 (+http://www.facebook.com/externalhit_uatext.php)','69.171.251.20','2019-07-26 08:04:57'),(770,43,'PC','facebookexternalhit/1.1 (+http://www.facebook.com/externalhit_uatext.php)','69.171.251.40','2019-07-26 08:30:55'),(771,43,'PC','facebookexternalhit/1.1 (+http://www.facebook.com/externalhit_uatext.php)','69.171.251.33','2019-07-26 08:31:17'),(772,43,'PC','facebookexternalhit/1.1 (+http://www.facebook.com/externalhit_uatext.php)','173.252.87.31','2019-07-26 09:20:10'),(773,43,'PC','facebookexternalhit/1.1 (+http://www.facebook.com/externalhit_uatext.php)','173.252.87.11','2019-07-26 09:26:59'),(774,43,'Celular iOS','Mozilla/5.0 (iPhone; CPU iPhone OS 12_3_1 like Mac OS X) AppleWebKit/605.1.15 (KHTML, like Gecko) Version/12.1.1 Mobile/15E148 Safari/604.1','66.220.149.10','2019-07-26 09:27:22'),(775,43,'PC','facebookexternalhit/1.1 (+http://www.facebook.com/externalhit_uatext.php)','173.252.95.12','2019-07-26 09:44:13'),(776,2,'PC','facebookexternalhit/1.1 (+http://www.facebook.com/externalhit_uatext.php)','173.252.95.10','2019-07-26 10:23:04'),(777,42,'Celular Android','Mozilla/5.0 (Linux; Android 9; CLT-L09 Build/HUAWEICLT-L09; wv) AppleWebKit/537.36 (KHTML, like Gecko) Version/4.0 Chrome/75.0.3770.143 Mobile Safari/537.36 [FB_IAB/FB4A;FBAV/231.0.0.39.113;]','190.239.90.240','2019-07-26 11:43:30'),(778,42,'PC','facebookexternalhit/1.1 (+http://www.facebook.com/externalhit_uatext.php)','173.252.83.8','2019-07-26 11:43:33'),(779,42,'PC','facebookexternalhit/1.1 (+http://www.facebook.com/externalhit_uatext.php)','173.252.83.9','2019-07-26 11:43:34'),(780,41,'PC','facebookexternalhit/1.1 (+http://www.facebook.com/externalhit_uatext.php)','173.252.79.18','2019-07-26 14:44:40'),(781,41,'PC','facebookexternalhit/1.1 (+http://www.facebook.com/externalhit_uatext.php)','173.252.79.2','2019-07-26 14:45:16'),(782,41,'PC','facebookexternalhit/1.1 (+http://www.facebook.com/externalhit_uatext.php)','173.252.127.55','2019-07-26 22:01:06'),(783,41,'Celular Android','Mozilla/5.0 (Linux; Android 9; JKM-LX3) AppleWebKit/537.36 (KHTML, like Gecko) Chrome/75.0.3770.143 Mobile Safari/537.36','66.249.88.51','2019-07-27 08:23:11'),(784,2,'PC','facebookexternalhit/1.1 (+http://www.facebook.com/externalhit_uatext.php)','173.252.87.27','2019-07-28 07:02:07'),(785,41,'PC','facebookexternalhit/1.1 (+http://www.facebook.com/externalhit_uatext.php)','173.252.83.11','2019-07-28 13:35:02'),(786,41,'PC','facebookexternalhit/1.1 (+http://www.facebook.com/externalhit_uatext.php)','173.252.95.47','2019-07-29 01:56:15'),(787,41,'PC','facebookexternalhit/1.1 (+http://www.facebook.com/externalhit_uatext.php)','173.252.79.16','2019-07-30 17:12:45'),(788,6,'Celular Android','Mozilla/5.0 (Linux; Android 8.1.0; Redmi 6 Build/O11019; wv) AppleWebKit/537.36 (KHTML, like Gecko) Version/4.0 Chrome/75.0.3770.143 Mobile Safari/537.36 [FB_IAB/FB4A;FBAV/231.0.0.39.113;]','190.239.95.17','2019-07-31 12:33:58'),(789,37,'Celular Android','Mozilla/5.0 (Linux; Android 9; Redmi Note 7 Build/PKQ1.180904.001; wv) AppleWebKit/537.36 (KHTML, like Gecko) Version/4.0 Chrome/75.0.3770.143 Mobile Safari/537.36 [FB_IAB/FB4A;FBAV/231.0.0.39.113;]','190.113.214.222','2019-07-31 16:24:17'),(790,37,'PC','facebookexternalhit/1.1 (+http://www.facebook.com/externalhit_uatext.php)','173.252.79.6','2019-07-31 16:24:24'),(791,37,'PC','facebookexternalhit/1.1 (+http://www.facebook.com/externalhit_uatext.php)','173.252.79.13','2019-07-31 16:24:24'),(792,38,'Celular Android','Mozilla/5.0 (Linux; Android 9; Redmi Note 7 Build/PKQ1.180904.001; wv) AppleWebKit/537.36 (KHTML, like Gecko) Version/4.0 Chrome/75.0.3770.143 Mobile Safari/537.36 [FB_IAB/FB4A;FBAV/231.0.0.39.113;]','190.113.214.222','2019-07-31 16:25:30'),(793,38,'PC','facebookexternalhit/1.1 (+http://www.facebook.com/externalhit_uatext.php)','173.252.79.16','2019-07-31 16:25:49'),(794,38,'PC','facebookexternalhit/1.1 (+http://www.facebook.com/externalhit_uatext.php)','173.252.79.4','2019-07-31 16:25:49'),(795,38,'PC','facebookexternalhit/1.1 (+http://www.facebook.com/externalhit_uatext.php)','173.252.79.16','2019-07-31 16:25:51'),(796,41,'PC','facebookexternalhit/1.1 (+http://www.facebook.com/externalhit_uatext.php)','31.13.127.11','2019-08-03 20:02:07'),(797,2,'PC','facebookexternalhit/1.1 (+http://www.facebook.com/externalhit_uatext.php)','173.252.83.16','2019-08-05 16:54:03'),(798,5,'PC','facebookexternalhit/1.1 (+http://www.facebook.com/externalhit_uatext.php)','69.171.251.6','2019-08-07 09:59:48'),(799,44,'PC','Mozilla/5.0 (Windows NT 10.0; Win64; x64) AppleWebKit/537.36 (KHTML, like Gecko) Chrome/76.0.3809.87 Safari/537.36','201.240.68.31','2019-08-07 10:35:53'),(800,44,'Celular Android','Mozilla/5.0 (Linux; Android 8.1.0; Redmi 6) AppleWebKit/537.36 (KHTML, like Gecko) Chrome/76.0.3809.89 Mobile Safari/537.36','66.249.88.25','2019-08-07 10:36:54'),(801,44,'Celular Android','Mozilla/5.0 (Linux; Android 8.1.0; Redmi 6) AppleWebKit/537.36 (KHTML, like Gecko) Chrome/76.0.3809.89 Mobile Safari/537.36','66.249.88.27','2019-08-07 10:37:34'),(802,44,'Celular Android','Mozilla/5.0 (Linux; Android 8.1.0; Redmi 6) AppleWebKit/537.36 (KHTML, like Gecko) Chrome/76.0.3809.89 Mobile Safari/537.36','66.249.88.25','2019-08-07 10:37:37'),(803,44,'Celular Android','Mozilla/5.0 (Linux; Android 8.1.0; Redmi 6) AppleWebKit/537.36 (KHTML, like Gecko) Chrome/76.0.3809.89 Mobile Safari/537.36','66.249.88.53','2019-08-07 10:38:41'),(804,44,'Celular Android','Mozilla/5.0 (Linux; Android 8.1.0; Redmi 6) AppleWebKit/537.36 (KHTML, like Gecko) Chrome/76.0.3809.89 Mobile Safari/537.36','66.249.88.27','2019-08-07 10:38:43'),(805,44,'Celular Android','Mozilla/5.0 (Linux; Android 8.1.0; Redmi 6) AppleWebKit/537.36 (KHTML, like Gecko) Chrome/76.0.3809.89 Mobile Safari/537.36','66.249.88.23','2019-08-07 10:38:44'),(806,44,'Celular Android','Mozilla/5.0 (Linux; Android 8.1.0; Redmi 6) AppleWebKit/537.36 (KHTML, like Gecko) Chrome/76.0.3809.89 Mobile Safari/537.36','66.249.88.25','2019-08-07 10:39:41'),(807,44,'Celular Android','Mozilla/5.0 (Linux; Android 8.1.0; Redmi 6) AppleWebKit/537.36 (KHTML, like Gecko) Chrome/76.0.3809.89 Mobile Safari/537.36','66.249.88.25','2019-08-07 10:40:19'),(808,44,'Celular Android','Mozilla/5.0 (Linux; Android 8.1.0; Redmi 6) AppleWebKit/537.36 (KHTML, like Gecko) Chrome/76.0.3809.89 Mobile Safari/537.36','66.249.88.27','2019-08-07 10:40:45'),(809,44,'Celular Android','Mozilla/5.0 (Linux; Android 8.1.0; Redmi 6) AppleWebKit/537.36 (KHTML, like Gecko) Chrome/76.0.3809.89 Mobile Safari/537.36','66.249.88.25','2019-08-07 10:40:48'),(810,44,'Celular Android','Mozilla/5.0 (Linux; Android 8.1.0; Redmi 6) AppleWebKit/537.36 (KHTML, like Gecko) Chrome/76.0.3809.89 Mobile Safari/537.36','66.249.88.25','2019-08-07 10:40:53'),(811,44,'PC','Mozilla/5.0 (Windows NT 10.0; Win64; x64) AppleWebKit/537.36 (KHTML, like Gecko) Chrome/76.0.3809.87 Safari/537.36','201.240.68.31','2019-08-07 10:41:30'),(812,44,'PC','Mozilla/5.0 (Windows NT 10.0; Win64; x64) AppleWebKit/537.36 (KHTML, like Gecko) Chrome/76.0.3809.87 Safari/537.36','201.240.68.31','2019-08-07 10:42:31'),(813,44,'Celular Android','Mozilla/5.0 (Linux; Android 8.1.0; Redmi 6) AppleWebKit/537.36 (KHTML, like Gecko) Chrome/76.0.3809.89 Mobile Safari/537.36','66.249.88.23','2019-08-07 10:42:44'),(814,44,'Celular Android','Mozilla/5.0 (Linux; Android 8.1.0; Redmi 6) AppleWebKit/537.36 (KHTML, like Gecko) Chrome/76.0.3809.89 Mobile Safari/537.36','66.249.88.25','2019-08-07 10:43:06'),(815,44,'Celular Android','Mozilla/5.0 (Linux; Android 8.1.0; Redmi 6) AppleWebKit/537.36 (KHTML, like Gecko) Chrome/76.0.3809.89 Mobile Safari/537.36','66.249.88.25','2019-08-07 10:43:10'),(816,44,'Celular Android','Mozilla/5.0 (Linux; Android 8.1.0; Redmi 6) AppleWebKit/537.36 (KHTML, like Gecko) Chrome/76.0.3809.89 Mobile Safari/537.36','66.249.88.25','2019-08-07 10:43:30'),(817,44,'Celular Android','Mozilla/5.0 (Linux; Android 8.1.0; Redmi 6) AppleWebKit/537.36 (KHTML, like Gecko) Chrome/76.0.3809.89 Mobile Safari/537.36','66.249.88.23','2019-08-07 11:02:30'),(818,44,'Celular Android','Mozilla/5.0 (Linux; Android 8.1.0; Redmi 6) AppleWebKit/537.36 (KHTML, like Gecko) Chrome/76.0.3809.89 Mobile Safari/537.36','66.249.88.23','2019-08-07 12:09:48'),(819,41,'PC','facebookexternalhit/1.1 (+http://www.facebook.com/externalhit_uatext.php)','173.252.83.6','2019-08-07 13:53:10'),(820,41,'PC','facebookexternalhit/1.1 (+http://www.facebook.com/externalhit_uatext.php)','173.252.83.11','2019-08-07 13:53:11'),(821,5,'PC','facebookexternalhit/1.1 (+http://www.facebook.com/externalhit_uatext.php)','173.252.83.14','2019-08-08 12:08:09'),(822,41,'PC','facebookexternalhit/1.1 (+http://www.facebook.com/externalhit_uatext.php)','173.252.83.12','2019-08-09 13:55:01'),(823,41,'PC','facebookexternalhit/1.1 (+http://www.facebook.com/externalhit_uatext.php)','173.252.79.12','2019-08-09 16:32:00'),(824,41,'PC','Mozilla/5.0 (Windows NT 10.0; Win64; x64) AppleWebKit/537.36 (KHTML, like Gecko) Chrome/76.0.3809.100 Safari/537.36','190.42.17.73','2019-08-10 10:33:52'),(825,41,'PC','facebookexternalhit/1.1 (+http://www.facebook.com/externalhit_uatext.php)','69.171.251.19','2019-08-10 10:33:52'),(826,41,'PC','facebookexternalhit/1.1 (+http://www.facebook.com/externalhit_uatext.php)','69.171.251.11','2019-08-10 10:33:52'),(827,41,'Celular Android','Mozilla/5.0 (Linux; Android 9; EML-L29 Build/HUAWEIEML-L29; wv) AppleWebKit/537.36 (KHTML, like Gecko) Version/4.0 Chrome/75.0.3770.143 Mobile Safari/537.36 [FB_IAB/FB4A;FBAV/231.0.0.39.113;]','181.176.117.193','2019-08-11 19:43:10'),(828,44,'Celular Android','Mozilla/5.0 (Linux; Android 8.1.0; Redmi 6) AppleWebKit/537.36 (KHTML, like Gecko) Chrome/76.0.3809.89 Mobile Safari/537.36','66.249.88.23','2019-08-12 13:04:39'),(829,44,'Celular Android','Mozilla/5.0 (Linux; Android 8.1.0; Redmi 6 Build/O11019; wv) AppleWebKit/537.36 (KHTML, like Gecko) Version/4.0 Chrome/76.0.3809.89 Mobile Safari/537.36','201.240.68.18','2019-08-12 17:03:37'),(830,44,'Celular Android','Mozilla/5.0 (Linux; Android 8.1.0; Redmi 6) AppleWebKit/537.36 (KHTML, like Gecko) Chrome/76.0.3809.89 Mobile Safari/537.36','66.249.88.79','2019-08-12 17:03:46'),(831,41,'Celular Android','Mozilla/5.0 (Linux; Android 7.0; LG-M250 Build/NRD90U; wv) AppleWebKit/537.36 (KHTML, like Gecko) Version/4.0 Chrome/69.0.3497.100 Mobile Safari/537.36 [FB_IAB/FB4A;FBAV/222.0.0.48.113;]','190.239.92.245','2019-08-13 09:21:15'),(832,41,'PC','facebookexternalhit/1.1 (+http://www.facebook.com/externalhit_uatext.php)','69.171.251.27','2019-08-13 09:29:43'),(833,44,'Celular Android','Mozilla/5.0 (Linux; Android 8.1.0; Redmi 6) AppleWebKit/537.36 (KHTML, like Gecko) Chrome/76.0.3809.111 Mobile Safari/537.36','66.249.88.11','2019-08-13 18:36:30'),(834,41,'PC','facebookexternalhit/1.1 (+http://www.facebook.com/externalhit_uatext.php)','173.252.87.1','2019-08-16 22:23:32'),(835,5,'Celular Android','Mozilla/5.0 (Linux; Android 9; SM-J701M Build/PPR1.180610.011; wv) AppleWebKit/537.36 (KHTML, like Gecko) Version/4.0 Chrome/75.0.3770.143 Mobile Safari/537.36 [FB_IAB/FB4A;FBAV/230.0.0.36.117;]','181.176.101.129','2019-08-17 09:57:23'),(836,41,'Celular Android','Mozilla/5.0 (Linux; Android 9; SM-J600G Build/PPR1.180610.011; wv) AppleWebKit/537.36 (KHTML, like Gecko) Version/4.0 Chrome/71.0.3578.99 Mobile Safari/537.36 [FB_IAB/FB4A;FBAV/233.0.0.36.117;]','132.157.129.127','2019-08-17 13:43:55'),(837,6,'PC','facebookexternalhit/1.1 (+http://www.facebook.com/externalhit_uatext.php)','173.252.79.6','2019-08-21 14:55:23'),(838,6,'Celular Android','Mozilla/5.0 (Linux; Android 6.0; MotoG3 Build/MPIS24.65-33.1-2-16; wv) AppleWebKit/537.36 (KHTML, like Gecko) Version/4.0 Chrome/75.0.3770.101 Mobile Safari/537.36 [FB_IAB/FB4A;FBAV/234.0.0.30.115;]','45.230.248.80','2019-08-22 18:03:18'),(839,6,'PC','facebookexternalhit/1.1 (+http://www.facebook.com/externalhit_uatext.php)','173.252.83.6','2019-08-22 18:39:22'),(840,6,'Celular iOS','Mozilla/5.0 (iPhone; CPU iPhone OS 12_4 like Mac OS X) AppleWebKit/605.1.15 (KHTML, like Gecko) Version/12.1.2 Mobile/15E148 Safari/604.1','173.252.87.19','2019-08-22 18:39:39'),(841,43,'PC','facebookexternalhit/1.1 (+http://www.facebook.com/externalhit_uatext.php)','173.252.83.9','2019-08-23 13:35:19'),(842,2,'PC','facebookexternalhit/1.1 (+http://www.facebook.com/externalhit_uatext.php)','173.252.83.7','2019-08-23 13:36:03'),(843,2,'PC','facebookexternalhit/1.1 (+http://www.facebook.com/externalhit_uatext.php)','173.252.83.5','2019-08-23 13:36:52'),(844,2,'PC','facebookexternalhit/1.1 (+http://www.facebook.com/externalhit_uatext.php)','173.252.83.4','2019-08-23 13:36:52'),(845,21,'Celular Android','Mozilla/5.0 (Linux; Android 9; SM-J610G Build/PPR1.180610.011; wv) AppleWebKit/537.36 (KHTML, like Gecko) Version/4.0 Chrome/76.0.3809.111 Mobile Safari/537.36 [FB_IAB/FB4A;FBAV/235.0.0.38.118;]','132.157.130.71','2019-08-25 22:07:14'),(846,21,'PC','facebookexternalhit/1.1 (+http://www.facebook.com/externalhit_uatext.php)','31.13.127.1','2019-08-25 22:22:01'),(847,21,'PC','facebookexternalhit/1.1 (+http://www.facebook.com/externalhit_uatext.php)','31.13.127.14','2019-08-25 22:22:02'),(848,21,'PC','facebookexternalhit/1.1 (+http://www.facebook.com/externalhit_uatext.php)','31.13.127.13','2019-08-25 22:22:04'),(849,43,'PC','facebookexternalhit/1.1 (+http://www.facebook.com/externalhit_uatext.php)','69.171.251.42','2019-08-28 00:38:09'),(850,43,'PC','facebookexternalhit/1.1 (+http://www.facebook.com/externalhit_uatext.php)','69.171.251.3','2019-08-28 00:38:10'),(851,43,'PC','Mozilla/5.0 (Windows NT 10.0; Win64; x64) AppleWebKit/537.36 (KHTML, like Gecko) Chrome/76.0.3809.100 Safari/537.36','190.236.76.149','2019-08-28 00:38:10'),(852,5,'PC','facebookexternalhit/1.1 (+http://www.facebook.com/externalhit_uatext.php)','69.171.251.15','2019-08-31 09:31:09'),(853,41,'PC','facebookexternalhit/1.1 (+http://www.facebook.com/externalhit_uatext.php)','173.252.79.9','2019-09-02 13:55:33'),(854,41,'Celular Android','Mozilla/5.0 (Linux; Android 6.0; CAM-L03 Build/HUAWEICAM-L03) AppleWebKit/537.36 (KHTML, like Gecko) Chrome/54.0.2840.85 Mobile Safari/537.36','132.157.128.126','2019-09-02 15:12:51'),(855,41,'PC','facebookexternalhit/1.1 (+http://www.facebook.com/externalhit_uatext.php)','173.252.87.37','2019-09-02 23:29:37'),(856,41,'PC','facebookexternalhit/1.1 (+http://www.facebook.com/externalhit_uatext.php)','173.252.95.38','2019-09-03 22:25:51'),(857,41,'PC','facebookexternalhit/1.1 (+http://www.facebook.com/externalhit_uatext.php)','69.171.251.28','2019-09-04 08:37:34'),(858,45,'PC','facebookexternalhit/1.1 (+http://www.facebook.com/externalhit_uatext.php)','173.252.87.5','2019-09-05 05:50:21'),(859,45,'PC','facebookexternalhit/1.1 (+http://www.facebook.com/externalhit_uatext.php)','69.171.251.5','2019-09-05 05:50:21'),(860,45,'PC','facebookexternalhit/1.1 (+http://www.facebook.com/externalhit_uatext.php)','173.252.87.30','2019-09-05 05:50:22'),(861,45,'PC','facebookexternalhit/1.1 (+http://www.facebook.com/externalhit_uatext.php)','173.252.87.14','2019-09-05 05:50:22'),(862,45,'PC','facebookexternalhit/1.1 (+http://www.facebook.com/externalhit_uatext.php)','173.252.87.36','2019-09-05 05:50:22'),(863,45,'PC','facebookexternalhit/1.1 (+http://www.facebook.com/externalhit_uatext.php)','173.252.87.34','2019-09-05 05:50:22'),(864,45,'PC','facebookexternalhit/1.1 (+http://www.facebook.com/externalhit_uatext.php)','173.252.87.38','2019-09-05 05:50:22'),(865,45,'PC','Mozilla/5.0 (Windows NT 6.1; Win64; x64) AppleWebKit/537.36 (KHTML, like Gecko) Chrome/76.0.3809.132 Safari/537.36','69.171.251.32','2019-09-05 05:54:24'),(866,45,'PC','Mozilla/5.0 (Windows NT 10.0; Win64; x64) AppleWebKit/537.36 (KHTML, like Gecko) Chrome/76.0.3809.132 Safari/537.36','31.13.115.1','2019-09-05 05:54:24'),(867,45,'Celular Android','Mozilla/5.0 (Linux; U; Android 4.2.2; zh-cn; LG Android TV Build/JDQ39) AppleWebKit/534.30 (KHTML, like Gecko) Mobile Version/4.0 Safari/534.30','31.13.115.8','2019-09-05 05:54:24'),(868,45,'Celular Android','Mozilla/5.0 (Linux; Android 6.0.1; Nexus 6P Build/MMB29P) AppleWebKit/537.36 (KHTML, like Gecko) Chrome/47.0.2526.83 Mobile Safari/537.36','173.252.87.42','2019-09-05 05:54:50'),(869,45,'Celular Android','Mozilla/5.0 (Linux; Android 6.0.1; Nexus 6P Build/MMB29P) AppleWebKit/537.36 (KHTML, like Gecko) Chrome/47.0.2526.83 Mobile Safari/537.36','31.13.115.22','2019-09-05 05:54:52'),(870,45,'Celular Android','Mozilla/5.0 (Linux; Android 6.0.1; Nexus 6P Build/MMB29P) AppleWebKit/537.36 (KHTML, like Gecko) Chrome/47.0.2526.83 Mobile Safari/537.36','69.171.251.32','2019-09-05 05:55:01'),(871,45,'PC','facebookexternalhit/1.1 (+http://www.facebook.com/externalhit_uatext.php)','173.252.87.34','2019-09-05 05:56:26'),(872,45,'Celular Android','Mozilla/5.0 (Linux; Android 9; POT-LX3 Build/HUAWEIPOT-L03; wv) AppleWebKit/537.36 (KHTML, like Gecko) Version/4.0 Chrome/76.0.3809.132 Mobile Safari/537.36 [FB_IAB/FB4A;FBAV/236.0.0.40.117;]','179.7.224.138','2019-09-05 10:45:29'),(873,45,'Celular Android','Mozilla/5.0 (Linux; Android 9; FIG-LX3 Build/HUAWEIFIG-L23; wv) AppleWebKit/537.36 (KHTML, like Gecko) Version/4.0 Chrome/76.0.3809.132 Mobile Safari/537.36 [FB_IAB/FB4A;FBAV/236.0.0.40.117;]','200.48.251.212','2019-09-05 21:51:21'),(874,37,'Celular Android','Mozilla/5.0 (Linux; Android 8.0.0; FIG-LX3 Build/HUAWEIFIG-LX3; wv) AppleWebKit/537.36 (KHTML, like Gecko) Version/4.0 Chrome/76.0.3809.132 Mobile Safari/537.36 [FB_IAB/FB4A;FBAV/237.0.0.44.120;]','181.176.117.197','2019-09-06 08:45:18'),(875,45,'Celular Android','Mozilla/5.0 (Linux; Android 9; FIG-LX3 Build/HUAWEIFIG-L03; wv) AppleWebKit/537.36 (KHTML, like Gecko) Version/4.0 Chrome/76.0.3809.132 Mobile Safari/537.36 [FB_IAB/FB4A;FBAV/236.0.0.40.117;]','179.7.225.86','2019-09-06 09:23:39'),(876,45,'Celular Android','Mozilla/5.0 (Linux; Android 8.1.0; SM-J260M Build/M1AJB; wv) AppleWebKit/537.36 (KHTML, like Gecko) Version/4.0 Chrome/76.0.3809.111 Mobile Safari/537.36 [FB_IAB/FB4A;FBAV/236.0.0.40.117;]','179.7.226.23','2019-09-06 11:31:11'),(877,45,'Celular Android','Mozilla/5.0 (Linux; Android 8.0.0; SM-A750GN Build/R16NW; wv) AppleWebKit/537.36 (KHTML, like Gecko) Version/4.0 Chrome/76.0.3809.111 Mobile Safari/537.36 [FB_IAB/FB4A;FBAV/234.0.0.30.115;]','190.239.92.118','2019-09-06 12:00:10'),(878,45,'Celular Android','Mozilla/5.0 (Linux; Android 8.0.0; moto g(6) play Build/OPP27.91-177; wv) AppleWebKit/537.36 (KHTML, like Gecko) Version/4.0 Chrome/76.0.3809.89 Mobile Safari/537.36 [FB_IAB/FB4A;FBAV/233.0.0.36.117;]','190.113.214.218','2019-09-06 14:14:00'),(879,46,'PC','facebookexternalhit/1.1 (+http://www.facebook.com/externalhit_uatext.php)','66.220.149.25','2019-09-07 14:15:48'),(880,46,'PC','facebookexternalhit/1.1 (+http://www.facebook.com/externalhit_uatext.php)','173.252.79.18','2019-09-07 14:15:50'),(881,46,'PC','facebookexternalhit/1.1 (+http://www.facebook.com/externalhit_uatext.php)','173.252.79.15','2019-09-07 14:15:50'),(882,46,'PC','facebookexternalhit/1.1 (+http://www.facebook.com/externalhit_uatext.php)','173.252.79.15','2019-09-07 14:15:50'),(883,46,'PC','facebookexternalhit/1.1 (+http://www.facebook.com/externalhit_uatext.php)','173.252.79.12','2019-09-07 14:15:50'),(884,46,'PC','facebookexternalhit/1.1 (+http://www.facebook.com/externalhit_uatext.php)','173.252.79.14','2019-09-07 14:15:50'),(885,46,'PC','facebookexternalhit/1.1 (+http://www.facebook.com/externalhit_uatext.php)','173.252.79.20','2019-09-07 14:15:50'),(886,46,'PC','Mozilla/5.0 (Windows NT 10.0; Win64; x64) AppleWebKit/537.36 (KHTML, like Gecko) Chrome/76.0.3809.132 Safari/537.36','69.171.251.29','2019-09-07 14:16:03'),(887,46,'PC','Mozilla/5.0 (Windows NT 6.1; WOW64) AppleWebKit/534+ (KHTML, like Gecko) BingPreview/1.0b','69.171.251.29','2019-09-07 14:16:03'),(888,46,'Celular iOS','Mozilla/5.0 (iPhone; CPU iPhone OS 12_4 like Mac OS X) AppleWebKit/605.1.15 (KHTML, like Gecko) Version/12.1.2 Mobile/15E148 Safari/604.1','173.252.87.41','2019-09-07 14:16:03'),(889,46,'Celular Android','Mozilla/5.0 (Linux; Android 6.0.1; Nexus 6P Build/MMB29P) AppleWebKit/537.36 (KHTML, like Gecko) Chrome/47.0.2526.83 Mobile Safari/537.36','173.252.87.22','2019-09-07 14:16:29'),(890,46,'Celular Android','Mozilla/5.0 (Linux; Android 6.0.1; Nexus 6P Build/MMB29P) AppleWebKit/537.36 (KHTML, like Gecko) Chrome/47.0.2526.83 Mobile Safari/537.36','173.252.83.14','2019-09-07 14:16:30'),(891,46,'Celular Android','Mozilla/5.0 (Linux; Android 6.0.1; Nexus 6P Build/MMB29P) AppleWebKit/537.36 (KHTML, like Gecko) Chrome/47.0.2526.83 Mobile Safari/537.36','173.252.95.26','2019-09-07 14:16:31'),(892,46,'PC','facebookexternalhit/1.1 (+http://www.facebook.com/externalhit_uatext.php)','173.252.79.1','2019-09-07 14:17:10'),(893,46,'PC','facebookexternalhit/1.1 (+http://www.facebook.com/externalhit_uatext.php)','173.252.79.6','2019-09-07 15:00:36'),(894,46,'PC','facebookexternalhit/1.1 (+http://www.facebook.com/externalhit_uatext.php)','173.252.83.23','2019-09-08 12:57:16'),(895,46,'PC','facebookexternalhit/1.1 (+http://www.facebook.com/externalhit_uatext.php)','173.252.83.23','2019-09-08 12:57:17'),(896,46,'Celular Android','Mozilla/5.0 (Linux; Android 8.1.0; Redmi 6 Build/O11019; wv) AppleWebKit/537.36 (KHTML, like Gecko) Version/4.0 Chrome/76.0.3809.132 Mobile Safari/537.36 [FB_IAB/FB4A;FBAV/237.0.0.44.120;]','201.240.68.248','2019-09-08 14:46:49'),(897,43,'PC','facebookexternalhit/1.1 (+http://www.facebook.com/externalhit_uatext.php)','173.252.79.1','2019-09-08 16:11:08'),(898,41,'PC','facebookexternalhit/1.1 (+http://www.facebook.com/externalhit_uatext.php)','173.252.87.24','2019-09-09 22:16:42'),(899,45,'PC','facebookexternalhit/1.1 (+http://www.facebook.com/externalhit_uatext.php)','173.252.95.27','2019-09-10 17:38:05'),(900,5,'PC','facebookexternalhit/1.1 (+http://www.facebook.com/externalhit_uatext.php)','173.252.79.14','2019-09-11 13:57:29'),(901,41,'PC','facebookexternalhit/1.1 (+http://www.facebook.com/externalhit_uatext.php)','31.13.127.4','2019-09-14 22:10:58'),(902,41,'PC','facebookexternalhit/1.1 (+http://www.facebook.com/externalhit_uatext.php)','31.13.127.21','2019-09-14 22:10:59'),(903,45,'Celular Android','Mozilla/5.0 (Linux; Android 8.0.0; ANE-LX3 Build/HUAWEIANE-LX3; wv) AppleWebKit/537.36 (KHTML, like Gecko) Version/4.0 Chrome/77.0.3865.73 Mobile Safari/537.36 [FB_IAB/FB4A;FBAV/238.0.0.41.116;]','201.230.170.122','2019-09-15 23:06:00'),(904,41,'Celular Android','Mozilla/5.0 (Linux; Android 9; JKM-LX3) AppleWebKit/537.36 (KHTML, like Gecko) Chrome/76.0.3809.132 Mobile Safari/537.36','66.249.85.33','2019-09-16 15:31:00'),(905,41,'Celular Android','Mozilla/5.0 (Linux; Android 9; JKM-LX3) AppleWebKit/537.36 (KHTML, like Gecko) Chrome/76.0.3809.132 Mobile Safari/537.36','66.249.85.33','2019-09-16 15:31:00'),(906,41,'Celular Android','Mozilla/5.0 (Linux; Android 9; moto g(7) power) AppleWebKit/537.36 (KHTML, like Gecko) Chrome/76.0.3809.132 Mobile Safari/537.36','66.249.85.63','2019-09-16 16:36:27'),(907,41,'Celular Android','Mozilla/5.0 (Linux; Android 8.0.0; PRA-LX3) AppleWebKit/537.36 (KHTML, like Gecko) Chrome/76.0.3809.111 Mobile Safari/537.36','66.249.88.97','2019-09-16 16:39:13'),(908,41,'Celular Android','Mozilla/5.0 (Linux; Android 8.0.0; moto g(6)) AppleWebKit/537.36 (KHTML, like Gecko) Chrome/77.0.3865.73 Mobile Safari/537.36','66.249.88.125','2019-09-16 17:19:01'),(909,41,'PC','WhatsApp/2.19.115 A','190.239.68.132','2019-09-16 17:38:35'),(910,41,'PC','WhatsApp/2.19.115 A','190.239.68.132','2019-09-16 17:38:35'),(911,41,'Celular Android','Mozilla/5.0 (Linux; Android 7.1.1; Moto E (4) Plus) AppleWebKit/537.36 (KHTML, like Gecko) Chrome/76.0.3809.111 Mobile Safari/537.36','66.249.88.97','2019-09-16 17:39:28'),(912,41,'Celular Android','Mozilla/5.0 (Linux; Android 9; Mi A1) AppleWebKit/537.36 (KHTML, like Gecko) Chrome/75.0.3770.143 Mobile Safari/537.36','66.249.88.125','2019-09-16 18:42:36'),(913,41,'Celular Android','Mozilla/5.0 (Linux; Android 8.0.0; Moto Z² FORCE) AppleWebKit/537.36 (KHTML, like Gecko) Chrome/76.0.3809.132 Mobile Safari/537.36','66.249.85.33','2019-09-16 20:24:42'),(914,41,'Celular Android','Mozilla/5.0 (Linux; Android 9; SM-J610G) AppleWebKit/537.36 (KHTML, like Gecko) Chrome/76.0.3809.132 Mobile Safari/537.36','66.249.85.63','2019-09-16 21:05:19'),(915,41,'Celular Android','Mozilla/5.0 (Linux; Android 9; SM-A750G) AppleWebKit/537.36 (KHTML, like Gecko) Chrome/77.0.3865.73 Mobile Safari/537.36','66.249.88.125','2019-09-17 00:54:10'),(916,41,'Celular Android','Mozilla/5.0 (Linux; Android 6.0; Lenovo PB2-650Y) AppleWebKit/537.36 (KHTML, like Gecko) Chrome/76.0.3809.111 Mobile Safari/537.36','190.239.71.107','2019-09-17 04:39:48'),(917,41,'Celular Android','Mozilla/5.0 (Linux; Android 9; SM-A505G) AppleWebKit/537.36 (KHTML, like Gecko) Chrome/77.0.3865.73 Mobile Safari/537.36','66.249.85.61','2019-09-17 11:49:41'),(918,41,'Celular Android','Mozilla/5.0 (Linux; Android 9; POT-LX3) AppleWebKit/537.36 (KHTML, like Gecko) Chrome/77.0.3865.73 Mobile Safari/537.36','66.249.88.127','2019-09-17 12:32:06'),(919,41,'PC','Mozilla/5.0 (Windows NT 6.1; Win64; x64) AppleWebKit/537.36 (KHTML, like Gecko) Chrome/76.0.3809.132 Safari/537.36','201.240.143.181','2019-09-18 11:21:58'),(920,3,'PC','Mozilla/5.0 (Windows NT 10.0; Win64; x64) AppleWebKit/537.36 (KHTML, like Gecko) Chrome/76.0.3809.132 Safari/537.36','201.240.68.135','2019-09-18 15:47:53'),(921,45,'PC','facebookexternalhit/1.1 (+http://www.facebook.com/externalhit_uatext.php)','173.252.95.33','2019-09-18 17:41:07'),(922,41,'Celular Android','Mozilla/5.0 (Linux; Android 7.1.1; ZTE A2017) AppleWebKit/537.36 (KHTML, like Gecko) Chrome/76.0.3809.111 Mobile Safari/537.36','66.249.88.127','2019-09-19 06:31:44'),(923,41,'Celular Android','Mozilla/5.0 (Linux; Android 7.0; EVA-L09) AppleWebKit/537.36 (KHTML, like Gecko) Chrome/75.0.3770.101 Mobile Safari/537.36','181.176.105.162','2019-09-23 10:10:12'),(924,42,'PC','facebookexternalhit/1.1 (+http://www.facebook.com/externalhit_uatext.php)','173.252.79.20','2019-09-23 15:37:30'),(925,42,'Celular Android','Mozilla/5.0 (Linux; Android 8.1.0; CAG-L03) AppleWebKit/537.36 (KHTML, like Gecko) Chrome/76.0.3809.132 Mobile Safari/537.36','66.249.88.125','2019-09-23 15:37:30'),(926,42,'PC','facebookexternalhit/1.1 (+http://www.facebook.com/externalhit_uatext.php)','173.252.79.12','2019-09-23 15:37:31'),(927,41,'PC','Mozilla/5.0 (Windows NT 6.1; Win64; x64) AppleWebKit/537.36 (KHTML, like Gecko) Chrome/76.0.3809.132 Safari/537.36','181.66.165.69','2019-09-23 15:38:28'),(928,6,'PC','facebookexternalhit/1.1 (+http://www.facebook.com/externalhit_uatext.php)','173.252.95.33','2019-09-25 14:36:43'),(929,41,'PC','facebookexternalhit/1.1 (+http://www.facebook.com/externalhit_uatext.php)','31.13.127.5','2019-09-26 18:32:04'),(930,41,'PC','facebookexternalhit/1.1 (+http://www.facebook.com/externalhit_uatext.php)','31.13.127.25','2019-09-26 18:32:05'),(931,41,'PC','facebookexternalhit/1.1 (+http://www.facebook.com/externalhit_uatext.php)','31.13.127.11','2019-09-26 19:01:57'),(932,41,'Celular Android','Mozilla/5.0 (Linux; Android 6.0.1; SM-J700M Build/MMB29K; wv) AppleWebKit/537.36 (KHTML, like Gecko) Version/4.0 Chrome/75.0.3770.143 Mobile Safari/537.36 [FB_IAB/FB4A;FBAV/239.0.0.41.152;]','190.233.93.181','2019-09-27 00:01:00'),(933,41,'Celular Android','Mozilla/5.0 (Linux; Android 6.0.1; SM-J700M Build/MMB29K; wv) AppleWebKit/537.36 (KHTML, like Gecko) Version/4.0 Chrome/75.0.3770.143 Mobile Safari/537.36 [FB_IAB/FB4A;FBAV/239.0.0.41.152;]','190.233.93.181','2019-09-27 00:06:18'),(934,41,'PC','facebookexternalhit/1.1 (+http://www.facebook.com/externalhit_uatext.php)','69.171.251.28','2019-09-27 19:54:05'),(935,41,'Celular Android','Mozilla/5.0 (Linux; Android 5.1; HTC Desire 626s Build/LMY47O; wv) AppleWebKit/537.36 (KHTML, like Gecko) Version/4.0 Chrome/73.0.3683.90 Mobile Safari/537.36 [FB_IAB/FB4A;FBAV/218.0.0.46.109;]','190.113.214.153','2019-09-27 20:14:04'),(936,41,'PC','Mozilla/5.0 (Windows NT 10.0; Win64; x64) AppleWebKit/537.36 (KHTML, like Gecko) Chrome/77.0.3865.90 Safari/537.36','190.238.108.183','2019-09-28 02:10:45'),(937,41,'PC','Mozilla/5.0 (Windows NT 10.0; Win64; x64) AppleWebKit/537.36 (KHTML, like Gecko) Chrome/77.0.3865.90 Safari/537.36','201.230.200.88','2019-09-28 18:14:57'),(938,41,'Celular Android','Mozilla/5.0 (Linux; Android 8.1.0; SM-J410G Build/M1AJB; wv) AppleWebKit/537.36 (KHTML, like Gecko) Version/4.0 Chrome/76.0.3809.132 Mobile Safari/537.36 [FB_IAB/FB4A;FBAV/239.0.0.41.152;]','132.251.0.161','2019-09-29 14:40:31'),(939,41,'Celular Android','Mozilla/5.0 (Linux; Android 8.1.0; MI 8 Lite Build/OPM1.171019.019; wv) AppleWebKit/537.36 (KHTML, like Gecko) Version/4.0 Chrome/77.0.3865.92 Mobile Safari/537.36 [FB_IAB/FB4A;FBAV/239.0.0.41.152;]','190.239.93.196','2019-09-30 14:03:53'),(940,6,'Celular Android','Mozilla/5.0 (Linux; Android 9; LLD-L21 Build/HONORLLD-L21; wv) AppleWebKit/537.36 (KHTML, like Gecko) Version/4.0 Chrome/77.0.3865.92 Mobile Safari/537.36 [FB_IAB/FB4A;FBAV/241.0.0.39.120;]','190.237.124.80','2019-10-11 07:58:54'),(941,6,'PC','facebookexternalhit/1.1 (+http://www.facebook.com/externalhit_uatext.php)','69.171.251.53','2019-10-11 09:19:59'),(942,6,'PC','facebookexternalhit/1.1 (+http://www.facebook.com/externalhit_uatext.php)','69.171.251.32','2019-10-11 09:20:00'),(943,6,'Celular iOS','Mozilla/5.0 (iPhone; CPU iPhone OS 13_1_2 like Mac OS X) AppleWebKit/605.1.15 (KHTML, like Gecko) Version/13.0.1 Mobile/15E148 Safari/604.1','69.171.251.33','2019-10-11 09:20:20'),(944,41,'Celular Android','Mozilla/5.0 (Linux; Android 7.1.1; Moto E (4) Plus Build/NMA26.42-162-1; wv) AppleWebKit/537.36 (KHTML, like Gecko) Version/4.0 Chrome/76.0.3809.111 Mobile Safari/537.36 [FB_IAB/FB4A;FBAV/240.0.0.38.121;]','179.7.51.186','2019-10-11 22:21:48'),(945,43,'PC','facebookexternalhit/1.1 (+http://www.facebook.com/externalhit_uatext.php)','31.13.127.24','2019-10-14 20:16:33'),(946,43,'PC','facebookexternalhit/1.1 (+http://www.facebook.com/externalhit_uatext.php)','31.13.127.1','2019-10-14 20:16:33'),(947,5,'PC','facebookexternalhit/1.1 (+http://www.facebook.com/externalhit_uatext.php)','173.252.127.2','2019-10-15 08:02:53'),(948,5,'PC','facebookexternalhit/1.1 (+http://www.facebook.com/externalhit_uatext.php)','173.252.127.18','2019-10-15 08:02:53'),(949,43,'PC','facebookexternalhit/1.1 (+http://www.facebook.com/externalhit_uatext.php)','69.171.251.48','2019-10-16 08:42:54'),(950,43,'PC','facebookexternalhit/1.1 (+http://www.facebook.com/externalhit_uatext.php)','69.171.251.27','2019-10-16 08:42:54'),(951,5,'PC','facebookexternalhit/1.1 (+http://www.facebook.com/externalhit_uatext.php)','31.13.127.9','2019-10-16 22:22:36'),(952,5,'PC','facebookexternalhit/1.1 (+http://www.facebook.com/externalhit_uatext.php)','31.13.127.19','2019-10-16 22:22:36'),(953,43,'PC','facebookexternalhit/1.1 (+http://www.facebook.com/externalhit_uatext.php)','31.13.127.19','2019-10-16 22:30:06'),(954,43,'PC','facebookexternalhit/1.1 (+http://www.facebook.com/externalhit_uatext.php)','31.13.127.18','2019-10-16 22:30:06'),(955,5,'PC','facebookexternalhit/1.1 (+http://www.facebook.com/externalhit_uatext.php)','173.252.83.10','2019-10-17 17:08:19'),(956,5,'PC','facebookexternalhit/1.1 (+http://www.facebook.com/externalhit_uatext.php)','173.252.83.19','2019-10-17 17:08:19'),(957,5,'PC','facebookexternalhit/1.1 (+http://www.facebook.com/externalhit_uatext.php)','173.252.83.1','2019-10-17 17:08:19'),(958,5,'PC','facebookexternalhit/1.1 (+http://www.facebook.com/externalhit_uatext.php)','173.252.83.17','2019-10-17 17:08:19'),(959,5,'PC','facebookexternalhit/1.1 (+http://www.facebook.com/externalhit_uatext.php)','173.252.83.24','2019-10-17 17:08:19'),(960,5,'PC','facebookexternalhit/1.1 (+http://www.facebook.com/externalhit_uatext.php)','173.252.83.15','2019-10-17 17:08:19'),(961,43,'PC','facebookexternalhit/1.1 (+http://www.facebook.com/externalhit_uatext.php)','173.252.87.45','2019-10-19 09:59:03'),(962,43,'PC','facebookexternalhit/1.1 (+http://www.facebook.com/externalhit_uatext.php)','173.252.87.17','2019-10-19 09:59:03'),(963,5,'PC','facebookexternalhit/1.1 (+http://www.facebook.com/externalhit_uatext.php)','173.252.79.15','2019-10-19 14:22:38'),(964,5,'PC','facebookexternalhit/1.1 (+http://www.facebook.com/externalhit_uatext.php)','173.252.79.26','2019-10-19 14:22:38'),(965,43,'PC','facebookexternalhit/1.1 (+http://www.facebook.com/externalhit_uatext.php)','31.13.127.18','2019-10-20 19:49:35'),(966,43,'PC','facebookexternalhit/1.1 (+http://www.facebook.com/externalhit_uatext.php)','31.13.127.18','2019-10-20 19:49:35'),(967,43,'PC','facebookexternalhit/1.1 (+http://www.facebook.com/externalhit_uatext.php)','69.171.251.55','2019-10-21 09:19:05'),(968,43,'PC','facebookexternalhit/1.1 (+http://www.facebook.com/externalhit_uatext.php)','69.171.251.55','2019-10-21 09:19:05'),(969,43,'PC','facebookexternalhit/1.1 (+http://www.facebook.com/externalhit_uatext.php)','173.252.87.22','2019-10-22 13:01:15'),(970,43,'PC','facebookexternalhit/1.1 (+http://www.facebook.com/externalhit_uatext.php)','173.252.87.29','2019-10-22 13:01:15'),(971,39,'PC','facebookexternalhit/1.1 (+http://www.facebook.com/externalhit_uatext.php)','173.252.127.40','2019-10-23 17:07:57'),(972,39,'PC','facebookexternalhit/1.1 (+http://www.facebook.com/externalhit_uatext.php)','173.252.127.24','2019-10-23 17:07:57'),(973,43,'PC','facebookexternalhit/1.1 (+http://www.facebook.com/externalhit_uatext.php)','69.171.251.23','2019-10-24 09:37:58'),(974,43,'PC','facebookexternalhit/1.1 (+http://www.facebook.com/externalhit_uatext.php)','69.171.251.56','2019-10-24 09:37:58'),(975,43,'PC','facebookexternalhit/1.1 (+http://www.facebook.com/externalhit_uatext.php)','31.13.127.23','2019-10-24 22:38:56'),(976,43,'PC','facebookexternalhit/1.1 (+http://www.facebook.com/externalhit_uatext.php)','31.13.127.24','2019-10-24 22:38:56'),(977,32,'Celular iOS','Mozilla/5.0 (iPhone; CPU iPhone OS 13_1_3 like Mac OS X) AppleWebKit/605.1.15 (KHTML, like Gecko) Mobile/15E148 [FBAN/FBIOS;FBDV/iPhone9,3;FBMD/iPhone;FBSN/iOS;FBSV/13.1.3;FBSS/2;FBID/phone;FBLC/es_LA;FBOP/5;FBCR/Telcel]','177.248.196.168','2019-10-25 19:07:58'),(978,43,'PC','facebookexternalhit/1.1 (+http://www.facebook.com/externalhit_uatext.php)','173.252.87.49','2019-10-26 09:27:28'),(979,43,'PC','facebookexternalhit/1.1 (+http://www.facebook.com/externalhit_uatext.php)','173.252.87.49','2019-10-26 09:27:28'),(980,50,'PC','facebookexternalhit/1.1 (+http://www.facebook.com/externalhit_uatext.php)','173.252.95.18','2019-10-26 16:48:25'),(981,50,'PC','facebookexternalhit/1.1 (+http://www.facebook.com/externalhit_uatext.php)','173.252.127.31','2019-10-26 16:48:25'),(982,50,'PC','facebookexternalhit/1.1 (+http://www.facebook.com/externalhit_uatext.php)','173.252.95.18','2019-10-26 16:48:26'),(983,50,'PC','facebookexternalhit/1.1 (+http://www.facebook.com/externalhit_uatext.php)','173.252.95.33','2019-10-26 16:48:26'),(984,50,'PC','facebookexternalhit/1.1 (+http://www.facebook.com/externalhit_uatext.php)','173.252.95.16','2019-10-26 16:48:30'),(985,50,'Celular Android','Mozilla/5.0 (Linux; Android 9; Redmi 6 Build/PPR1.180610.011; wv) AppleWebKit/537.36 (KHTML, like Gecko) Version/4.0 Chrome/77.0.3865.116 Mobile Safari/537.36 [FB_IAB/FB4A;FBAV/244.0.0.43.118;]','190.239.89.44','2019-10-26 16:49:43'),(986,50,'Celular iOS','Mozilla/5.0 (iPhone; CPU iPhone OS 13_1_2 like Mac OS X) AppleWebKit/605.1.15 (KHTML, like Gecko) Version/13.0.1 Mobile/15E148 Safari/604.1','66.220.149.62','2019-10-28 09:25:38'),(987,50,'PC','Mozilla/5.0 (Windows NT 10.0; Win64; x64) AppleWebKit/537.36 (KHTML, like Gecko) Chrome/77.0.3865.120 Safari/537.36','31.13.115.11','2019-10-28 09:25:38'),(988,50,'PC','Mozilla/5.0 (Windows NT 6.1; Win64; x64) AppleWebKit/537.36 (KHTML, like Gecko) Chrome/77.0.3865.120 Safari/537.36','31.13.115.11','2019-10-28 09:25:38'),(989,50,'PC','Mozilla/5.0 (Windows NT 6.1; Win64; x64) AppleWebKit/537.36 (KHTML, like Gecko) Chrome/78.0.3904.70 Safari/537.36','31.13.115.25','2019-10-28 09:25:38'),(990,50,'Celular Android','Mozilla/5.0 (Linux; Android 6.0.1; Nexus 6P Build/MMB29P) AppleWebKit/537.36 (KHTML, like Gecko) Chrome/47.0.2526.83 Mobile Safari/537.36','173.252.87.1','2019-10-28 09:26:03'),(991,50,'Celular Android','Mozilla/5.0 (Linux; Android 6.0.1; Nexus 6P Build/MMB29P) AppleWebKit/537.36 (KHTML, like Gecko) Chrome/47.0.2526.83 Mobile Safari/537.36','31.13.115.9','2019-10-28 09:26:05'),(992,50,'Celular Android','Mozilla/5.0 (Linux; Android 6.0.1; Nexus 6P Build/MMB29P) AppleWebKit/537.36 (KHTML, like Gecko) Chrome/47.0.2526.83 Mobile Safari/537.36','31.13.103.24','2019-10-28 09:26:05'),(993,50,'Celular Android','Mozilla/5.0 (Linux; Android 6.0.1; Nexus 6P Build/MMB29P) AppleWebKit/537.36 (KHTML, like Gecko) Chrome/47.0.2526.83 Mobile Safari/537.36','31.13.103.3','2019-10-28 09:26:06'),(994,50,'PC','Mozilla/5.0 (Windows NT 10.0; Win64; x64; rv:70.0) Gecko/20100101 Firefox/70.0','201.240.68.188','2019-10-28 10:09:42'),(995,48,'PC','Mozilla/5.0 (Windows NT 6.1; Win64; x64) AppleWebKit/537.36 (KHTML, like Gecko) Chrome/78.0.3904.70 Safari/537.36','190.235.230.207','2019-10-28 11:40:43'),(996,43,'PC','facebookexternalhit/1.1 (+http://www.facebook.com/externalhit_uatext.php)','173.252.87.25','2019-10-28 11:57:59'),(997,43,'PC','facebookexternalhit/1.1 (+http://www.facebook.com/externalhit_uatext.php)','173.252.87.10','2019-10-28 11:57:59'),(998,50,'PC','Mozilla/5.0 (Windows NT 10.0; Win64; x64) AppleWebKit/537.36 (KHTML, like Gecko) Chrome/77.0.3865.120 Safari/537.36','181.224.242.104','2019-10-28 11:58:01'),(999,50,'PC','Mozilla/5.0 (Windows NT 6.1; Win64; x64) AppleWebKit/537.36 (KHTML, like Gecko) Chrome/77.0.3865.120 Safari/537.36','31.13.115.19','2019-10-28 11:58:01'),(1000,50,'PC','Mozilla/5.0 (Windows NT 10.0; Win64; x64) AppleWebKit/537.36 (KHTML, like Gecko) Chrome/77.0.3865.120 Safari/537.36','66.220.149.54','2019-10-28 12:31:56'),(1001,50,'Celular Android','Mozilla/5.0 (Linux; Android 9; SM-A105M) AppleWebKit/537.36 (KHTML, like Gecko) Chrome/77.0.3865.116 Mobile Safari/537.36','31.13.127.4','2019-10-28 12:31:56'),(1002,50,'Celular Android','Mozilla/5.0 (Linux; Android 6.0; LG-X230 Build/MRA58K) AppleWebKit/537.36 (KHTML, like Gecko) Chrome/56.0.2924.87 Mobile Safari/537.36','66.220.149.1','2019-10-28 12:31:56'),(1003,50,'PC','Mozilla/5.0 (Windows NT 6.1; Win64; x64) AppleWebKit/537.36 (KHTML, like Gecko) Chrome/77.0.3865.120 Safari/537.36','31.13.115.18','2019-10-28 12:31:56'),(1004,50,'Celular Android','Mozilla/5.0 (Linux; Android 6.0.1; Nexus 6P Build/MMB29P) AppleWebKit/537.36 (KHTML, like Gecko) Chrome/47.0.2526.83 Mobile Safari/537.36','173.252.79.1','2019-10-28 12:32:22'),(1005,50,'Celular Android','Mozilla/5.0 (Linux; Android 6.0.1; Nexus 6P Build/MMB29P) AppleWebKit/537.36 (KHTML, like Gecko) Chrome/47.0.2526.83 Mobile Safari/537.36','31.13.103.16','2019-10-28 12:32:24'),(1006,50,'Celular Android','Mozilla/5.0 (Linux; Android 6.0.1; Nexus 6P Build/MMB29P) AppleWebKit/537.36 (KHTML, like Gecko) Chrome/47.0.2526.83 Mobile Safari/537.36','173.252.87.28','2019-10-28 12:32:24'),(1007,50,'Celular Android','Mozilla/5.0 (Linux; Android 6.0.1; Nexus 6P Build/MMB29P) AppleWebKit/537.36 (KHTML, like Gecko) Chrome/47.0.2526.83 Mobile Safari/537.36','31.13.115.21','2019-10-28 12:32:29'),(1008,5,'Celular Android','Mozilla/5.0 (Linux; Android 6.0.1; Nexus 5X Build/MMB29P) AppleWebKit/537.36 (KHTML, like Gecko) Chrome/41.0.2272.96 Mobile Safari/537.36 (compatible; Googlebot/2.1; +http://www.google.com/bot.html)','66.249.79.92','2019-10-29 08:06:38'),(1009,43,'PC','facebookexternalhit/1.1 (+http://www.facebook.com/externalhit_uatext.php)','173.252.87.22','2019-10-29 08:09:46'),(1010,43,'PC','facebookexternalhit/1.1 (+http://www.facebook.com/externalhit_uatext.php)','173.252.87.15','2019-10-29 08:09:46'),(1011,5,'PC','facebookexternalhit/1.1 (+http://www.facebook.com/externalhit_uatext.php)','173.252.83.12','2019-10-29 11:45:55'),(1012,5,'PC','facebookexternalhit/1.1 (+http://www.facebook.com/externalhit_uatext.php)','173.252.83.22','2019-10-29 11:45:55'),(1013,5,'PC','facebookexternalhit/1.1 (+http://www.facebook.com/externalhit_uatext.php)','173.252.83.22','2019-10-29 11:45:55'),(1014,5,'PC','facebookexternalhit/1.1 (+http://www.facebook.com/externalhit_uatext.php)','173.252.83.11','2019-10-29 11:45:55'),(1015,5,'PC','facebookexternalhit/1.1 (+http://www.facebook.com/externalhit_uatext.php)','173.252.83.22','2019-10-29 11:45:55'),(1016,5,'PC','facebookexternalhit/1.1 (+http://www.facebook.com/externalhit_uatext.php)','173.252.83.1','2019-10-29 11:45:55'),(1017,3,'PC','facebookexternalhit/1.1 (+http://www.facebook.com/externalhit_uatext.php)','69.171.251.12','2019-10-31 08:20:31'),(1018,3,'PC','facebookexternalhit/1.1 (+http://www.facebook.com/externalhit_uatext.php)','69.171.251.20','2019-10-31 08:21:59'),(1019,3,'PC','facebookexternalhit/1.1 (+http://www.facebook.com/externalhit_uatext.php)','66.220.149.64','2019-10-31 08:37:15'),(1020,3,'PC','Mozilla/5.0 (Windows NT 10.0; Win64; x64) AppleWebKit/537.36 (KHTML, like Gecko) Chrome/77.0.3865.120 Safari/537.36','201.240.68.188','2019-10-31 08:52:09'),(1021,3,'PC','facebookexternalhit/1.1 (+http://www.facebook.com/externalhit_uatext.php)','66.220.149.60','2019-10-31 12:49:50'),(1022,3,'Celular Android','Mozilla/5.0 (Linux; Android 9; SM-G973U Build/PPR1.180610.011; wv) AppleWebKit/537.36 (KHTML, like Gecko) Version/4.0 Chrome/78.0.3904.62 Mobile Safari/537.36 [FB_IAB/FB4A;FBAV/244.0.0.43.118;]','190.239.91.54','2019-10-31 14:13:50'),(1023,3,'PC','facebookexternalhit/1.1 (+http://www.facebook.com/externalhit_uatext.php)','173.252.79.6','2019-10-31 14:13:59'),(1024,3,'Celular iOS','Mozilla/5.0 (iPhone; CPU iPhone OS 12_3_1 like Mac OS X) AppleWebKit/605.1.15 (KHTML, like Gecko) Version/12.1.1 Mobile/15E148 Safari/604.1','69.171.251.29','2019-10-31 14:14:17'),(1025,3,'PC','Mozilla/5.0 (Windows NT 10.0; Win64; x64) AppleWebKit/537.36 (KHTML, like Gecko) Chrome/77.0.3865.90 Safari/537.36','136.22.129.6','2019-11-01 00:49:53'),(1026,51,'PC','Mozilla/5.0 (Windows NT 10.0; Win64; x64) AppleWebKit/537.36 (KHTML, like Gecko) Chrome/77.0.3865.120 Safari/537.36','201.240.68.65','2019-11-01 12:34:44'),(1027,43,'PC','facebookexternalhit/1.1 (+http://www.facebook.com/externalhit_uatext.php)','69.171.251.25','2019-11-05 10:40:26'),(1028,43,'PC','facebookexternalhit/1.1 (+http://www.facebook.com/externalhit_uatext.php)','69.171.251.24','2019-11-05 10:40:26'),(1029,41,'Celular Android','Mozilla/5.0 (Linux; Android 9; SM-A750G Build/PPR1.180610.011; wv) AppleWebKit/537.36 (KHTML, like Gecko) Version/4.0 Chrome/78.0.3904.90 Mobile Safari/537.36 [FB_IAB/FB4A;FBAV/245.0.0.39.118;]','190.234.105.144','2019-11-06 01:13:34'),(1030,43,'PC','facebookexternalhit/1.1 (+http://www.facebook.com/externalhit_uatext.php)','69.171.251.40','2019-11-07 09:31:19'),(1031,43,'PC','facebookexternalhit/1.1 (+http://www.facebook.com/externalhit_uatext.php)','69.171.251.30','2019-11-07 09:31:19'),(1032,43,'PC','facebookexternalhit/1.1 (+http://www.facebook.com/externalhit_uatext.php)','69.171.251.30','2019-11-08 08:59:43'),(1033,43,'PC','facebookexternalhit/1.1 (+http://www.facebook.com/externalhit_uatext.php)','69.171.251.30','2019-11-08 08:59:43'),(1034,3,'PC','facebookexternalhit/1.1 (+http://www.facebook.com/externalhit_uatext.php)','69.171.251.16','2019-11-09 09:17:37'),(1035,3,'PC','facebookexternalhit/1.1 (+http://www.facebook.com/externalhit_uatext.php)','69.171.251.46','2019-11-09 09:17:38'),(1036,41,'Celular Android','Mozilla/5.0 (Linux; Android 9; moto g(7) Build/PPO29.80-29; wv) AppleWebKit/537.36 (KHTML, like Gecko) Version/4.0 Chrome/78.0.3904.90 Mobile Safari/537.36 [FB_IAB/FB4A;FBAV/246.0.0.49.121;]','132.191.0.27','2019-11-10 13:17:44'),(1037,41,'Celular Android','Mozilla/5.0 (Linux; Android 9; moto g(7) Build/PPO29.80-29; wv) AppleWebKit/537.36 (KHTML, like Gecko) Version/4.0 Chrome/78.0.3904.90 Mobile Safari/537.36 [FB_IAB/FB4A;FBAV/246.0.0.49.121;]','132.191.0.27','2019-11-10 13:19:25'),(1038,41,'Celular Android','Mozilla/5.0 (Linux; Android 9; moto g(7) Build/PPO29.80-29; wv) AppleWebKit/537.36 (KHTML, like Gecko) Version/4.0 Chrome/78.0.3904.90 Mobile Safari/537.36 [FB_IAB/FB4A;FBAV/246.0.0.49.121;]','132.191.0.27','2019-11-10 13:20:40'),(1039,41,'Celular Android','Mozilla/5.0 (Linux; Android 9; SM-A505G Build/PPR1.180610.011; wv) AppleWebKit/537.36 (KHTML, like Gecko) Version/4.0 Chrome/78.0.3904.90 Mobile Safari/537.36 [FB_IAB/FB4A;FBAV/246.0.0.49.121;]','190.113.214.196','2019-11-10 18:36:11'),(1040,41,'Celular Android','Mozilla/5.0 (Linux; Android 9; SM-A505G Build/PPR1.180610.011; wv) AppleWebKit/537.36 (KHTML, like Gecko) Version/4.0 Chrome/78.0.3904.90 Mobile Safari/537.36 [FB_IAB/FB4A;FBAV/246.0.0.49.121;]','190.113.214.196','2019-11-10 18:36:35'),(1041,41,'Celular Android','Mozilla/5.0 (Linux; Android 9; Redmi Note 7 Build/PKQ1.180904.001; wv) AppleWebKit/537.36 (KHTML, like Gecko) Version/4.0 Chrome/78.0.3904.96 Mobile Safari/537.36 [FB_IAB/FB4A;FBAV/246.0.0.49.121;]','181.176.123.226','2019-11-11 06:46:29'),(1042,41,'PC','facebookexternalhit/1.1 (+http://www.facebook.com/externalhit_uatext.php)','31.13.127.22','2019-11-11 18:57:36'),(1043,41,'PC','Mozilla/5.0 (Windows NT 10.0; Win64; x64) AppleWebKit/537.36 (KHTML, like Gecko) Chrome/78.0.3904.87 Safari/537.36','173.252.87.35','2019-11-12 08:41:33'),(1044,41,'Celular Android','Mozilla/5.0 (Linux; Android 5.1; HUAWEI CUN-L03 Build/HUAWEICUN-L03) AppleWebKit/537.36 (KHTML, like Gecko) Chrome/50.0.2661.89 Mobile Safari/537.36','66.220.149.44','2019-11-12 08:41:43'),(1045,41,'PC','Mozilla/5.0 (Windows NT 6.1; Win64; x64) AppleWebKit/537.36 (KHTML, like Gecko) Chrome/78.0.3904.87 Safari/537.36','31.13.115.40','2019-11-12 08:41:46'),(1046,41,'PC','Mozilla/5.0 (Windows NT 6.1; Win64; x64) AppleWebKit/537.36 (KHTML, like Gecko) Chrome/78.0.3904.97 Safari/537.36','69.171.251.2','2019-11-12 08:41:46'),(1047,41,'Celular Android','Mozilla/5.0 (Linux; Android 6.0.1; Nexus 6P Build/MMB29P) AppleWebKit/537.36 (KHTML, like Gecko) Chrome/47.0.2526.83 Mobile Safari/537.36','173.252.127.8','2019-11-12 08:42:00'),(1048,41,'Celular Android','Mozilla/5.0 (Linux; Android 6.0.1; Nexus 6P Build/MMB29P) AppleWebKit/537.36 (KHTML, like Gecko) Chrome/47.0.2526.83 Mobile Safari/537.36','173.252.87.43','2019-11-12 08:42:10'),(1049,41,'Celular Android','Mozilla/5.0 (Linux; Android 6.0.1; Nexus 6P Build/MMB29P) AppleWebKit/537.36 (KHTML, like Gecko) Chrome/47.0.2526.83 Mobile Safari/537.36','69.171.251.15','2019-11-12 08:42:13'),(1050,41,'PC','Mozilla/5.0 (Windows NT 10.0; WOW64) AppleWebKit/537.36 (KHTML, like Gecko) Chrome/78.0.3904.97 Safari/537.36','115.110.204.145','2019-11-12 08:42:13'),(1051,41,'Celular Android','Mozilla/5.0 (Linux; Android 6.0.1; Nexus 6P Build/MMB29P) AppleWebKit/537.36 (KHTML, like Gecko) Chrome/47.0.2526.83 Mobile Safari/537.36','31.13.103.17','2019-11-12 08:42:16'),(1052,3,'PC','Mozilla/5.0 (Windows NT 10.0; WOW64) AppleWebKit/537.36 (KHTML, like Gecko) Chrome/78.0.3904.97 Safari/537.36','190.236.76.185','2019-11-12 13:24:33'),(1053,3,'PC','Mozilla/5.0 (Windows NT 6.3; Win64; x64) AppleWebKit/537.36 (KHTML, like Gecko) Chrome/78.0.3904.87 Safari/537.36','201.230.158.23','2019-11-12 17:31:28');
/*!40000 ALTER TABLE `link_hits` ENABLE KEYS */;
UNLOCK TABLES;

--
-- Table structure for table `links`
--

DROP TABLE IF EXISTS `links`;
/*!40101 SET @saved_cs_client     = @@character_set_client */;
/*!40101 SET character_set_client = utf8 */;
CREATE TABLE `links` (
  `id` bigint(20) unsigned NOT NULL AUTO_INCREMENT,
  `cuenta_id` bigint(20) unsigned DEFAULT '0',
  `link_nombre` varchar(128) DEFAULT '',
  `link_hostname` text,
  `link_short` varchar(64) DEFAULT '',
  `hits` bigint(20) unsigned DEFAULT '0',
  `created` datetime NOT NULL,
  `modified` datetime NOT NULL,
  PRIMARY KEY (`id`)
) ENGINE=MyISAM AUTO_INCREMENT=52 DEFAULT CHARSET=latin1;
/*!40101 SET character_set_client = @saved_cs_client */;

--
-- Dumping data for table `links`
--

LOCK TABLES `links` WRITE;
/*!40000 ALTER TABLE `links` DISABLE KEYS */;
INSERT INTO `links` (`id`, `cuenta_id`, `link_nombre`, `link_hostname`, `link_short`, `hits`, `created`, `modified`) VALUES (3,1,'Wsp 983481845 FB Web','https://api.whatsapp.com/send?phone=51983481845&text=Hola%20amigos%20de%20Brandeable,%20vi%20su%20publicidad%20en%20facebook%20sobre%20p%C3%A1gina%20web,%20quiero%20saber%20m%C3%A1s','lflv',137,'2019-06-21 16:25:38','2019-11-12 17:31:28'),(2,1,'Brandeable: Link Web','https://www.brandeable.pe','lflu',85,'2019-06-21 14:25:19','2019-08-23 13:36:52'),(5,9,'WhatsApp','https://api.whatsapp.com/send?phone=51997151201&text=Estoy%20Interesado%20en%20sus%20servicios&source=&data=','lflx',105,'2019-06-21 16:46:08','2019-10-29 11:45:55'),(6,17,'Whatsapp','https://api.whatsapp.com/send?phone=51930579577&text=Vi%20su%20publicidad%20en%20facebook%2c%20estoy%20interesado%28a%29%20en%20sus%20servicios&source=&data=','lfly',183,'2019-06-21 16:54:39','2019-10-11 09:20:20'),(10,16,'Autoradio para Kia Picanto 2016 – 2018 XJH-8031','https://www.carroxperu.com/producto/autoradio-para-kia-picanto-2016-2018-xjh-8031/','lfm2',0,'2019-06-21 17:00:24','2019-06-21 17:00:24'),(9,16,'Kia Cerato Forte 2018 XJH-9034','https://www.carroxperu.com/producto/kia-cerato-forte-2018-xjh-9034/','lfm1',3,'2019-06-21 16:58:51','2019-06-24 11:00:15'),(11,16,'Kia Sportage 2016 -XJH 9206','https://www.carroxperu.com/producto/kia-sportage-2016-xjh-9206/','lfm3',2,'2019-06-21 17:01:10','2019-06-21 17:01:37'),(12,16,'Kia Sportage 2010-2012 XJH-1075','https://www.carroxperu.com/producto/kia-sportage-2010-2012-xjh-1075/','lfm4',2,'2019-06-21 17:02:21','2019-06-25 09:22:17'),(13,16,'Hyundai I20 2014-2015 XJH-9815','https://www.carroxperu.com/producto/hyundai-i20-2014-2015-xjh-9815/','lfm5',2,'2019-06-21 17:03:35','2019-06-21 17:03:56'),(14,16,'Kia Sportage 2018 XJH-1101','https://www.carroxperu.com/producto/kia-sportage-2018-xjh-1101/','lfm6',2,'2019-06-21 17:04:34','2019-06-21 17:05:24'),(15,16,'Hyundai I20 2014-2015 XJH-9815','https://www.carroxperu.com/producto/hyundai-i20-2014-2015-xjh-9815/','lfm7',2,'2019-06-21 17:08:34','2019-06-21 17:10:05'),(16,16,'Kia Cerato Forte 2008-2012 XJH-9702','https://www.carroxperu.com/producto/kia-cerato-forte-2008-2012-xjh-9702/','lfm8',2,'2019-06-21 17:10:39','2019-06-21 17:11:39'),(17,16,'Kia Sorento 2015-2016 XJH-1074','https://www.carroxperu.com/producto/kia-sorento-2015-2016-xjh-1074/','lfm9',4,'2019-06-21 17:11:16','2019-06-24 10:03:04'),(18,16,'Kia K3 2012-2015 XJH-1071','https://www.carroxperu.com/producto/kia-k3-2012-2015-xjh-1071/','lfma',6,'2019-06-21 17:13:10','2019-07-15 23:17:30'),(19,16,'Kia Picanto','https://www.carroxperu.com/producto/kia-picanto/','lfmb',1,'2019-06-21 17:14:40','2019-06-21 17:15:04'),(20,16,'Hyundai Grand I10','https://www.carroxperu.com/producto/hyundai-grand-i10/','lfmc',2,'2019-06-21 17:20:03','2019-06-21 17:20:16'),(21,16,'Hyundai Santa Fe 2014-2016 XJH-9605','https://www.carroxperu.com/producto/hyundai-santa-fe-2014-2016-xjh-9605/','lfmd',7,'2019-06-21 17:20:48','2019-08-25 22:22:04'),(22,16,'Hyunda Creta 2014-2015 XJH-1080','https://www.carroxperu.com/producto/hyunda-creta-2014-2015-xjh-1080/','lfme',2,'2019-06-21 17:22:01','2019-06-25 12:06:24'),(23,16,'Hyundai Verna/Accent/Solaris 2011-2012 XJH-9013','https://www.carroxperu.com/producto/hyundai-verna-accent-solaris-2011-2012-xjh-9013/','lfmf',2,'2019-06-21 17:23:09','2019-06-21 17:23:43'),(24,16,'Hyundai Elantra 2008-2010 XJH-9511','https://www.carroxperu.com/producto/hyundai-elantra-2008-2010-xjh-9511/','lfmg',3,'2019-06-21 17:24:06','2019-06-21 17:26:29'),(25,16,'Hyundai Elantra 2016 XJH-1088','https://www.carroxperu.com/producto/hyundai-elantra-2016-xjh-1088/','lfmh',2,'2019-06-21 17:24:52','2019-06-21 17:26:43'),(26,16,'Toyota Hilux 2016-2018 XJH-1443','https://www.carroxperu.com/producto/toyota-hilux-2016-2018-xjh-1443/','lfmi',1,'2019-06-21 17:25:41','2019-06-21 17:26:11'),(27,16,'Toyota Rav4 2012-2015 XJH-1034','https://www.carroxperu.com/producto/toyota-rav4-2012-2015-xjh-1034/','lfmj',1,'2019-06-21 17:30:22','2019-06-21 17:30:40'),(28,16,'Autoradio para Kia Picanto 2016 – 2018 XJH-8031','https://www.carroxperu.com/producto/autoradio-para-kia-picanto-2016-2018-xjh-8031/','lfmk',1,'2019-06-21 17:31:09','2019-06-21 17:31:41'),(29,16,'Toyota Yaris XJH-1443','https://www.carroxperu.com/producto/toyota-yaris-xjh-1443/','lfml',2,'2019-06-21 17:35:59','2019-06-21 17:36:21'),(30,16,'Toyota Yaris 2018 XJH-9601','https://www.carroxperu.com/producto/toyota-yaris-2018-xjh-9601/','lfmm',1,'2019-06-21 17:37:18','2019-06-21 17:37:45'),(32,16,'Toyota Corolla 2006-2011 XJH-9306','https://www.carroxperu.com/producto/toyota-corolla-2006-2011-xjh-9306/','lfmo',3,'2019-06-21 17:38:15','2019-10-25 19:07:58'),(33,16,'Suzuki Swift 2013-2016 XJH-8269','https://www.carroxperu.com/producto/suzuki-swift-2013-2016-xjh-8269/','lfmp',1,'2019-06-21 17:40:04','2019-06-21 17:40:21'),(34,16,'Opel Mokka 2017 XJH-9032','https://www.carroxperu.com/producto/opel-mokka-2017-xjh-9032/','lfmq',1,'2019-06-21 17:40:49','2019-06-21 17:41:06'),(35,16,'Renault Clio 2017-2018 XJH-1334','https://www.carroxperu.com/producto/renault-clio-2017-2018-xjh-1334/','lfmr',1,'2019-06-21 17:41:28','2019-06-21 17:42:00'),(36,16,'Volkswagen VW Universal 2018 XJH-9813','https://www.carroxperu.com/producto/renault-clio-2017-2018-xjh-1334/','lfms',1,'2019-06-21 17:42:23','2019-06-21 17:42:48'),(37,16,'Android Universal XJH-9511','https://www.carroxperu.com/producto/android-universal-xjh-9511/','lfmt',5,'2019-06-21 17:43:15','2019-09-06 08:45:18'),(38,16,'Nissan Navara 2016-2018 XJH- 9625','https://www.carroxperu.com/producto/nissan-navara-2016-2018-xjh-9625/','lfmu',6,'2019-06-21 17:44:13','2019-07-31 16:25:51'),(39,16,'Porscche Cayenne 2003-2010 XJH-8236','https://www.carroxperu.com/producto/porscche-cayenne-2003-2010-xjh-8236/','lfmv',7,'2019-06-21 17:44:57','2019-10-23 17:07:57'),(40,16,'Nissan QashQai Mt Acenta 2013-2016','https://www.carroxperu.com/producto/nissan-qashqai-mt-acenta-2013-2016/','lfmw',1,'2019-06-21 17:46:19','2019-06-21 17:46:37'),(41,18,'Link WSP','https://api.whatsapp.com/send?phone=51933347499&text=Estoy%20Interesado%20en%20en%20el%20seminario%20de%20Hidropinturas','lfmx',196,'2019-06-22 13:39:06','2019-11-12 08:42:16'),(42,18,'Form Registro Google','https://forms.gle/gs1tmyDQwiZwCkes8','lfmy',29,'2019-06-22 13:39:51','2019-09-23 15:37:31'),(43,1,'Link Whatsapp FB','https://api.whatsapp.com/send?phone=51950527734&text=Vi%20su%20publicacion%20en%20el%20facebook%20de%20brandeable%2c%20solicito%20mas%20informaci%c3%b3n&source=&data=','lfmz',119,'2019-07-02 18:00:32','2019-11-08 08:59:42'),(44,1,'Link QR Volantes','https://api.whatsapp.com/send?phone=51950527734&text=Hola%20Gerber,%20vi%20un%20volante%20tuyo&source=&data=','lfn0',24,'2019-08-07 10:35:22','2019-08-13 18:36:30'),(45,1,'Wsp AQPtec','https://api.whatsapp.com/send?phone=51950527734&text=Estoy%20interesado%20en%20las%20clases%20de%20Excel&source=&data=','lfn1',23,'2019-09-05 05:47:49','2019-09-18 17:41:07'),(46,1,'Plan S/1497','https://api.whatsapp.com/send?phone=51950527734&text=Vi%20su%20publicacion%20en%20el%20facebook%20de%20brandeable%2c%20solicito%20mas%20informaci%c3%b3n%20sobre%20el%20plan%20de%20S/1497','lfn2',16,'2019-09-07 13:53:05','2019-09-08 14:46:49'),(47,1,'Link Hosting 1GB','https://api.whatsapp.com/send?phone=51950527734&text=Estoy%20interesado%20en%20el%20hosting%20de%201%20Giga%20a%20S/179%20incluido%20IGV','lfn3',0,'2019-09-23 01:52:00','2019-09-23 02:03:43'),(48,1,'Link Hosting 2.5GB','https://api.whatsapp.com/send?phone=51950527734&text=Estoy%20interesado%20en%20el%20hosting%20de%202.5%20Gigas%20a%20S/299%20incluido%20IGV&source=&data=','lfn4',1,'2019-09-23 02:02:18','2019-10-28 11:40:43'),(49,1,'Link Hosting 5GB','https://api.whatsapp.com/send?phone=51950527734&text=Estoy%20interesado%20en%20el%20hosting%20de%205%20Gigas%20a%20S/419%20incluido%20IGV&source=&data=','lfn5',0,'2019-09-23 02:02:58','2019-09-23 02:02:58'),(50,19,'Whatsapp Esvit','https://api.whatsapp.com/send?phone=51958633739&text=Hola%20quiero%20mas%20informaci%c3%b3n%20de%20sus%20servicios%20odontologicos&source=&data=','lfn6',24,'2019-10-26 16:47:43','2019-10-28 12:32:29'),(51,1,'wsp diana','https://api.whatsapp.com/send?phone=51929800584&text=hola%20diana%2c%20te%20saludamos%20desd%20brandeable&source=&data=','lfn7',1,'2019-11-01 12:34:30','2019-11-01 12:34:44');
/*!40000 ALTER TABLE `links` ENABLE KEYS */;
UNLOCK TABLES;

--
-- Table structure for table `notificaciones`
--

DROP TABLE IF EXISTS `notificaciones`;
/*!40101 SET @saved_cs_client     = @@character_set_client */;
/*!40101 SET character_set_client = utf8 */;
CREATE TABLE `notificaciones` (
  `id` bigint(20) unsigned NOT NULL AUTO_INCREMENT,
  `usuario_id` bigint(20) unsigned DEFAULT '0',
  `estado` varchar(1) DEFAULT 'N',
  `resumen` text,
  `entidad` varchar(64) DEFAULT '',
  `entidad_id` bigint(20) unsigned DEFAULT '0',
  `fecha` date NOT NULL,
  `created` datetime NOT NULL,
  `modified` datetime NOT NULL,
  PRIMARY KEY (`id`)
) ENGINE=InnoDB AUTO_INCREMENT=4 DEFAULT CHARSET=latin1;
/*!40101 SET character_set_client = @saved_cs_client */;

--
-- Dumping data for table `notificaciones`
--

LOCK TABLES `notificaciones` WRITE;
/*!40000 ALTER TABLE `notificaciones` DISABLE KEYS */;
INSERT INTO `notificaciones` (`id`, `usuario_id`, `estado`, `resumen`, `entidad`, `entidad_id`, `fecha`, `created`, `modified`) VALUES (1,1,'N','  : STALKEAR','Evento',0,'2019-11-03','2019-11-03 16:18:11','2019-11-03 16:18:11'),(2,1,'N','ADIASOFT E.I.R.L. proyecto supremo : super proyecto','Evento',0,'2019-11-04','2019-11-03 17:06:04','2019-11-03 17:06:04'),(3,1,'N','  : visitar a su local ','Evento',0,'2019-11-06','2019-11-05 18:00:28','2019-11-05 18:00:28');
/*!40000 ALTER TABLE `notificaciones` ENABLE KEYS */;
UNLOCK TABLES;

--
-- Table structure for table `paquete_servicio_documentos`
--

DROP TABLE IF EXISTS `paquete_servicio_documentos`;
/*!40101 SET @saved_cs_client     = @@character_set_client */;
/*!40101 SET character_set_client = utf8 */;
CREATE TABLE `paquete_servicio_documentos` (
  `id` bigint(20) NOT NULL AUTO_INCREMENT,
  `paquete_id` bigint(20) DEFAULT NULL,
  `nombre_documento` text COLLATE latin2_bin,
  `ruta_archivo` text COLLATE latin2_bin,
  `created` datetime DEFAULT NULL,
  `modified` datetime DEFAULT NULL,
  PRIMARY KEY (`id`)
) ENGINE=InnoDB AUTO_INCREMENT=8 DEFAULT CHARSET=latin2 COLLATE=latin2_bin;
/*!40101 SET character_set_client = @saved_cs_client */;

--
-- Dumping data for table `paquete_servicio_documentos`
--

LOCK TABLES `paquete_servicio_documentos` WRITE;
/*!40000 ALTER TABLE `paquete_servicio_documentos` DISABLE KEYS */;
INSERT INTO `paquete_servicio_documentos` (`id`, `paquete_id`, `nombre_documento`, `ruta_archivo`, `created`, `modified`) VALUES (1,3,'dwdwdwdw','documentos_servicios/0.41975100 159538489922-07-2020camilo@gmail.com.','2020-07-22 02:28:19','2020-07-22 02:28:19'),(2,3,'dwdwdwdw','documentos_servicios/0.24060100 159538493822-07-2020camilo@gmail.com.','2020-07-22 02:28:58','2020-07-22 02:28:58'),(3,3,'grgege','documentos_servicios/0.60623800 159538494422-07-2020camilo@gmail.com.pdf','2020-07-22 02:29:04','2020-07-22 02:29:04'),(4,3,'gegee','documentos_servicios/0.12511300 159538499922-07-2020camilo@gmail.com.pdf','2020-07-22 02:29:59','2020-07-22 02:29:59'),(5,3,'DOCUMENTO1','documentos_servicios/0.97272800 159538516222-07-2020camilo@gmail.com.pdf','2020-07-22 02:32:42','2020-07-22 02:32:42'),(6,3,'DOCUMENTO1','documentos_servicios/0.30955200 159538520822-07-2020camilo@gmail.com.pdf','2020-07-22 02:33:28','2020-07-22 02:33:28'),(7,3,'DOCUMENTO1','documentos_servicios/0.06644400 159538548322-07-2020camilo@gmail.com.pdf','2020-07-22 02:38:03','2020-07-22 02:38:03');
/*!40000 ALTER TABLE `paquete_servicio_documentos` ENABLE KEYS */;
UNLOCK TABLES;

--
-- Table structure for table `paquete_servicios`
--

DROP TABLE IF EXISTS `paquete_servicios`;
/*!40101 SET @saved_cs_client     = @@character_set_client */;
/*!40101 SET character_set_client = utf8 */;
CREATE TABLE `paquete_servicios` (
  `id` bigint(20) NOT NULL AUTO_INCREMENT,
  `nombre` varchar(255) COLLATE latin2_bin DEFAULT '',
  `descripcion` varchar(255) COLLATE latin2_bin DEFAULT '',
  `presentacion_id` bigint(20) DEFAULT NULL,
  `plantilla_contrato` text COLLATE latin2_bin,
  `condiciones_comerciales` text COLLATE latin2_bin,
  `precio_venta` decimal(10,2) DEFAULT '0.00',
  `created` datetime DEFAULT NULL,
  `modified` datetime DEFAULT NULL,
  `total_pen` decimal(10,2) DEFAULT '0.00',
  `cuenta_empresa_id` bigint(20) NOT NULL,
  PRIMARY KEY (`id`)
) ENGINE=InnoDB AUTO_INCREMENT=38 DEFAULT CHARSET=latin2 COLLATE=latin2_bin;
/*!40101 SET character_set_client = @saved_cs_client */;

--
-- Dumping data for table `paquete_servicios`
--

LOCK TABLES `paquete_servicios` WRITE;
/*!40000 ALTER TABLE `paquete_servicios` DISABLE KEYS */;
INSERT INTO `paquete_servicios` (`id`, `nombre`, `descripcion`, `presentacion_id`, `plantilla_contrato`, `condiciones_comerciales`, `precio_venta`, `created`, `modified`, `total_pen`, `cuenta_empresa_id`) VALUES (12,'servicio prueba paquete','effwerger',4,'aeaaa','gaaaaaaa',5000.00,'2020-07-22 20:23:14','2020-07-26 21:05:54',44.85,1),(37,'Dise?o de web corporativa','dise?lamos la web para tu empresa',4,NULL,NULL,1697.00,'2020-07-29 10:31:19','2020-07-29 10:31:19',544.85,2);
/*!40000 ALTER TABLE `paquete_servicios` ENABLE KEYS */;
UNLOCK TABLES;

--
-- Table structure for table `paquete_servicios_rel`
--

DROP TABLE IF EXISTS `paquete_servicios_rel`;
/*!40101 SET @saved_cs_client     = @@character_set_client */;
/*!40101 SET character_set_client = utf8 */;
CREATE TABLE `paquete_servicios_rel` (
  `id` bigint(20) NOT NULL AUTO_INCREMENT,
  `paquete_id` bigint(20) DEFAULT NULL,
  `servicio_id` bigint(20) DEFAULT NULL,
  PRIMARY KEY (`id`)
) ENGINE=InnoDB AUTO_INCREMENT=46 DEFAULT CHARSET=latin2 COLLATE=latin2_bin;
/*!40101 SET character_set_client = @saved_cs_client */;

--
-- Dumping data for table `paquete_servicios_rel`
--

LOCK TABLES `paquete_servicios_rel` WRITE;
/*!40000 ALTER TABLE `paquete_servicios_rel` DISABLE KEYS */;
INSERT INTO `paquete_servicios_rel` (`id`, `paquete_id`, `servicio_id`) VALUES (1,10,12),(2,10,13),(3,11,15),(4,11,17),(5,11,18),(6,12,16),(7,12,16),(8,14,16),(9,15,16),(10,19,15),(11,19,16),(12,19,18),(13,19,19),(14,20,15),(15,20,16),(16,20,17),(17,20,19),(18,24,15),(19,28,18),(20,16,NULL),(21,17,NULL),(22,31,16),(23,31,17),(24,32,17),(25,32,18),(26,32,19),(27,33,20),(28,33,21),(29,35,17),(30,35,18),(31,36,17),(32,36,18),(33,36,19),(34,12,15),(35,12,16),(36,12,17),(37,12,18),(38,12,20),(39,12,15),(40,12,16),(41,12,23),(42,12,24),(43,37,23),(44,37,24),(45,37,25);
/*!40000 ALTER TABLE `paquete_servicios_rel` ENABLE KEYS */;
UNLOCK TABLES;

--
-- Table structure for table `presentacion_items`
--

DROP TABLE IF EXISTS `presentacion_items`;
/*!40101 SET @saved_cs_client     = @@character_set_client */;
/*!40101 SET character_set_client = utf8 */;
CREATE TABLE `presentacion_items` (
  `id` bigint(20) unsigned NOT NULL AUTO_INCREMENT,
  `presentacion_id` bigint(20) unsigned DEFAULT '0',
  `orden` smallint(5) unsigned DEFAULT '0',
  `nombre` varchar(64) DEFAULT '',
  `ruta_img_bg` varchar(64) DEFAULT '',
  `created` datetime NOT NULL,
  `modified` datetime NOT NULL,
  PRIMARY KEY (`id`)
) ENGINE=InnoDB AUTO_INCREMENT=53 DEFAULT CHARSET=utf8mb4;
/*!40101 SET character_set_client = @saved_cs_client */;

--
-- Dumping data for table `presentacion_items`
--

LOCK TABLES `presentacion_items` WRITE;
/*!40000 ALTER TABLE `presentacion_items` DISABLE KEYS */;
INSERT INTO `presentacion_items` (`id`, `presentacion_id`, `orden`, `nombre`, `ruta_img_bg`, `created`, `modified`) VALUES (10,4,10,'pagina 1','4_5f17c2dc405e1.png','2020-07-21 23:38:52','2020-07-21 23:38:59'),(11,4,20,'pagina 2','4_5f2208f2b1432.png','2020-07-21 23:39:10','2020-07-29 18:40:34'),(12,4,30,'pagina 3','4_5f17c2fe272c3.png','2020-07-21 23:39:16','2020-07-21 23:39:26'),(13,4,40,'pagina 4','4_5f220908143b4.png','2020-07-21 23:39:43','2020-07-29 18:40:56'),(14,7,0,'Pagina 1','7_5f1dfd66d7af3.jpeg','2020-07-26 17:02:14','2020-07-26 17:02:14'),(15,8,1,'','8_5f221963b0cfb.png','2020-07-29 17:10:24','2020-07-29 19:50:43'),(16,8,2,'','8_5f21f3ed5975c.png','2020-07-29 17:10:53','2020-07-29 17:10:53'),(17,8,3,'','8_5f21f403a5e65.png','2020-07-29 17:11:15','2020-07-29 17:11:15'),(18,8,4,'','8_5f21f41aaa8c7.png','2020-07-29 17:11:38','2020-07-29 17:11:38'),(19,9,1,'','9_5f22072bca15b.png','2020-07-29 18:32:59','2020-07-29 18:32:59'),(20,9,2,'','9_5f22074de8911.png','2020-07-29 18:33:33','2020-07-29 18:33:52'),(21,9,3,'','9_5f2207aee4d3f.png','2020-07-29 18:35:10','2020-07-29 18:35:10'),(22,9,4,'','9_5f220887aab62.png','2020-07-29 18:38:47','2020-07-29 18:38:47'),(23,10,2,'','10_5f2209c4a3570.png','2020-07-29 18:44:04','2020-07-29 18:45:02'),(24,10,3,'','10_5f2209ea630de.png','2020-07-29 18:44:42','2020-07-29 18:44:54'),(26,10,4,'','10_5f220a36f1980.png','2020-07-29 18:45:59','2020-07-29 18:45:59'),(27,10,1,'','10_5f220a5ec2ce2.png','2020-07-29 18:46:38','2020-07-29 18:46:38'),(28,11,4,'','11_5f220c3371787.png','2020-07-29 18:54:27','2020-07-29 18:54:27'),(29,11,2,'','11_5f220c5589452.png','2020-07-29 18:55:01','2020-07-29 18:55:01'),(30,11,1,'','11_5f220c814d9b2.png','2020-07-29 18:55:45','2020-07-29 18:55:45'),(31,11,3,'','11_5f220c983292d.png','2020-07-29 18:56:08','2020-07-29 18:56:08'),(32,13,4,'','13_5f220ed6279bf.png','2020-07-29 19:05:42','2020-07-29 19:05:42'),(33,13,2,'','13_5f220efaae74b.png','2020-07-29 19:06:18','2020-07-29 19:06:18'),(34,13,1,'','13_5f220f0eddd5c.png','2020-07-29 19:06:38','2020-07-29 19:06:38'),(35,13,3,'','13_5f220f2ba83fc.png','2020-07-29 19:07:07','2020-07-29 19:07:07'),(36,14,1,'','14_5f2222fdb9f84.png','2020-07-29 20:31:41','2020-07-29 20:31:41'),(37,14,2,'','14_5f2223206eae2.png','2020-07-29 20:32:16','2020-07-29 20:32:16'),(38,14,3,'','14_5f22233646bd3.png','2020-07-29 20:32:38','2020-07-29 20:32:38'),(39,14,4,'','14_5f22234cca06e.png','2020-07-29 20:33:00','2020-07-29 20:33:00'),(40,12,1,'','12_5f222396172dc.png','2020-07-29 20:34:14','2020-07-29 20:34:14'),(41,12,2,'','12_5f2223ace8ba7.png','2020-07-29 20:34:36','2020-07-29 20:34:36'),(42,12,3,'','12_5f22337cd5981.png','2020-07-29 20:34:59','2020-07-29 21:42:04'),(43,12,4,'','12_5f2223dd82d7b.png','2020-07-29 20:35:25','2020-07-29 20:35:25'),(44,15,1,'','15_5f2224224151c.png','2020-07-29 20:36:34','2020-07-29 20:36:50'),(45,15,2,'','15_5f22244f69dc3.png','2020-07-29 20:37:19','2020-07-29 20:37:19'),(46,15,3,'','15_5f22335b49ad4.png','2020-07-29 20:37:40','2020-07-29 21:41:31'),(47,15,4,'','15_5f22247bb7960.png','2020-07-29 20:38:03','2020-07-29 20:38:03'),(49,16,1,'','16_5f2224c6246d0.png','2020-07-29 20:39:18','2020-07-29 20:39:18'),(50,16,2,'','16_5f2224d9566ce.png','2020-07-29 20:39:37','2020-07-29 20:39:37'),(51,16,3,'','16_5f22333a012cb.png','2020-07-29 20:39:56','2020-07-29 21:40:58'),(52,16,4,'','16_5f222501e6947.png','2020-07-29 20:40:17','2020-07-29 20:40:17');
/*!40000 ALTER TABLE `presentacion_items` ENABLE KEYS */;
UNLOCK TABLES;

--
-- Table structure for table `presentacion_pdfs`
--

DROP TABLE IF EXISTS `presentacion_pdfs`;
/*!40101 SET @saved_cs_client     = @@character_set_client */;
/*!40101 SET character_set_client = utf8 */;
CREATE TABLE `presentacion_pdfs` (
  `id` bigint(20) unsigned NOT NULL AUTO_INCREMENT,
  `presentacion_id` bigint(20) unsigned DEFAULT '0',
  `persona_nombre` varchar(255) DEFAULT '',
  `persona_ruc` varchar(11) DEFAULT '',
  `persona_empresa` varchar(255) DEFAULT '',
  `persona_proyecto` varchar(255) DEFAULT '',
  `nombre_archivo` varchar(128) NOT NULL DEFAULT '',
  `ruta_pdf` varchar(255) DEFAULT '',
  `created` datetime NOT NULL,
  `modified` datetime NOT NULL,
  PRIMARY KEY (`id`)
) ENGINE=InnoDB AUTO_INCREMENT=38 DEFAULT CHARSET=utf8mb4;
/*!40101 SET character_set_client = @saved_cs_client */;

--
-- Dumping data for table `presentacion_pdfs`
--

LOCK TABLES `presentacion_pdfs` WRITE;
/*!40000 ALTER TABLE `presentacion_pdfs` DISABLE KEYS */;
INSERT INTO `presentacion_pdfs` (`id`, `presentacion_id`, `persona_nombre`, `persona_ruc`, `persona_empresa`, `persona_proyecto`, `nombre_archivo`, `ruta_pdf`, `created`, `modified`) VALUES (1,4,'Gerber Dimas Pacheco Colque','20603556900','Brandeable E.I.R.L.','Diseño de Sitio Web','','D:\\proyectos_web\\pe_com_gerware\\webroot\\media\\presentaciones/pdf\\0000001_Pack_Emprende_2020__Brandeable_EIRL.pdf','2020-07-21 23:36:54','2020-07-21 23:36:54'),(2,4,'Gerber Dimas Pacheco Colque','20603556900','Brandeable E.I.R.L.','Diseño de Sitio Web','','D:\\proyectos_web\\pe_com_gerware\\webroot\\media\\presentaciones/pdf\\0000002_Pack_Emprende_2020__Brandeable_EIRL.pdf','2020-07-21 23:37:30','2020-07-21 23:37:30'),(3,4,'Gerber Dimas Pacheco Colque','20603556900','Brandeable E.I.R.L.','Diseño de Sitio Web','','D:\\proyectos_web\\pe_com_gerware\\webroot\\media\\presentaciones/pdf\\0000003_Pack_Emprende_2020__Brandeable_EIRL.pdf','2020-07-21 23:39:56','2020-07-21 23:40:13'),(4,4,'Gerber Dimas Pacheco Colque','20603556900','Brandeable E.I.R.L.','Diseño de Sitio Web','','D:\\proyectos_web\\pe_com_gerware\\webroot\\media\\presentaciones/pdf\\0000004_Pack_Emprende_2020__Brandeable_EIRL.pdf','2020-07-21 23:41:35','2020-07-21 23:41:49'),(5,4,'Gerber Dimas Pacheco Colque','20603556900','Brandeable E.I.R.L.','Diseño de Sitio Web','','D:\\proyectos_web\\pe_com_gerware\\webroot\\media\\presentaciones/pdf\\0000005_Pack_Emprende_2020__Brandeable_EIRL.pdf','2020-07-21 23:43:07','2020-07-21 23:43:21'),(6,4,'Gerber Dimas Pacheco Colque','20603556900','Brandeable E.I.R.L.','Diseño de Sitio Web','','A:\\laragon\\www\\siscomercial_v1\\webroot\\media\\presentaciones/pdf\\0000006_Pack_Emprende_2020__Brandeable_EIRL.pdf','2020-07-22 23:04:37','2020-07-22 23:05:22'),(7,4,NULL,NULL,NULL,NULL,'','D:\\proyectos_web\\pe_com_gerware\\webroot\\media\\presentaciones/pdf\\0000007_Pack_Emprende_2020__Brandeable_EIRL.pdf','2020-07-26 17:52:05','2020-07-26 17:52:20'),(8,4,NULL,NULL,NULL,NULL,'','D:\\proyectos_web\\pe_com_gerware\\webroot\\media\\presentaciones/pdf\\0000008_Pack_Emprende_2020__Brandeable_EIRL.pdf','2020-07-26 17:54:12','2020-07-26 17:54:26'),(9,4,'Gerber Pacheco','11111111111','Brandeable EIRL','Desarrollo de Página Web','','D:\\proyectos_web\\pe_com_gerware\\webroot\\media\\presentaciones/pdf\\0000009_Pack_Emprende_2020__.pdf','2020-07-26 18:13:09','2020-07-26 18:13:23'),(10,4,'Gerber Pacheco','11111111111','Brandeable EIRL','Desarrollo de Página Web','','D:\\proyectos_web\\pe_com_gerware\\webroot\\media\\presentaciones/pdf\\0000010_Pack_Emprende_2020__.pdf','2020-07-26 18:14:26','2020-07-26 18:14:40'),(11,4,'Gerber Pacheco','11111111111','Brandeable EIRL','Desarrollo de Página Web','','D:\\proyectos_web\\pe_com_gerware\\webroot\\media\\presentaciones/pdf\\0000011_Pack_Emprende_2020__Brandeable_EIRL.pdf','2020-07-26 18:15:17','2020-07-26 18:15:31'),(12,4,'Gerber Pacheco','11111111111','Brandeable EIRL','Desarrollo de Página Web','','D:\\proyectos_web\\pe_com_gerware\\webroot\\media\\presentaciones/pdf\\0000012_Pack_Emprende_2020__Brandeable_EIRL.pdf','2020-07-26 19:17:48','2020-07-26 19:18:02'),(13,4,'Gerber Pacheco','11111111111','Brandeable EIRL','Desarrollo de Página Web','0000013_Pack_Emprende_2020__Brandeable_EIRL.pdf','D:\\proyectos_web\\pe_com_gerware\\webroot\\media\\presentaciones/pdf\\0000013_Pack_Emprende_2020__Brandeable_EIRL.pdf','2020-07-26 19:19:56','2020-07-26 19:20:10'),(14,4,'Gerber Pacheco','20603556900','Brandeable EIRL','Diseño de Página Web','0000014_Pack_Emprende_2020__Brandeable_EIRL.pdf','','2020-07-26 20:07:09','2020-07-26 20:07:23'),(15,4,'Gerber Dimas Pacheco Colque','20603556900','Brandeable EIRL',NULL,'0000015_Pack_Emprende_2020__Brandeable_EIRL.pdf','','2020-07-26 20:17:54','2020-07-26 20:18:07'),(16,4,'Gerber Dimas Pacheco Colque','20603556900','Brandeable EIRL','','0000016_Pack_Emprende_2020__Brandeable_EIRL.pdf','','2020-07-26 20:18:40','2020-07-26 20:18:54'),(17,4,'Gerber Dimas Pacheco Colque','20603556900','Brandeable EIRL','','0000017_Pack_Emprende_2020__Brandeable_EIRL.pdf','','2020-07-26 20:18:55','2020-07-26 20:19:09'),(18,4,'','20603556900','Brandeable','','0000018_Pack_Emprende_2020__Brandeable.pdf','','2020-07-26 21:26:14','2020-07-26 21:26:28'),(19,4,'Gerber Dimas Pacheco Colque','20603556900','Brandeable EIRL','','0000019_Pack_Emprende_2020__Brandeable_EIRL.pdf','','2020-07-29 09:37:23','2020-07-29 09:37:37'),(20,4,'Camilo Rodriguez','00000000000','Camilo Software TEch LLC','','0000020_Pack_Emprende_2020__Camilo_Software_TEch_LLC.pdf','','2020-07-29 10:33:00','2020-07-29 10:33:16'),(21,4,'Camilo Rodriguez','00000000000','Camilo Software TEch LLC','','0000021_Pack_Emprende_2020__Camilo_Software_TEch_LLC.pdf','','2020-07-29 10:34:12','2020-07-29 10:34:26'),(22,4,'Gerber Dimas Pacheco Colque','20603556900','Brandeable EIRL','','0000022_Pack_Emprende_2020__Brandeable_EIRL.pdf','','2020-07-29 17:21:38','2020-07-29 17:21:56'),(23,4,'11','11111111111','1','','0000023_Pack_Emprende_2020__1.pdf','','2020-07-29 17:29:31','2020-07-29 17:29:45'),(24,4,'11','11111111111','1','','0000024_Pack_Emprende_2020__1.pdf','','2020-07-29 17:30:10','2020-07-29 17:30:28'),(25,NULL,'Gerber Dimas Pacheco Colque','20603556900','Brandeable EIRL','','','','2020-07-29 17:39:18','2020-07-29 17:39:18'),(26,8,'Gerber Dimas Pacheco Colque','20603556900','Brandeable EIRL','','0000026_AQP_WEB__Brandeable_EIRL.pdf','','2020-07-29 17:40:58','2020-07-29 17:41:14'),(27,8,'Dios Gerber ','10454562467','Dios del mundo','','0000027_AQP_WEB__Dios_del_mundo.pdf','','2020-07-29 17:42:41','2020-07-29 17:42:55'),(28,4,'Dios Gerber ','10454562467','Dios del mundo','','0000028_Pack_Emprende_2020__Dios_del_mundo.pdf','','2020-07-29 17:43:52','2020-07-29 17:44:10'),(29,4,'Gerber Dimas Pacheco Colque','20603556900','Brandeable EIRL','','0000029_Pack_Emprende_2020__Brandeable_EIRL.pdf','','2020-07-29 18:25:37','2020-07-29 18:25:53'),(30,9,'Gerber Dimas Pacheco Colque','20603556900','Brandeable EIRL','','0000030_Marketing_Digital_Brandeable__Brandeable_EIRL.pdf','','2020-07-29 18:39:02','2020-07-29 18:39:18'),(31,16,'Gerber Dimas Pacheco Colque','20603556900','Brandeable EIRL','','0000031_Diseno_y_Desarrollo_Web_Emprendedor_Sistema_Pedregal__Brandeable_EIRL.pdf','','2020-07-29 21:16:54','2020-07-29 21:17:11'),(32,14,'Gerber Dimas Pacheco Colque','20603556900','Brandeable EIRL','','0000032_Gfast__Brandeable_EIRL.pdf','','2020-07-29 21:17:31','2020-07-29 21:17:47'),(33,16,'Gerber Dimas Pacheco Colque','20603556900','Brandeable EIRL','','0000033_Diseno_y_Desarrollo_Web_Emprendedor_Sistema_Pedregal__Brandeable_EIRL.pdf','','2020-07-29 21:18:51','2020-07-29 21:19:10'),(34,14,'Diego Javier','00000000000','Diego Softq','','0000034_Gfast__Diego_Softq.pdf','','2020-07-30 15:48:01','2020-07-30 15:48:23'),(35,8,'Presentación de demostración','00000000000','UNSA UPBS','','0000035_AQP_WEB__UNSA_UPBS.pdf','','2020-08-02 13:17:57','2020-08-02 13:18:14'),(36,13,'Gerber','00000000000','Gerber','','0000036_Diseno_y_Desarrollo_Web_Personalizado_Brandeable__Gerber.pdf','','2020-08-04 22:04:32','2020-08-04 22:04:48'),(37,8,'Diego Javier','00000000000','Diego Software','','0000037_AQP_WEB__Diego_Software.pdf','','2020-08-08 16:04:21','2020-08-08 16:04:34');
/*!40000 ALTER TABLE `presentacion_pdfs` ENABLE KEYS */;
UNLOCK TABLES;

--
-- Table structure for table `presentaciones`
--

DROP TABLE IF EXISTS `presentaciones`;
/*!40101 SET @saved_cs_client     = @@character_set_client */;
/*!40101 SET character_set_client = utf8 */;
CREATE TABLE `presentaciones` (
  `id` bigint(20) unsigned NOT NULL AUTO_INCREMENT,
  `orden` smallint(6) NOT NULL DEFAULT '0',
  `nombre` varchar(64) DEFAULT '',
  `tipo` varchar(32) NOT NULL DEFAULT 'CLIENTE',
  `condiciones_comerciales` text,
  `ruta_imagen1` varchar(255) NOT NULL DEFAULT '',
  `created` datetime NOT NULL,
  `modified` datetime NOT NULL,
  PRIMARY KEY (`id`)
) ENGINE=InnoDB AUTO_INCREMENT=17 DEFAULT CHARSET=utf8mb4;
/*!40101 SET character_set_client = @saved_cs_client */;

--
-- Dumping data for table `presentaciones`
--

LOCK TABLES `presentaciones` WRITE;
/*!40000 ALTER TABLE `presentaciones` DISABLE KEYS */;
INSERT INTO `presentaciones` (`id`, `orden`, `nombre`, `tipo`, `condiciones_comerciales`, `ruta_imagen1`, `created`, `modified`) VALUES (4,0,'Creación de Logo-Brandeable','CLIENTE','Sed ut perspiciatis unde omnis iste natus error sit voluptatem accusantium doloremque laudantium, totam rem aperiam, eaque ipsa quae ab illo inventore veritatis et quasi architecto beatae vitae dicta sunt explicabo. Nemo enim ipsam voluptatem quia voluptas sit aspernatur aut odit aut fugit, sed quia consequuntur magni dolores eos qui ratione voluptatem sequi nesciunt. Neque porro quisquam est, qui dolorem ipsum quia dolor sit amet, consectetur, adipisci velit, sed quia non numquam eius modi tempora incidunt ut labore et dolore magnam aliquam quaerat voluptatem.','','2020-02-17 02:29:08','2020-07-29 18:41:47'),(6,0,'efefe','CLIENTE','gngngn','','2020-07-22 19:20:06','2020-07-22 19:20:06'),(7,0,'Plan Tu Primera Web','CLIENTE','asdfasdfasdfad','','2020-07-26 17:02:03','2020-07-26 17:02:03'),(8,0,'AQP WEB','CLIENTE','','','2020-07-29 17:09:57','2020-07-29 17:09:57'),(9,0,'Marketing Digital-Brandeable','CLIENTE','','','2020-07-29 18:31:31','2020-07-29 18:31:31'),(10,0,'Mi primera Web-Brandeable','CLIENTE','','','2020-07-29 18:42:40','2020-07-29 18:42:40'),(11,0,'Diseño Web Creciendo-Brandeable','CLIENTE','','','2020-07-29 18:54:07','2020-07-29 18:54:07'),(12,0,'Diseño y Desarrollo Web Personalizado-Sistema Pedregal','CLIENTE','','','2020-07-29 18:57:42','2020-07-29 20:35:54'),(13,0,'Diseño y Desarrollo Web Personalizado-Brandeable','CLIENTE','','','2020-07-29 19:05:24','2020-07-29 19:05:24'),(14,0,'Gfast','CLIENTE','','','2020-07-29 20:31:10','2020-07-29 20:31:10'),(15,0,'Diseño y Desarrollo Web Creciendo-Sistema Pedregal','CLIENTE','','','2020-07-29 20:36:10','2020-07-29 20:36:10'),(16,0,'Diseño y Desarrollo Web Emprendedor-Sistema Pedregal','CLIENTE','','','2020-07-29 20:38:59','2020-07-29 20:38:59');
/*!40000 ALTER TABLE `presentaciones` ENABLE KEYS */;
UNLOCK TABLES;

--
-- Table structure for table `servicios`
--

DROP TABLE IF EXISTS `servicios`;
/*!40101 SET @saved_cs_client     = @@character_set_client */;
/*!40101 SET character_set_client = utf8 */;
CREATE TABLE `servicios` (
  `id` bigint(20) NOT NULL AUTO_INCREMENT,
  `presentacion_id` bigint(20) DEFAULT NULL,
  `nombre` varchar(255) COLLATE latin2_bin DEFAULT '',
  `descripcion_corta` text COLLATE latin2_bin,
  `descripcion_larga` text COLLATE latin2_bin,
  `ruta_icono` text COLLATE latin2_bin,
  `precio_venta` decimal(10,2) DEFAULT '0.00',
  `precio_compra` decimal(10,2) DEFAULT '0.00',
  `precio_moneda` varchar(50) COLLATE latin2_bin DEFAULT '',
  `periodo_renovacion` varchar(100) COLLATE latin2_bin DEFAULT '',
  PRIMARY KEY (`id`)
) ENGINE=InnoDB AUTO_INCREMENT=26 DEFAULT CHARSET=latin2 COLLATE=latin2_bin;
/*!40101 SET character_set_client = @saved_cs_client */;

--
-- Dumping data for table `servicios`
--

LOCK TABLES `servicios` WRITE;
/*!40000 ALTER TABLE `servicios` DISABLE KEYS */;
INSERT INTO `servicios` (`id`, `presentacion_id`, `nombre`, `descripcion_corta`, `descripcion_larga`, `ruta_icono`, `precio_venta`, `precio_compra`, `precio_moneda`, `periodo_renovacion`) VALUES (23,NULL,'Registro de Nombre de Dominio .COM','Registro de nombre de dominio .COM (pago anual)','','',14.95,10.99,'PEN','UNI'),(24,NULL,'Hosting 1 GB','Plan de Alojamiento Web (Hosting) de 1GB, 20GB de transferencia y 10 cuentas de correo corporativo','','',29.90,0.00,'PEN','UNI'),(25,NULL,'Construccion de pagina web','servicio de dise?o de sitio web','','servicios_iconos/0.30994000 159603662629-07-2020gerber.',500.00,0.00,'PEN','UNI');
/*!40000 ALTER TABLE `servicios` ENABLE KEYS */;
UNLOCK TABLES;

--
-- Table structure for table `sms_notificaciones`
--

DROP TABLE IF EXISTS `sms_notificaciones`;
/*!40101 SET @saved_cs_client     = @@character_set_client */;
/*!40101 SET character_set_client = utf8 */;
CREATE TABLE `sms_notificaciones` (
  `id` bigint(20) NOT NULL AUTO_INCREMENT,
  `estado` varchar(50) COLLATE latin2_bin DEFAULT NULL,
  `mensaje` text COLLATE latin2_bin,
  `numero` int(11) DEFAULT NULL,
  PRIMARY KEY (`id`)
) ENGINE=InnoDB DEFAULT CHARSET=latin2 COLLATE=latin2_bin;
/*!40101 SET character_set_client = @saved_cs_client */;

--
-- Dumping data for table `sms_notificaciones`
--

LOCK TABLES `sms_notificaciones` WRITE;
/*!40000 ALTER TABLE `sms_notificaciones` DISABLE KEYS */;
/*!40000 ALTER TABLE `sms_notificaciones` ENABLE KEYS */;
UNLOCK TABLES;

--
-- Table structure for table `sunat_tipo_doc_identidades`
--

DROP TABLE IF EXISTS `sunat_tipo_doc_identidades`;
/*!40101 SET @saved_cs_client     = @@character_set_client */;
/*!40101 SET character_set_client = utf8 */;
CREATE TABLE `sunat_tipo_doc_identidades` (
  `id` varchar(1) NOT NULL,
  `nombre` varchar(32) DEFAULT '',
  PRIMARY KEY (`id`)
) ENGINE=InnoDB DEFAULT CHARSET=latin1;
/*!40101 SET character_set_client = @saved_cs_client */;

--
-- Dumping data for table `sunat_tipo_doc_identidades`
--

LOCK TABLES `sunat_tipo_doc_identidades` WRITE;
/*!40000 ALTER TABLE `sunat_tipo_doc_identidades` DISABLE KEYS */;
/*!40000 ALTER TABLE `sunat_tipo_doc_identidades` ENABLE KEYS */;
UNLOCK TABLES;

--
-- Table structure for table `sys_org_configs`
--

DROP TABLE IF EXISTS `sys_org_configs`;
/*!40101 SET @saved_cs_client     = @@character_set_client */;
/*!40101 SET character_set_client = utf8 */;
CREATE TABLE `sys_org_configs` (
  `id` bigint(20) unsigned NOT NULL AUTO_INCREMENT,
  `oid` bigint(20) unsigned DEFAULT '0',
  `varname` varchar(32) DEFAULT '',
  `varvalue` text,
  `created` datetime NOT NULL,
  `modified` datetime NOT NULL,
  PRIMARY KEY (`id`)
) ENGINE=InnoDB AUTO_INCREMENT=2 DEFAULT CHARSET=latin1;
/*!40101 SET character_set_client = @saved_cs_client */;

--
-- Dumping data for table `sys_org_configs`
--

LOCK TABLES `sys_org_configs` WRITE;
/*!40000 ALTER TABLE `sys_org_configs` DISABLE KEYS */;
INSERT INTO `sys_org_configs` (`id`, `oid`, `varname`, `varvalue`, `created`, `modified`) VALUES (1,0,'ayssac_coticorrel','5','2019-11-03 16:23:31','2019-11-04 17:33:02');
/*!40000 ALTER TABLE `sys_org_configs` ENABLE KEYS */;
UNLOCK TABLES;

--
-- Table structure for table `ubi_distritos`
--

DROP TABLE IF EXISTS `ubi_distritos`;
/*!40101 SET @saved_cs_client     = @@character_set_client */;
/*!40101 SET character_set_client = utf8 */;
CREATE TABLE `ubi_distritos` (
  `id` char(6) NOT NULL DEFAULT '',
  `nombre` varchar(50) NOT NULL DEFAULT '',
  `info_busqueda` varchar(256) NOT NULL DEFAULT '',
  `provincia_id` char(6) DEFAULT NULL,
  `region_id` char(6) NOT NULL DEFAULT '',
  PRIMARY KEY (`id`),
  UNIQUE KEY `id` (`id`)
) ENGINE=InnoDB DEFAULT CHARSET=utf8;
/*!40101 SET character_set_client = @saved_cs_client */;

--
-- Dumping data for table `ubi_distritos`
--

LOCK TABLES `ubi_distritos` WRITE;
/*!40000 ALTER TABLE `ubi_distritos` DISABLE KEYS */;
INSERT INTO `ubi_distritos` (`id`, `nombre`, `info_busqueda`, `provincia_id`, `region_id`) VALUES ('010101','Chachapoyas','Chachapoyas / Chachapoyas / Amazonas','010100','010000'),('010102','Asunción','Asunción / Chachapoyas / Amazonas','010100','010000'),('010103','Balsas','Balsas / Chachapoyas / Amazonas','010100','010000'),('010104','Cheto','Cheto / Chachapoyas / Amazonas','010100','010000'),('010105','Chiliquin','Chiliquin / Chachapoyas / Amazonas','010100','010000'),('010106','Chuquibamba','Chuquibamba / Chachapoyas / Amazonas','010100','010000'),('010107','Granada','Granada / Chachapoyas / Amazonas','010100','010000'),('010108','Huancas','Huancas / Chachapoyas / Amazonas','010100','010000'),('010109','La Jalca','La Jalca / Chachapoyas / Amazonas','010100','010000'),('010110','Leimebamba','Leimebamba / Chachapoyas / Amazonas','010100','010000'),('010111','Levanto','Levanto / Chachapoyas / Amazonas','010100','010000'),('010112','Magdalena','Magdalena / Chachapoyas / Amazonas','010100','010000'),('010113','Mariscal Castilla','Mariscal Castilla / Chachapoyas / Amazonas','010100','010000'),('010114','Molinopampa','Molinopampa / Chachapoyas / Amazonas','010100','010000'),('010115','Montevideo','Montevideo / Chachapoyas / Amazonas','010100','010000'),('010116','Olleros','Olleros / Chachapoyas / Amazonas','010100','010000'),('010117','Quinjalca','Quinjalca / Chachapoyas / Amazonas','010100','010000'),('010118','San Francisco de Daguas','San Francisco de Daguas / Chachapoyas / Amazonas','010100','010000'),('010119','San Isidro de Maino','San Isidro de Maino / Chachapoyas / Amazonas','010100','010000'),('010120','Soloco','Soloco / Chachapoyas / Amazonas','010100','010000'),('010121','Sonche','Sonche / Chachapoyas / Amazonas','010100','010000'),('010201','Bagua','Bagua / Bagua / Amazonas','010200','010000'),('010202','Aramango','Aramango / Bagua / Amazonas','010200','010000'),('010203','Copallin','Copallin / Bagua / Amazonas','010200','010000'),('010204','El Parco','El Parco / Bagua / Amazonas','010200','010000'),('010205','Imaza','Imaza / Bagua / Amazonas','010200','010000'),('010206','La Peca','La Peca / Bagua / Amazonas','010200','010000'),('010301','Jumbilla','Jumbilla / Bongará / Amazonas','010300','010000'),('010302','Chisquilla','Chisquilla / Bongará / Amazonas','010300','010000'),('010303','Churuja','Churuja / Bongará / Amazonas','010300','010000'),('010304','Corosha','Corosha / Bongará / Amazonas','010300','010000'),('010305','Cuispes','Cuispes / Bongará / Amazonas','010300','010000'),('010306','Florida','Florida / Bongará / Amazonas','010300','010000'),('010307','Jazan','Jazan / Bongará / Amazonas','010300','010000'),('010308','Recta','Recta / Bongará / Amazonas','010300','010000'),('010309','San Carlos','San Carlos / Bongará / Amazonas','010300','010000'),('010310','Shipasbamba','Shipasbamba / Bongará / Amazonas','010300','010000'),('010311','Valera','Valera / Bongará / Amazonas','010300','010000'),('010312','Yambrasbamba','Yambrasbamba / Bongará / Amazonas','010300','010000'),('010401','Nieva','Nieva / Condorcanqui / Amazonas','010400','010000'),('010402','El Cenepa','El Cenepa / Condorcanqui / Amazonas','010400','010000'),('010403','Río Santiago','Río Santiago / Condorcanqui / Amazonas','010400','010000'),('010501','Lamud','Lamud / Luya / Amazonas','010500','010000'),('010502','Camporredondo','Camporredondo / Luya / Amazonas','010500','010000'),('010503','Cocabamba','Cocabamba / Luya / Amazonas','010500','010000'),('010504','Colcamar','Colcamar / Luya / Amazonas','010500','010000'),('010505','Conila','Conila / Luya / Amazonas','010500','010000'),('010506','Inguilpata','Inguilpata / Luya / Amazonas','010500','010000'),('010507','Longuita','Longuita / Luya / Amazonas','010500','010000'),('010508','Lonya Chico','Lonya Chico / Luya / Amazonas','010500','010000'),('010509','Luya','Luya / Luya / Amazonas','010500','010000'),('010510','Luya Viejo','Luya Viejo / Luya / Amazonas','010500','010000'),('010511','María','María / Luya / Amazonas','010500','010000'),('010512','Ocalli','Ocalli / Luya / Amazonas','010500','010000'),('010513','Ocumal','Ocumal / Luya / Amazonas','010500','010000'),('010514','Pisuquia','Pisuquia / Luya / Amazonas','010500','010000'),('010515','Providencia','Providencia / Luya / Amazonas','010500','010000'),('010516','San Cristóbal','San Cristóbal / Luya / Amazonas','010500','010000'),('010517','San Francisco de Yeso','San Francisco de Yeso / Luya / Amazonas','010500','010000'),('010518','San Jerónimo','San Jerónimo / Luya / Amazonas','010500','010000'),('010519','San Juan de Lopecancha','San Juan de Lopecancha / Luya / Amazonas','010500','010000'),('010520','Santa Catalina','Santa Catalina / Luya / Amazonas','010500','010000'),('010521','Santo Tomas','Santo Tomas / Luya / Amazonas','010500','010000'),('010522','Tingo','Tingo / Luya / Amazonas','010500','010000'),('010523','Trita','Trita / Luya / Amazonas','010500','010000'),('010601','San Nicolás','San Nicolás / Rodríguez de Mendoza / Amazonas','010600','010000'),('010602','Chirimoto','Chirimoto / Rodríguez de Mendoza / Amazonas','010600','010000'),('010603','Cochamal','Cochamal / Rodríguez de Mendoza / Amazonas','010600','010000'),('010604','Huambo','Huambo / Rodríguez de Mendoza / Amazonas','010600','010000'),('010605','Limabamba','Limabamba / Rodríguez de Mendoza / Amazonas','010600','010000'),('010606','Longar','Longar / Rodríguez de Mendoza / Amazonas','010600','010000'),('010607','Mariscal Benavides','Mariscal Benavides / Rodríguez de Mendoza / Amazonas','010600','010000'),('010608','Milpuc','Milpuc / Rodríguez de Mendoza / Amazonas','010600','010000'),('010609','Omia','Omia / Rodríguez de Mendoza / Amazonas','010600','010000'),('010610','Santa Rosa','Santa Rosa / Rodríguez de Mendoza / Amazonas','010600','010000'),('010611','Totora','Totora / Rodríguez de Mendoza / Amazonas','010600','010000'),('010612','Vista Alegre','Vista Alegre / Rodríguez de Mendoza / Amazonas','010600','010000'),('010701','Bagua Grande','Bagua Grande / Utcubamba / Amazonas','010700','010000'),('010702','Cajaruro','Cajaruro / Utcubamba / Amazonas','010700','010000'),('010703','Cumba','Cumba / Utcubamba / Amazonas','010700','010000'),('010704','El Milagro','El Milagro / Utcubamba / Amazonas','010700','010000'),('010705','Jamalca','Jamalca / Utcubamba / Amazonas','010700','010000'),('010706','Lonya Grande','Lonya Grande / Utcubamba / Amazonas','010700','010000'),('010707','Yamon','Yamon / Utcubamba / Amazonas','010700','010000'),('020101','Huaraz','Huaraz / Huaraz / Áncash','020100','020000'),('020102','Cochabamba','Cochabamba / Huaraz / Áncash','020100','020000'),('020103','Colcabamba','Colcabamba / Huaraz / Áncash','020100','020000'),('020104','Huanchay','Huanchay / Huaraz / Áncash','020100','020000'),('020105','Independencia','Independencia / Huaraz / Áncash','020100','020000'),('020106','Jangas','Jangas / Huaraz / Áncash','020100','020000'),('020107','La Libertad','La Libertad / Huaraz / Áncash','020100','020000'),('020108','Olleros','Olleros / Huaraz / Áncash','020100','020000'),('020109','Pampas Grande','Pampas Grande / Huaraz / Áncash','020100','020000'),('020110','Pariacoto','Pariacoto / Huaraz / Áncash','020100','020000'),('020111','Pira','Pira / Huaraz / Áncash','020100','020000'),('020112','Tarica','Tarica / Huaraz / Áncash','020100','020000'),('020201','Aija','Aija / Aija / Áncash','020200','020000'),('020202','Coris','Coris / Aija / Áncash','020200','020000'),('020203','Huacllan','Huacllan / Aija / Áncash','020200','020000'),('020204','La Merced','La Merced / Aija / Áncash','020200','020000'),('020205','Succha','Succha / Aija / Áncash','020200','020000'),('020301','Llamellin','Llamellin / Antonio Raymondi / Áncash','020300','020000'),('020302','Aczo','Aczo / Antonio Raymondi / Áncash','020300','020000'),('020303','Chaccho','Chaccho / Antonio Raymondi / Áncash','020300','020000'),('020304','Chingas','Chingas / Antonio Raymondi / Áncash','020300','020000'),('020305','Mirgas','Mirgas / Antonio Raymondi / Áncash','020300','020000'),('020306','San Juan de Rontoy','San Juan de Rontoy / Antonio Raymondi / Áncash','020300','020000'),('020401','Chacas','Chacas / Asunción / Áncash','020400','020000'),('020402','Acochaca','Acochaca / Asunción / Áncash','020400','020000'),('020501','Chiquian','Chiquian / Bolognesi / Áncash','020500','020000'),('020502','Abelardo Pardo Lezameta','Abelardo Pardo Lezameta / Bolognesi / Áncash','020500','020000'),('020503','Antonio Raymondi','Antonio Raymondi / Bolognesi / Áncash','020500','020000'),('020504','Aquia','Aquia / Bolognesi / Áncash','020500','020000'),('020505','Cajacay','Cajacay / Bolognesi / Áncash','020500','020000'),('020506','Canis','Canis / Bolognesi / Áncash','020500','020000'),('020507','Colquioc','Colquioc / Bolognesi / Áncash','020500','020000'),('020508','Huallanca','Huallanca / Bolognesi / Áncash','020500','020000'),('020509','Huasta','Huasta / Bolognesi / Áncash','020500','020000'),('020510','Huayllacayan','Huayllacayan / Bolognesi / Áncash','020500','020000'),('020511','La Primavera','La Primavera / Bolognesi / Áncash','020500','020000'),('020512','Mangas','Mangas / Bolognesi / Áncash','020500','020000'),('020513','Pacllon','Pacllon / Bolognesi / Áncash','020500','020000'),('020514','San Miguel de Corpanqui','San Miguel de Corpanqui / Bolognesi / Áncash','020500','020000'),('020515','Ticllos','Ticllos / Bolognesi / Áncash','020500','020000'),('020601','Carhuaz','Carhuaz / Carhuaz / Áncash','020600','020000'),('020602','Acopampa','Acopampa / Carhuaz / Áncash','020600','020000'),('020603','Amashca','Amashca / Carhuaz / Áncash','020600','020000'),('020604','Anta','Anta / Carhuaz / Áncash','020600','020000'),('020605','Ataquero','Ataquero / Carhuaz / Áncash','020600','020000'),('020606','Marcara','Marcara / Carhuaz / Áncash','020600','020000'),('020607','Pariahuanca','Pariahuanca / Carhuaz / Áncash','020600','020000'),('020608','San Miguel de Aco','San Miguel de Aco / Carhuaz / Áncash','020600','020000'),('020609','Shilla','Shilla / Carhuaz / Áncash','020600','020000'),('020610','Tinco','Tinco / Carhuaz / Áncash','020600','020000'),('020611','Yungar','Yungar / Carhuaz / Áncash','020600','020000'),('020701','San Luis','San Luis / Carlos Fermín Fitzcarrald / Áncash','020700','020000'),('020702','San Nicolás','San Nicolás / Carlos Fermín Fitzcarrald / Áncash','020700','020000'),('020703','Yauya','Yauya / Carlos Fermín Fitzcarrald / Áncash','020700','020000'),('020801','Casma','Casma / Casma / Áncash','020800','020000'),('020802','Buena Vista Alta','Buena Vista Alta / Casma / Áncash','020800','020000'),('020803','Comandante Noel','Comandante Noel / Casma / Áncash','020800','020000'),('020804','Yautan','Yautan / Casma / Áncash','020800','020000'),('020901','Corongo','Corongo / Corongo / Áncash','020900','020000'),('020902','Aco','Aco / Corongo / Áncash','020900','020000'),('020903','Bambas','Bambas / Corongo / Áncash','020900','020000'),('020904','Cusca','Cusca / Corongo / Áncash','020900','020000'),('020905','La Pampa','La Pampa / Corongo / Áncash','020900','020000'),('020906','Yanac','Yanac / Corongo / Áncash','020900','020000'),('020907','Yupan','Yupan / Corongo / Áncash','020900','020000'),('021001','Huari','Huari / Huari / Áncash','021000','020000'),('021002','Anra','Anra / Huari / Áncash','021000','020000'),('021003','Cajay','Cajay / Huari / Áncash','021000','020000'),('021004','Chavin de Huantar','Chavin de Huantar / Huari / Áncash','021000','020000'),('021005','Huacachi','Huacachi / Huari / Áncash','021000','020000'),('021006','Huacchis','Huacchis / Huari / Áncash','021000','020000'),('021007','Huachis','Huachis / Huari / Áncash','021000','020000'),('021008','Huantar','Huantar / Huari / Áncash','021000','020000'),('021009','Masin','Masin / Huari / Áncash','021000','020000'),('021010','Paucas','Paucas / Huari / Áncash','021000','020000'),('021011','Ponto','Ponto / Huari / Áncash','021000','020000'),('021012','Rahuapampa','Rahuapampa / Huari / Áncash','021000','020000'),('021013','Rapayan','Rapayan / Huari / Áncash','021000','020000'),('021014','San Marcos','San Marcos / Huari / Áncash','021000','020000'),('021015','San Pedro de Chana','San Pedro de Chana / Huari / Áncash','021000','020000'),('021016','Uco','Uco / Huari / Áncash','021000','020000'),('021101','Huarmey','Huarmey / Huarmey / Áncash','021100','020000'),('021102','Cochapeti','Cochapeti / Huarmey / Áncash','021100','020000'),('021103','Culebras','Culebras / Huarmey / Áncash','021100','020000'),('021104','Huayan','Huayan / Huarmey / Áncash','021100','020000'),('021105','Malvas','Malvas / Huarmey / Áncash','021100','020000'),('021201','Caraz','Caraz / Huaylas / Áncash','021200','020000'),('021202','Huallanca','Huallanca / Huaylas / Áncash','021200','020000'),('021203','Huata','Huata / Huaylas / Áncash','021200','020000'),('021204','Huaylas','Huaylas / Huaylas / Áncash','021200','020000'),('021205','Mato','Mato / Huaylas / Áncash','021200','020000'),('021206','Pamparomas','Pamparomas / Huaylas / Áncash','021200','020000'),('021207','Pueblo Libre','Pueblo Libre / Huaylas / Áncash','021200','020000'),('021208','Santa Cruz','Santa Cruz / Huaylas / Áncash','021200','020000'),('021209','Santo Toribio','Santo Toribio / Huaylas / Áncash','021200','020000'),('021210','Yuracmarca','Yuracmarca / Huaylas / Áncash','021200','020000'),('021301','Piscobamba','Piscobamba / Mariscal Luzuriaga / Áncash','021300','020000'),('021302','Casca','Casca / Mariscal Luzuriaga / Áncash','021300','020000'),('021303','Eleazar Guzmán Barron','Eleazar Guzmán Barron / Mariscal Luzuriaga / Áncash','021300','020000'),('021304','Fidel Olivas Escudero','Fidel Olivas Escudero / Mariscal Luzuriaga / Áncash','021300','020000'),('021305','Llama','Llama / Mariscal Luzuriaga / Áncash','021300','020000'),('021306','Llumpa','Llumpa / Mariscal Luzuriaga / Áncash','021300','020000'),('021307','Lucma','Lucma / Mariscal Luzuriaga / Áncash','021300','020000'),('021308','Musga','Musga / Mariscal Luzuriaga / Áncash','021300','020000'),('021401','Ocros','Ocros / Ocros / Áncash','021400','020000'),('021402','Acas','Acas / Ocros / Áncash','021400','020000'),('021403','Cajamarquilla','Cajamarquilla / Ocros / Áncash','021400','020000'),('021404','Carhuapampa','Carhuapampa / Ocros / Áncash','021400','020000'),('021405','Cochas','Cochas / Ocros / Áncash','021400','020000'),('021406','Congas','Congas / Ocros / Áncash','021400','020000'),('021407','Llipa','Llipa / Ocros / Áncash','021400','020000'),('021408','San Cristóbal de Rajan','San Cristóbal de Rajan / Ocros / Áncash','021400','020000'),('021409','San Pedro','San Pedro / Ocros / Áncash','021400','020000'),('021410','Santiago de Chilcas','Santiago de Chilcas / Ocros / Áncash','021400','020000'),('021501','Cabana','Cabana / Pallasca / Áncash','021500','020000'),('021502','Bolognesi','Bolognesi / Pallasca / Áncash','021500','020000'),('021503','Conchucos','Conchucos / Pallasca / Áncash','021500','020000'),('021504','Huacaschuque','Huacaschuque / Pallasca / Áncash','021500','020000'),('021505','Huandoval','Huandoval / Pallasca / Áncash','021500','020000'),('021506','Lacabamba','Lacabamba / Pallasca / Áncash','021500','020000'),('021507','Llapo','Llapo / Pallasca / Áncash','021500','020000'),('021508','Pallasca','Pallasca / Pallasca / Áncash','021500','020000'),('021509','Pampas','Pampas / Pallasca / Áncash','021500','020000'),('021510','Santa Rosa','Santa Rosa / Pallasca / Áncash','021500','020000'),('021511','Tauca','Tauca / Pallasca / Áncash','021500','020000'),('021601','Pomabamba','Pomabamba / Pomabamba / Áncash','021600','020000'),('021602','Huayllan','Huayllan / Pomabamba / Áncash','021600','020000'),('021603','Parobamba','Parobamba / Pomabamba / Áncash','021600','020000'),('021604','Quinuabamba','Quinuabamba / Pomabamba / Áncash','021600','020000'),('021701','Recuay','Recuay / Recuay / Áncash','021700','020000'),('021702','Catac','Catac / Recuay / Áncash','021700','020000'),('021703','Cotaparaco','Cotaparaco / Recuay / Áncash','021700','020000'),('021704','Huayllapampa','Huayllapampa / Recuay / Áncash','021700','020000'),('021705','Llacllin','Llacllin / Recuay / Áncash','021700','020000'),('021706','Marca','Marca / Recuay / Áncash','021700','020000'),('021707','Pampas Chico','Pampas Chico / Recuay / Áncash','021700','020000'),('021708','Pararin','Pararin / Recuay / Áncash','021700','020000'),('021709','Tapacocha','Tapacocha / Recuay / Áncash','021700','020000'),('021710','Ticapampa','Ticapampa / Recuay / Áncash','021700','020000'),('021801','Chimbote','Chimbote / Santa / Áncash','021800','020000'),('021802','Cáceres del Perú','Cáceres del Perú / Santa / Áncash','021800','020000'),('021803','Coishco','Coishco / Santa / Áncash','021800','020000'),('021804','Macate','Macate / Santa / Áncash','021800','020000'),('021805','Moro','Moro / Santa / Áncash','021800','020000'),('021806','Nepeña','Nepeña / Santa / Áncash','021800','020000'),('021807','Samanco','Samanco / Santa / Áncash','021800','020000'),('021808','Santa','Santa / Santa / Áncash','021800','020000'),('021809','Nuevo Chimbote','Nuevo Chimbote / Santa / Áncash','021800','020000'),('021901','Sihuas','Sihuas / Sihuas / Áncash','021900','020000'),('021902','Acobamba','Acobamba / Sihuas / Áncash','021900','020000'),('021903','Alfonso Ugarte','Alfonso Ugarte / Sihuas / Áncash','021900','020000'),('021904','Cashapampa','Cashapampa / Sihuas / Áncash','021900','020000'),('021905','Chingalpo','Chingalpo / Sihuas / Áncash','021900','020000'),('021906','Huayllabamba','Huayllabamba / Sihuas / Áncash','021900','020000'),('021907','Quiches','Quiches / Sihuas / Áncash','021900','020000'),('021908','Ragash','Ragash / Sihuas / Áncash','021900','020000'),('021909','San Juan','San Juan / Sihuas / Áncash','021900','020000'),('021910','Sicsibamba','Sicsibamba / Sihuas / Áncash','021900','020000'),('022001','Yungay','Yungay / Yungay / Áncash','022000','020000'),('022002','Cascapara','Cascapara / Yungay / Áncash','022000','020000'),('022003','Mancos','Mancos / Yungay / Áncash','022000','020000'),('022004','Matacoto','Matacoto / Yungay / Áncash','022000','020000'),('022005','Quillo','Quillo / Yungay / Áncash','022000','020000'),('022006','Ranrahirca','Ranrahirca / Yungay / Áncash','022000','020000'),('022007','Shupluy','Shupluy / Yungay / Áncash','022000','020000'),('022008','Yanama','Yanama / Yungay / Áncash','022000','020000'),('030101','Abancay','Abancay / Abancay / Apurímac','030100','030000'),('030102','Chacoche','Chacoche / Abancay / Apurímac','030100','030000'),('030103','Circa','Circa / Abancay / Apurímac','030100','030000'),('030104','Curahuasi','Curahuasi / Abancay / Apurímac','030100','030000'),('030105','Huanipaca','Huanipaca / Abancay / Apurímac','030100','030000'),('030106','Lambrama','Lambrama / Abancay / Apurímac','030100','030000'),('030107','Pichirhua','Pichirhua / Abancay / Apurímac','030100','030000'),('030108','San Pedro de Cachora','San Pedro de Cachora / Abancay / Apurímac','030100','030000'),('030109','Tamburco','Tamburco / Abancay / Apurímac','030100','030000'),('030201','Andahuaylas','Andahuaylas / Andahuaylas / Apurímac','030200','030000'),('030202','Andarapa','Andarapa / Andahuaylas / Apurímac','030200','030000'),('030203','Chiara','Chiara / Andahuaylas / Apurímac','030200','030000'),('030204','Huancarama','Huancarama / Andahuaylas / Apurímac','030200','030000'),('030205','Huancaray','Huancaray / Andahuaylas / Apurímac','030200','030000'),('030206','Huayana','Huayana / Andahuaylas / Apurímac','030200','030000'),('030207','Kishuara','Kishuara / Andahuaylas / Apurímac','030200','030000'),('030208','Pacobamba','Pacobamba / Andahuaylas / Apurímac','030200','030000'),('030209','Pacucha','Pacucha / Andahuaylas / Apurímac','030200','030000'),('030210','Pampachiri','Pampachiri / Andahuaylas / Apurímac','030200','030000'),('030211','Pomacocha','Pomacocha / Andahuaylas / Apurímac','030200','030000'),('030212','San Antonio de Cachi','San Antonio de Cachi / Andahuaylas / Apurímac','030200','030000'),('030213','San Jerónimo','San Jerónimo / Andahuaylas / Apurímac','030200','030000'),('030214','San Miguel de Chaccrampa','San Miguel de Chaccrampa / Andahuaylas / Apurímac','030200','030000'),('030215','Santa María de Chicmo','Santa María de Chicmo / Andahuaylas / Apurímac','030200','030000'),('030216','Talavera','Talavera / Andahuaylas / Apurímac','030200','030000'),('030217','Tumay Huaraca','Tumay Huaraca / Andahuaylas / Apurímac','030200','030000'),('030218','Turpo','Turpo / Andahuaylas / Apurímac','030200','030000'),('030219','Kaquiabamba','Kaquiabamba / Andahuaylas / Apurímac','030200','030000'),('030220','José María Arguedas','José María Arguedas / Andahuaylas / Apurímac','030200','030000'),('030301','Antabamba','Antabamba / Antabamba / Apurímac','030300','030000'),('030302','El Oro','El Oro / Antabamba / Apurímac','030300','030000'),('030303','Huaquirca','Huaquirca / Antabamba / Apurímac','030300','030000'),('030304','Juan Espinoza Medrano','Juan Espinoza Medrano / Antabamba / Apurímac','030300','030000'),('030305','Oropesa','Oropesa / Antabamba / Apurímac','030300','030000'),('030306','Pachaconas','Pachaconas / Antabamba / Apurímac','030300','030000'),('030307','Sabaino','Sabaino / Antabamba / Apurímac','030300','030000'),('030401','Chalhuanca','Chalhuanca / Aymaraes / Apurímac','030400','030000'),('030402','Capaya','Capaya / Aymaraes / Apurímac','030400','030000'),('030403','Caraybamba','Caraybamba / Aymaraes / Apurímac','030400','030000'),('030404','Chapimarca','Chapimarca / Aymaraes / Apurímac','030400','030000'),('030405','Colcabamba','Colcabamba / Aymaraes / Apurímac','030400','030000'),('030406','Cotaruse','Cotaruse / Aymaraes / Apurímac','030400','030000'),('030407','Ihuayllo','Ihuayllo / Aymaraes / Apurímac','030400','030000'),('030408','Justo Apu Sahuaraura','Justo Apu Sahuaraura / Aymaraes / Apurímac','030400','030000'),('030409','Lucre','Lucre / Aymaraes / Apurímac','030400','030000'),('030410','Pocohuanca','Pocohuanca / Aymaraes / Apurímac','030400','030000'),('030411','San Juan de Chacña','San Juan de Chacña / Aymaraes / Apurímac','030400','030000'),('030412','Sañayca','Sañayca / Aymaraes / Apurímac','030400','030000'),('030413','Soraya','Soraya / Aymaraes / Apurímac','030400','030000'),('030414','Tapairihua','Tapairihua / Aymaraes / Apurímac','030400','030000'),('030415','Tintay','Tintay / Aymaraes / Apurímac','030400','030000'),('030416','Toraya','Toraya / Aymaraes / Apurímac','030400','030000'),('030417','Yanaca','Yanaca / Aymaraes / Apurímac','030400','030000'),('030501','Tambobamba','Tambobamba / Cotabambas / Apurímac','030500','030000'),('030502','Cotabambas','Cotabambas / Cotabambas / Apurímac','030500','030000'),('030503','Coyllurqui','Coyllurqui / Cotabambas / Apurímac','030500','030000'),('030504','Haquira','Haquira / Cotabambas / Apurímac','030500','030000'),('030505','Mara','Mara / Cotabambas / Apurímac','030500','030000'),('030506','Challhuahuacho','Challhuahuacho / Cotabambas / Apurímac','030500','030000'),('030601','Chincheros','Chincheros / Chincheros / Apurímac','030600','030000'),('030602','Anco_Huallo','Anco_Huallo / Chincheros / Apurímac','030600','030000'),('030603','Cocharcas','Cocharcas / Chincheros / Apurímac','030600','030000'),('030604','Huaccana','Huaccana / Chincheros / Apurímac','030600','030000'),('030605','Ocobamba','Ocobamba / Chincheros / Apurímac','030600','030000'),('030606','Ongoy','Ongoy / Chincheros / Apurímac','030600','030000'),('030607','Uranmarca','Uranmarca / Chincheros / Apurímac','030600','030000'),('030608','Ranracancha','Ranracancha / Chincheros / Apurímac','030600','030000'),('030609','Rocchacc','Rocchacc / Chincheros / Apurímac','030600','030000'),('030610','El Porvenir','El Porvenir / Chincheros / Apurímac','030600','030000'),('030611','Los Chankas','Los Chankas / Chincheros / Apurímac','030600','030000'),('030701','Chuquibambilla','Chuquibambilla / Grau / Apurímac','030700','030000'),('030702','Curpahuasi','Curpahuasi / Grau / Apurímac','030700','030000'),('030703','Gamarra','Gamarra / Grau / Apurímac','030700','030000'),('030704','Huayllati','Huayllati / Grau / Apurímac','030700','030000'),('030705','Mamara','Mamara / Grau / Apurímac','030700','030000'),('030706','Micaela Bastidas','Micaela Bastidas / Grau / Apurímac','030700','030000'),('030707','Pataypampa','Pataypampa / Grau / Apurímac','030700','030000'),('030708','Progreso','Progreso / Grau / Apurímac','030700','030000'),('030709','San Antonio','San Antonio / Grau / Apurímac','030700','030000'),('030710','Santa Rosa','Santa Rosa / Grau / Apurímac','030700','030000'),('030711','Turpay','Turpay / Grau / Apurímac','030700','030000'),('030712','Vilcabamba','Vilcabamba / Grau / Apurímac','030700','030000'),('030713','Virundo','Virundo / Grau / Apurímac','030700','030000'),('030714','Curasco','Curasco / Grau / Apurímac','030700','030000'),('040101','Arequipa','Arequipa / Arequipa / Arequipa','040100','040000'),('040102','Alto Selva Alegre','Alto Selva Alegre / Arequipa / Arequipa','040100','040000'),('040103','Cayma','Cayma / Arequipa / Arequipa','040100','040000'),('040104','Cerro Colorado','Cerro Colorado / Arequipa / Arequipa','040100','040000'),('040105','Characato','Characato / Arequipa / Arequipa','040100','040000'),('040106','Chiguata','Chiguata / Arequipa / Arequipa','040100','040000'),('040107','Jacobo Hunter','Jacobo Hunter / Arequipa / Arequipa','040100','040000'),('040108','La Joya','La Joya / Arequipa / Arequipa','040100','040000'),('040109','Mariano Melgar','Mariano Melgar / Arequipa / Arequipa','040100','040000'),('040110','Miraflores','Miraflores / Arequipa / Arequipa','040100','040000'),('040111','Mollebaya','Mollebaya / Arequipa / Arequipa','040100','040000'),('040112','Paucarpata','Paucarpata / Arequipa / Arequipa','040100','040000'),('040113','Pocsi','Pocsi / Arequipa / Arequipa','040100','040000'),('040114','Polobaya','Polobaya / Arequipa / Arequipa','040100','040000'),('040115','Quequeña','Quequeña / Arequipa / Arequipa','040100','040000'),('040116','Sabandia','Sabandia / Arequipa / Arequipa','040100','040000'),('040117','Sachaca','Sachaca / Arequipa / Arequipa','040100','040000'),('040118','San Juan de Siguas','San Juan de Siguas / Arequipa / Arequipa','040100','040000'),('040119','San Juan de Tarucani','San Juan de Tarucani / Arequipa / Arequipa','040100','040000'),('040120','Santa Isabel de Siguas','Santa Isabel de Siguas / Arequipa / Arequipa','040100','040000'),('040121','Santa Rita de Siguas','Santa Rita de Siguas / Arequipa / Arequipa','040100','040000'),('040122','Socabaya','Socabaya / Arequipa / Arequipa','040100','040000'),('040123','Tiabaya','Tiabaya / Arequipa / Arequipa','040100','040000'),('040124','Uchumayo','Uchumayo / Arequipa / Arequipa','040100','040000'),('040125','Vitor','Vitor / Arequipa / Arequipa','040100','040000'),('040126','Yanahuara','Yanahuara / Arequipa / Arequipa','040100','040000'),('040127','Yarabamba','Yarabamba / Arequipa / Arequipa','040100','040000'),('040128','Yura','Yura / Arequipa / Arequipa','040100','040000'),('040129','José Luis Bustamante Y Rivero','José Luis Bustamante Y Rivero / Arequipa / Arequipa','040100','040000'),('040201','Camaná','Camaná / Camaná / Arequipa','040200','040000'),('040202','José María Quimper','José María Quimper / Camaná / Arequipa','040200','040000'),('040203','Mariano Nicolás Valcárcel','Mariano Nicolás Valcárcel / Camaná / Arequipa','040200','040000'),('040204','Mariscal Cáceres','Mariscal Cáceres / Camaná / Arequipa','040200','040000'),('040205','Nicolás de Pierola','Nicolás de Pierola / Camaná / Arequipa','040200','040000'),('040206','Ocoña','Ocoña / Camaná / Arequipa','040200','040000'),('040207','Quilca','Quilca / Camaná / Arequipa','040200','040000'),('040208','Samuel Pastor','Samuel Pastor / Camaná / Arequipa','040200','040000'),('040301','Caravelí','Caravelí / Caravelí / Arequipa','040300','040000'),('040302','Acarí','Acarí / Caravelí / Arequipa','040300','040000'),('040303','Atico','Atico / Caravelí / Arequipa','040300','040000'),('040304','Atiquipa','Atiquipa / Caravelí / Arequipa','040300','040000'),('040305','Bella Unión','Bella Unión / Caravelí / Arequipa','040300','040000'),('040306','Cahuacho','Cahuacho / Caravelí / Arequipa','040300','040000'),('040307','Chala','Chala / Caravelí / Arequipa','040300','040000'),('040308','Chaparra','Chaparra / Caravelí / Arequipa','040300','040000'),('040309','Huanuhuanu','Huanuhuanu / Caravelí / Arequipa','040300','040000'),('040310','Jaqui','Jaqui / Caravelí / Arequipa','040300','040000'),('040311','Lomas','Lomas / Caravelí / Arequipa','040300','040000'),('040312','Quicacha','Quicacha / Caravelí / Arequipa','040300','040000'),('040313','Yauca','Yauca / Caravelí / Arequipa','040300','040000'),('040401','Aplao','Aplao / Castilla / Arequipa','040400','040000'),('040402','Andagua','Andagua / Castilla / Arequipa','040400','040000'),('040403','Ayo','Ayo / Castilla / Arequipa','040400','040000'),('040404','Chachas','Chachas / Castilla / Arequipa','040400','040000'),('040405','Chilcaymarca','Chilcaymarca / Castilla / Arequipa','040400','040000'),('040406','Choco','Choco / Castilla / Arequipa','040400','040000'),('040407','Huancarqui','Huancarqui / Castilla / Arequipa','040400','040000'),('040408','Machaguay','Machaguay / Castilla / Arequipa','040400','040000'),('040409','Orcopampa','Orcopampa / Castilla / Arequipa','040400','040000'),('040410','Pampacolca','Pampacolca / Castilla / Arequipa','040400','040000'),('040411','Tipan','Tipan / Castilla / Arequipa','040400','040000'),('040412','Uñon','Uñon / Castilla / Arequipa','040400','040000'),('040413','Uraca','Uraca / Castilla / Arequipa','040400','040000'),('040414','Viraco','Viraco / Castilla / Arequipa','040400','040000'),('040501','Chivay','Chivay / Caylloma / Arequipa','040500','040000'),('040502','Achoma','Achoma / Caylloma / Arequipa','040500','040000'),('040503','Cabanaconde','Cabanaconde / Caylloma / Arequipa','040500','040000'),('040504','Callalli','Callalli / Caylloma / Arequipa','040500','040000'),('040505','Caylloma','Caylloma / Caylloma / Arequipa','040500','040000'),('040506','Coporaque','Coporaque / Caylloma / Arequipa','040500','040000'),('040507','Huambo','Huambo / Caylloma / Arequipa','040500','040000'),('040508','Huanca','Huanca / Caylloma / Arequipa','040500','040000'),('040509','Ichupampa','Ichupampa / Caylloma / Arequipa','040500','040000'),('040510','Lari','Lari / Caylloma / Arequipa','040500','040000'),('040511','Lluta','Lluta / Caylloma / Arequipa','040500','040000'),('040512','Maca','Maca / Caylloma / Arequipa','040500','040000'),('040513','Madrigal','Madrigal / Caylloma / Arequipa','040500','040000'),('040514','San Antonio de Chuca','San Antonio de Chuca / Caylloma / Arequipa','040500','040000'),('040515','Sibayo','Sibayo / Caylloma / Arequipa','040500','040000'),('040516','Tapay','Tapay / Caylloma / Arequipa','040500','040000'),('040517','Tisco','Tisco / Caylloma / Arequipa','040500','040000'),('040518','Tuti','Tuti / Caylloma / Arequipa','040500','040000'),('040519','Yanque','Yanque / Caylloma / Arequipa','040500','040000'),('040520','Majes','Majes / Caylloma / Arequipa','040500','040000'),('040601','Chuquibamba','Chuquibamba / Condesuyos / Arequipa','040600','040000'),('040602','Andaray','Andaray / Condesuyos / Arequipa','040600','040000'),('040603','Cayarani','Cayarani / Condesuyos / Arequipa','040600','040000'),('040604','Chichas','Chichas / Condesuyos / Arequipa','040600','040000'),('040605','Iray','Iray / Condesuyos / Arequipa','040600','040000'),('040606','Río Grande','Río Grande / Condesuyos / Arequipa','040600','040000'),('040607','Salamanca','Salamanca / Condesuyos / Arequipa','040600','040000'),('040608','Yanaquihua','Yanaquihua / Condesuyos / Arequipa','040600','040000'),('040701','Mollendo','Mollendo / Islay / Arequipa','040700','040000'),('040702','Cocachacra','Cocachacra / Islay / Arequipa','040700','040000'),('040703','Dean Valdivia','Dean Valdivia / Islay / Arequipa','040700','040000'),('040704','Islay','Islay / Islay / Arequipa','040700','040000'),('040705','Mejia','Mejia / Islay / Arequipa','040700','040000'),('040706','Punta de Bombón','Punta de Bombón / Islay / Arequipa','040700','040000'),('040801','Cotahuasi','Cotahuasi / La Uniòn / Arequipa','040800','040000'),('040802','Alca','Alca / La Uniòn / Arequipa','040800','040000'),('040803','Charcana','Charcana / La Uniòn / Arequipa','040800','040000'),('040804','Huaynacotas','Huaynacotas / La Uniòn / Arequipa','040800','040000'),('040805','Pampamarca','Pampamarca / La Uniòn / Arequipa','040800','040000'),('040806','Puyca','Puyca / La Uniòn / Arequipa','040800','040000'),('040807','Quechualla','Quechualla / La Uniòn / Arequipa','040800','040000'),('040808','Sayla','Sayla / La Uniòn / Arequipa','040800','040000'),('040809','Tauria','Tauria / La Uniòn / Arequipa','040800','040000'),('040810','Tomepampa','Tomepampa / La Uniòn / Arequipa','040800','040000'),('040811','Toro','Toro / La Uniòn / Arequipa','040800','040000'),('050101','Ayacucho','Ayacucho / Huamanga / Ayacucho','050100','050000'),('050102','Acocro','Acocro / Huamanga / Ayacucho','050100','050000'),('050103','Acos Vinchos','Acos Vinchos / Huamanga / Ayacucho','050100','050000'),('050104','Carmen Alto','Carmen Alto / Huamanga / Ayacucho','050100','050000'),('050105','Chiara','Chiara / Huamanga / Ayacucho','050100','050000'),('050106','Ocros','Ocros / Huamanga / Ayacucho','050100','050000'),('050107','Pacaycasa','Pacaycasa / Huamanga / Ayacucho','050100','050000'),('050108','Quinua','Quinua / Huamanga / Ayacucho','050100','050000'),('050109','San José de Ticllas','San José de Ticllas / Huamanga / Ayacucho','050100','050000'),('050110','San Juan Bautista','San Juan Bautista / Huamanga / Ayacucho','050100','050000'),('050111','Santiago de Pischa','Santiago de Pischa / Huamanga / Ayacucho','050100','050000'),('050112','Socos','Socos / Huamanga / Ayacucho','050100','050000'),('050113','Tambillo','Tambillo / Huamanga / Ayacucho','050100','050000'),('050114','Vinchos','Vinchos / Huamanga / Ayacucho','050100','050000'),('050115','Jesús Nazareno','Jesús Nazareno / Huamanga / Ayacucho','050100','050000'),('050116','Andrés Avelino Cáceres Dorregaray','Andrés Avelino Cáceres Dorregaray / Huamanga / Ayacucho','050100','050000'),('050201','Cangallo','Cangallo / Cangallo / Ayacucho','050200','050000'),('050202','Chuschi','Chuschi / Cangallo / Ayacucho','050200','050000'),('050203','Los Morochucos','Los Morochucos / Cangallo / Ayacucho','050200','050000'),('050204','María Parado de Bellido','María Parado de Bellido / Cangallo / Ayacucho','050200','050000'),('050205','Paras','Paras / Cangallo / Ayacucho','050200','050000'),('050206','Totos','Totos / Cangallo / Ayacucho','050200','050000'),('050301','Sancos','Sancos / Huanca Sancos / Ayacucho','050300','050000'),('050302','Carapo','Carapo / Huanca Sancos / Ayacucho','050300','050000'),('050303','Sacsamarca','Sacsamarca / Huanca Sancos / Ayacucho','050300','050000'),('050304','Santiago de Lucanamarca','Santiago de Lucanamarca / Huanca Sancos / Ayacucho','050300','050000'),('050401','Huanta','Huanta / Huanta / Ayacucho','050400','050000'),('050402','Ayahuanco','Ayahuanco / Huanta / Ayacucho','050400','050000'),('050403','Huamanguilla','Huamanguilla / Huanta / Ayacucho','050400','050000'),('050404','Iguain','Iguain / Huanta / Ayacucho','050400','050000'),('050405','Luricocha','Luricocha / Huanta / Ayacucho','050400','050000'),('050406','Santillana','Santillana / Huanta / Ayacucho','050400','050000'),('050407','Sivia','Sivia / Huanta / Ayacucho','050400','050000'),('050408','Llochegua','Llochegua / Huanta / Ayacucho','050400','050000'),('050409','Canayre','Canayre / Huanta / Ayacucho','050400','050000'),('050410','Uchuraccay','Uchuraccay / Huanta / Ayacucho','050400','050000'),('050411','Pucacolpa','Pucacolpa / Huanta / Ayacucho','050400','050000'),('050412','Chaca','Chaca / Huanta / Ayacucho','050400','050000'),('050501','San Miguel','San Miguel / La Mar / Ayacucho','050500','050000'),('050502','Anco','Anco / La Mar / Ayacucho','050500','050000'),('050503','Ayna','Ayna / La Mar / Ayacucho','050500','050000'),('050504','Chilcas','Chilcas / La Mar / Ayacucho','050500','050000'),('050505','Chungui','Chungui / La Mar / Ayacucho','050500','050000'),('050506','Luis Carranza','Luis Carranza / La Mar / Ayacucho','050500','050000'),('050507','Santa Rosa','Santa Rosa / La Mar / Ayacucho','050500','050000'),('050508','Tambo','Tambo / La Mar / Ayacucho','050500','050000'),('050509','Samugari','Samugari / La Mar / Ayacucho','050500','050000'),('050510','Anchihuay','Anchihuay / La Mar / Ayacucho','050500','050000'),('050511','Oronccoy','Oronccoy / La Mar / Ayacucho','050500','050000'),('050601','Puquio','Puquio / Lucanas / Ayacucho','050600','050000'),('050602','Aucara','Aucara / Lucanas / Ayacucho','050600','050000'),('050603','Cabana','Cabana / Lucanas / Ayacucho','050600','050000'),('050604','Carmen Salcedo','Carmen Salcedo / Lucanas / Ayacucho','050600','050000'),('050605','Chaviña','Chaviña / Lucanas / Ayacucho','050600','050000'),('050606','Chipao','Chipao / Lucanas / Ayacucho','050600','050000'),('050607','Huac-Huas','Huac-Huas / Lucanas / Ayacucho','050600','050000'),('050608','Laramate','Laramate / Lucanas / Ayacucho','050600','050000'),('050609','Leoncio Prado','Leoncio Prado / Lucanas / Ayacucho','050600','050000'),('050610','Llauta','Llauta / Lucanas / Ayacucho','050600','050000'),('050611','Lucanas','Lucanas / Lucanas / Ayacucho','050600','050000'),('050612','Ocaña','Ocaña / Lucanas / Ayacucho','050600','050000'),('050613','Otoca','Otoca / Lucanas / Ayacucho','050600','050000'),('050614','Saisa','Saisa / Lucanas / Ayacucho','050600','050000'),('050615','San Cristóbal','San Cristóbal / Lucanas / Ayacucho','050600','050000'),('050616','San Juan','San Juan / Lucanas / Ayacucho','050600','050000'),('050617','San Pedro','San Pedro / Lucanas / Ayacucho','050600','050000'),('050618','San Pedro de Palco','San Pedro de Palco / Lucanas / Ayacucho','050600','050000'),('050619','Sancos','Sancos / Lucanas / Ayacucho','050600','050000'),('050620','Santa Ana de Huaycahuacho','Santa Ana de Huaycahuacho / Lucanas / Ayacucho','050600','050000'),('050621','Santa Lucia','Santa Lucia / Lucanas / Ayacucho','050600','050000'),('050701','Coracora','Coracora / Parinacochas / Ayacucho','050700','050000'),('050702','Chumpi','Chumpi / Parinacochas / Ayacucho','050700','050000'),('050703','Coronel Castañeda','Coronel Castañeda / Parinacochas / Ayacucho','050700','050000'),('050704','Pacapausa','Pacapausa / Parinacochas / Ayacucho','050700','050000'),('050705','Pullo','Pullo / Parinacochas / Ayacucho','050700','050000'),('050706','Puyusca','Puyusca / Parinacochas / Ayacucho','050700','050000'),('050707','San Francisco de Ravacayco','San Francisco de Ravacayco / Parinacochas / Ayacucho','050700','050000'),('050708','Upahuacho','Upahuacho / Parinacochas / Ayacucho','050700','050000'),('050801','Pausa','Pausa / Pàucar del Sara Sara / Ayacucho','050800','050000'),('050802','Colta','Colta / Pàucar del Sara Sara / Ayacucho','050800','050000'),('050803','Corculla','Corculla / Pàucar del Sara Sara / Ayacucho','050800','050000'),('050804','Lampa','Lampa / Pàucar del Sara Sara / Ayacucho','050800','050000'),('050805','Marcabamba','Marcabamba / Pàucar del Sara Sara / Ayacucho','050800','050000'),('050806','Oyolo','Oyolo / Pàucar del Sara Sara / Ayacucho','050800','050000'),('050807','Pararca','Pararca / Pàucar del Sara Sara / Ayacucho','050800','050000'),('050808','San Javier de Alpabamba','San Javier de Alpabamba / Pàucar del Sara Sara / Ayacucho','050800','050000'),('050809','San José de Ushua','San José de Ushua / Pàucar del Sara Sara / Ayacucho','050800','050000'),('050810','Sara Sara','Sara Sara / Pàucar del Sara Sara / Ayacucho','050800','050000'),('050901','Querobamba','Querobamba / Sucre / Ayacucho','050900','050000'),('050902','Belén','Belén / Sucre / Ayacucho','050900','050000'),('050903','Chalcos','Chalcos / Sucre / Ayacucho','050900','050000'),('050904','Chilcayoc','Chilcayoc / Sucre / Ayacucho','050900','050000'),('050905','Huacaña','Huacaña / Sucre / Ayacucho','050900','050000'),('050906','Morcolla','Morcolla / Sucre / Ayacucho','050900','050000'),('050907','Paico','Paico / Sucre / Ayacucho','050900','050000'),('050908','San Pedro de Larcay','San Pedro de Larcay / Sucre / Ayacucho','050900','050000'),('050909','San Salvador de Quije','San Salvador de Quije / Sucre / Ayacucho','050900','050000'),('050910','Santiago de Paucaray','Santiago de Paucaray / Sucre / Ayacucho','050900','050000'),('050911','Soras','Soras / Sucre / Ayacucho','050900','050000'),('051001','Huancapi','Huancapi / Víctor Fajardo / Ayacucho','051000','050000'),('051002','Alcamenca','Alcamenca / Víctor Fajardo / Ayacucho','051000','050000'),('051003','Apongo','Apongo / Víctor Fajardo / Ayacucho','051000','050000'),('051004','Asquipata','Asquipata / Víctor Fajardo / Ayacucho','051000','050000'),('051005','Canaria','Canaria / Víctor Fajardo / Ayacucho','051000','050000'),('051006','Cayara','Cayara / Víctor Fajardo / Ayacucho','051000','050000'),('051007','Colca','Colca / Víctor Fajardo / Ayacucho','051000','050000'),('051008','Huamanquiquia','Huamanquiquia / Víctor Fajardo / Ayacucho','051000','050000'),('051009','Huancaraylla','Huancaraylla / Víctor Fajardo / Ayacucho','051000','050000'),('051010','Huaya','Huaya / Víctor Fajardo / Ayacucho','051000','050000'),('051011','Sarhua','Sarhua / Víctor Fajardo / Ayacucho','051000','050000'),('051012','Vilcanchos','Vilcanchos / Víctor Fajardo / Ayacucho','051000','050000'),('051101','Vilcas Huaman','Vilcas Huaman / Vilcas Huamán / Ayacucho','051100','050000'),('051102','Accomarca','Accomarca / Vilcas Huamán / Ayacucho','051100','050000'),('051103','Carhuanca','Carhuanca / Vilcas Huamán / Ayacucho','051100','050000'),('051104','Concepción','Concepción / Vilcas Huamán / Ayacucho','051100','050000'),('051105','Huambalpa','Huambalpa / Vilcas Huamán / Ayacucho','051100','050000'),('051106','Independencia','Independencia / Vilcas Huamán / Ayacucho','051100','050000'),('051107','Saurama','Saurama / Vilcas Huamán / Ayacucho','051100','050000'),('051108','Vischongo','Vischongo / Vilcas Huamán / Ayacucho','051100','050000'),('060101','Cajamarca','Cajamarca / Cajamarca / Cajamarca','060100','060000'),('060102','Asunción','Asunción / Cajamarca / Cajamarca','060100','060000'),('060103','Chetilla','Chetilla / Cajamarca / Cajamarca','060100','060000'),('060104','Cospan','Cospan / Cajamarca / Cajamarca','060100','060000'),('060105','Encañada','Encañada / Cajamarca / Cajamarca','060100','060000'),('060106','Jesús','Jesús / Cajamarca / Cajamarca','060100','060000'),('060107','Llacanora','Llacanora / Cajamarca / Cajamarca','060100','060000'),('060108','Los Baños del Inca','Los Baños del Inca / Cajamarca / Cajamarca','060100','060000'),('060109','Magdalena','Magdalena / Cajamarca / Cajamarca','060100','060000'),('060110','Matara','Matara / Cajamarca / Cajamarca','060100','060000'),('060111','Namora','Namora / Cajamarca / Cajamarca','060100','060000'),('060112','San Juan','San Juan / Cajamarca / Cajamarca','060100','060000'),('060201','Cajabamba','Cajabamba / Cajabamba / Cajamarca','060200','060000'),('060202','Cachachi','Cachachi / Cajabamba / Cajamarca','060200','060000'),('060203','Condebamba','Condebamba / Cajabamba / Cajamarca','060200','060000'),('060204','Sitacocha','Sitacocha / Cajabamba / Cajamarca','060200','060000'),('060301','Celendín','Celendín / Celendín / Cajamarca','060300','060000'),('060302','Chumuch','Chumuch / Celendín / Cajamarca','060300','060000'),('060303','Cortegana','Cortegana / Celendín / Cajamarca','060300','060000'),('060304','Huasmin','Huasmin / Celendín / Cajamarca','060300','060000'),('060305','Jorge Chávez','Jorge Chávez / Celendín / Cajamarca','060300','060000'),('060306','José Gálvez','José Gálvez / Celendín / Cajamarca','060300','060000'),('060307','Miguel Iglesias','Miguel Iglesias / Celendín / Cajamarca','060300','060000'),('060308','Oxamarca','Oxamarca / Celendín / Cajamarca','060300','060000'),('060309','Sorochuco','Sorochuco / Celendín / Cajamarca','060300','060000'),('060310','Sucre','Sucre / Celendín / Cajamarca','060300','060000'),('060311','Utco','Utco / Celendín / Cajamarca','060300','060000'),('060312','La Libertad de Pallan','La Libertad de Pallan / Celendín / Cajamarca','060300','060000'),('060401','Chota','Chota / Chota / Cajamarca','060400','060000'),('060402','Anguia','Anguia / Chota / Cajamarca','060400','060000'),('060403','Chadin','Chadin / Chota / Cajamarca','060400','060000'),('060404','Chiguirip','Chiguirip / Chota / Cajamarca','060400','060000'),('060405','Chimban','Chimban / Chota / Cajamarca','060400','060000'),('060406','Choropampa','Choropampa / Chota / Cajamarca','060400','060000'),('060407','Cochabamba','Cochabamba / Chota / Cajamarca','060400','060000'),('060408','Conchan','Conchan / Chota / Cajamarca','060400','060000'),('060409','Huambos','Huambos / Chota / Cajamarca','060400','060000'),('060410','Lajas','Lajas / Chota / Cajamarca','060400','060000'),('060411','Llama','Llama / Chota / Cajamarca','060400','060000'),('060412','Miracosta','Miracosta / Chota / Cajamarca','060400','060000'),('060413','Paccha','Paccha / Chota / Cajamarca','060400','060000'),('060414','Pion','Pion / Chota / Cajamarca','060400','060000'),('060415','Querocoto','Querocoto / Chota / Cajamarca','060400','060000'),('060416','San Juan de Licupis','San Juan de Licupis / Chota / Cajamarca','060400','060000'),('060417','Tacabamba','Tacabamba / Chota / Cajamarca','060400','060000'),('060418','Tocmoche','Tocmoche / Chota / Cajamarca','060400','060000'),('060419','Chalamarca','Chalamarca / Chota / Cajamarca','060400','060000'),('060501','Contumaza','Contumaza / Contumazá / Cajamarca','060500','060000'),('060502','Chilete','Chilete / Contumazá / Cajamarca','060500','060000'),('060503','Cupisnique','Cupisnique / Contumazá / Cajamarca','060500','060000'),('060504','Guzmango','Guzmango / Contumazá / Cajamarca','060500','060000'),('060505','San Benito','San Benito / Contumazá / Cajamarca','060500','060000'),('060506','Santa Cruz de Toledo','Santa Cruz de Toledo / Contumazá / Cajamarca','060500','060000'),('060507','Tantarica','Tantarica / Contumazá / Cajamarca','060500','060000'),('060508','Yonan','Yonan / Contumazá / Cajamarca','060500','060000'),('060601','Cutervo','Cutervo / Cutervo / Cajamarca','060600','060000'),('060602','Callayuc','Callayuc / Cutervo / Cajamarca','060600','060000'),('060603','Choros','Choros / Cutervo / Cajamarca','060600','060000'),('060604','Cujillo','Cujillo / Cutervo / Cajamarca','060600','060000'),('060605','La Ramada','La Ramada / Cutervo / Cajamarca','060600','060000'),('060606','Pimpingos','Pimpingos / Cutervo / Cajamarca','060600','060000'),('060607','Querocotillo','Querocotillo / Cutervo / Cajamarca','060600','060000'),('060608','San Andrés de Cutervo','San Andrés de Cutervo / Cutervo / Cajamarca','060600','060000'),('060609','San Juan de Cutervo','San Juan de Cutervo / Cutervo / Cajamarca','060600','060000'),('060610','San Luis de Lucma','San Luis de Lucma / Cutervo / Cajamarca','060600','060000'),('060611','Santa Cruz','Santa Cruz / Cutervo / Cajamarca','060600','060000'),('060612','Santo Domingo de la Capilla','Santo Domingo de la Capilla / Cutervo / Cajamarca','060600','060000'),('060613','Santo Tomas','Santo Tomas / Cutervo / Cajamarca','060600','060000'),('060614','Socota','Socota / Cutervo / Cajamarca','060600','060000'),('060615','Toribio Casanova','Toribio Casanova / Cutervo / Cajamarca','060600','060000'),('060701','Bambamarca','Bambamarca / Hualgayoc / Cajamarca','060700','060000'),('060702','Chugur','Chugur / Hualgayoc / Cajamarca','060700','060000'),('060703','Hualgayoc','Hualgayoc / Hualgayoc / Cajamarca','060700','060000'),('060801','Jaén','Jaén / Jaén / Cajamarca','060800','060000'),('060802','Bellavista','Bellavista / Jaén / Cajamarca','060800','060000'),('060803','Chontali','Chontali / Jaén / Cajamarca','060800','060000'),('060804','Colasay','Colasay / Jaén / Cajamarca','060800','060000'),('060805','Huabal','Huabal / Jaén / Cajamarca','060800','060000'),('060806','Las Pirias','Las Pirias / Jaén / Cajamarca','060800','060000'),('060807','Pomahuaca','Pomahuaca / Jaén / Cajamarca','060800','060000'),('060808','Pucara','Pucara / Jaén / Cajamarca','060800','060000'),('060809','Sallique','Sallique / Jaén / Cajamarca','060800','060000'),('060810','San Felipe','San Felipe / Jaén / Cajamarca','060800','060000'),('060811','San José del Alto','San José del Alto / Jaén / Cajamarca','060800','060000'),('060812','Santa Rosa','Santa Rosa / Jaén / Cajamarca','060800','060000'),('060901','San Ignacio','San Ignacio / San Ignacio / Cajamarca','060900','060000'),('060902','Chirinos','Chirinos / San Ignacio / Cajamarca','060900','060000'),('060903','Huarango','Huarango / San Ignacio / Cajamarca','060900','060000'),('060904','La Coipa','La Coipa / San Ignacio / Cajamarca','060900','060000'),('060905','Namballe','Namballe / San Ignacio / Cajamarca','060900','060000'),('060906','San José de Lourdes','San José de Lourdes / San Ignacio / Cajamarca','060900','060000'),('060907','Tabaconas','Tabaconas / San Ignacio / Cajamarca','060900','060000'),('061001','Pedro Gálvez','Pedro Gálvez / San Marcos / Cajamarca','061000','060000'),('061002','Chancay','Chancay / San Marcos / Cajamarca','061000','060000'),('061003','Eduardo Villanueva','Eduardo Villanueva / San Marcos / Cajamarca','061000','060000'),('061004','Gregorio Pita','Gregorio Pita / San Marcos / Cajamarca','061000','060000'),('061005','Ichocan','Ichocan / San Marcos / Cajamarca','061000','060000'),('061006','José Manuel Quiroz','José Manuel Quiroz / San Marcos / Cajamarca','061000','060000'),('061007','José Sabogal','José Sabogal / San Marcos / Cajamarca','061000','060000'),('061101','San Miguel','San Miguel / San Miguel / Cajamarca','061100','060000'),('061102','Bolívar','Bolívar / San Miguel / Cajamarca','061100','060000'),('061103','Calquis','Calquis / San Miguel / Cajamarca','061100','060000'),('061104','Catilluc','Catilluc / San Miguel / Cajamarca','061100','060000'),('061105','El Prado','El Prado / San Miguel / Cajamarca','061100','060000'),('061106','La Florida','La Florida / San Miguel / Cajamarca','061100','060000'),('061107','Llapa','Llapa / San Miguel / Cajamarca','061100','060000'),('061108','Nanchoc','Nanchoc / San Miguel / Cajamarca','061100','060000'),('061109','Niepos','Niepos / San Miguel / Cajamarca','061100','060000'),('061110','San Gregorio','San Gregorio / San Miguel / Cajamarca','061100','060000'),('061111','San Silvestre de Cochan','San Silvestre de Cochan / San Miguel / Cajamarca','061100','060000'),('061112','Tongod','Tongod / San Miguel / Cajamarca','061100','060000'),('061113','Unión Agua Blanca','Unión Agua Blanca / San Miguel / Cajamarca','061100','060000'),('061201','San Pablo','San Pablo / San Pablo / Cajamarca','061200','060000'),('061202','San Bernardino','San Bernardino / San Pablo / Cajamarca','061200','060000'),('061203','San Luis','San Luis / San Pablo / Cajamarca','061200','060000'),('061204','Tumbaden','Tumbaden / San Pablo / Cajamarca','061200','060000'),('061301','Santa Cruz','Santa Cruz / Santa Cruz / Cajamarca','061300','060000'),('061302','Andabamba','Andabamba / Santa Cruz / Cajamarca','061300','060000'),('061303','Catache','Catache / Santa Cruz / Cajamarca','061300','060000'),('061304','Chancaybaños','Chancaybaños / Santa Cruz / Cajamarca','061300','060000'),('061305','La Esperanza','La Esperanza / Santa Cruz / Cajamarca','061300','060000'),('061306','Ninabamba','Ninabamba / Santa Cruz / Cajamarca','061300','060000'),('061307','Pulan','Pulan / Santa Cruz / Cajamarca','061300','060000'),('061308','Saucepampa','Saucepampa / Santa Cruz / Cajamarca','061300','060000'),('061309','Sexi','Sexi / Santa Cruz / Cajamarca','061300','060000'),('061310','Uticyacu','Uticyacu / Santa Cruz / Cajamarca','061300','060000'),('061311','Yauyucan','Yauyucan / Santa Cruz / Cajamarca','061300','060000'),('070101','Callao','Callao / Prov. Const. del Callao / Callao','070100','070000'),('070102','Bellavista','Bellavista / Prov. Const. del Callao / Callao','070100','070000'),('070103','Carmen de la Legua Reynoso','Carmen de la Legua Reynoso / Prov. Const. del Callao / Callao','070100','070000'),('070104','La Perla','La Perla / Prov. Const. del Callao / Callao','070100','070000'),('070105','La Punta','La Punta / Prov. Const. del Callao / Callao','070100','070000'),('070106','Ventanilla','Ventanilla / Prov. Const. del Callao / Callao','070100','070000'),('070107','Mi Perú','Mi Perú / Prov. Const. del Callao / Callao','070100','070000'),('080101','Cusco','Cusco / Cusco / Cusco','080100','080000'),('080102','Ccorca','Ccorca / Cusco / Cusco','080100','080000'),('080103','Poroy','Poroy / Cusco / Cusco','080100','080000'),('080104','San Jerónimo','San Jerónimo / Cusco / Cusco','080100','080000'),('080105','San Sebastian','San Sebastian / Cusco / Cusco','080100','080000'),('080106','Santiago','Santiago / Cusco / Cusco','080100','080000'),('080107','Saylla','Saylla / Cusco / Cusco','080100','080000'),('080108','Wanchaq','Wanchaq / Cusco / Cusco','080100','080000'),('080201','Acomayo','Acomayo / Acomayo / Cusco','080200','080000'),('080202','Acopia','Acopia / Acomayo / Cusco','080200','080000'),('080203','Acos','Acos / Acomayo / Cusco','080200','080000'),('080204','Mosoc Llacta','Mosoc Llacta / Acomayo / Cusco','080200','080000'),('080205','Pomacanchi','Pomacanchi / Acomayo / Cusco','080200','080000'),('080206','Rondocan','Rondocan / Acomayo / Cusco','080200','080000'),('080207','Sangarara','Sangarara / Acomayo / Cusco','080200','080000'),('080301','Anta','Anta / Anta / Cusco','080300','080000'),('080302','Ancahuasi','Ancahuasi / Anta / Cusco','080300','080000'),('080303','Cachimayo','Cachimayo / Anta / Cusco','080300','080000'),('080304','Chinchaypujio','Chinchaypujio / Anta / Cusco','080300','080000'),('080305','Huarocondo','Huarocondo / Anta / Cusco','080300','080000'),('080306','Limatambo','Limatambo / Anta / Cusco','080300','080000'),('080307','Mollepata','Mollepata / Anta / Cusco','080300','080000'),('080308','Pucyura','Pucyura / Anta / Cusco','080300','080000'),('080309','Zurite','Zurite / Anta / Cusco','080300','080000'),('080401','Calca','Calca / Calca / Cusco','080400','080000'),('080402','Coya','Coya / Calca / Cusco','080400','080000'),('080403','Lamay','Lamay / Calca / Cusco','080400','080000'),('080404','Lares','Lares / Calca / Cusco','080400','080000'),('080405','Pisac','Pisac / Calca / Cusco','080400','080000'),('080406','San Salvador','San Salvador / Calca / Cusco','080400','080000'),('080407','Taray','Taray / Calca / Cusco','080400','080000'),('080408','Yanatile','Yanatile / Calca / Cusco','080400','080000'),('080501','Yanaoca','Yanaoca / Canas / Cusco','080500','080000'),('080502','Checca','Checca / Canas / Cusco','080500','080000'),('080503','Kunturkanki','Kunturkanki / Canas / Cusco','080500','080000'),('080504','Langui','Langui / Canas / Cusco','080500','080000'),('080505','Layo','Layo / Canas / Cusco','080500','080000'),('080506','Pampamarca','Pampamarca / Canas / Cusco','080500','080000'),('080507','Quehue','Quehue / Canas / Cusco','080500','080000'),('080508','Tupac Amaru','Tupac Amaru / Canas / Cusco','080500','080000'),('080601','Sicuani','Sicuani / Canchis / Cusco','080600','080000'),('080602','Checacupe','Checacupe / Canchis / Cusco','080600','080000'),('080603','Combapata','Combapata / Canchis / Cusco','080600','080000'),('080604','Marangani','Marangani / Canchis / Cusco','080600','080000'),('080605','Pitumarca','Pitumarca / Canchis / Cusco','080600','080000'),('080606','San Pablo','San Pablo / Canchis / Cusco','080600','080000'),('080607','San Pedro','San Pedro / Canchis / Cusco','080600','080000'),('080608','Tinta','Tinta / Canchis / Cusco','080600','080000'),('080701','Santo Tomas','Santo Tomas / Chumbivilcas / Cusco','080700','080000'),('080702','Capacmarca','Capacmarca / Chumbivilcas / Cusco','080700','080000'),('080703','Chamaca','Chamaca / Chumbivilcas / Cusco','080700','080000'),('080704','Colquemarca','Colquemarca / Chumbivilcas / Cusco','080700','080000'),('080705','Livitaca','Livitaca / Chumbivilcas / Cusco','080700','080000'),('080706','Llusco','Llusco / Chumbivilcas / Cusco','080700','080000'),('080707','Quiñota','Quiñota / Chumbivilcas / Cusco','080700','080000'),('080708','Velille','Velille / Chumbivilcas / Cusco','080700','080000'),('080801','Espinar','Espinar / Espinar / Cusco','080800','080000'),('080802','Condoroma','Condoroma / Espinar / Cusco','080800','080000'),('080803','Coporaque','Coporaque / Espinar / Cusco','080800','080000'),('080804','Ocoruro','Ocoruro / Espinar / Cusco','080800','080000'),('080805','Pallpata','Pallpata / Espinar / Cusco','080800','080000'),('080806','Pichigua','Pichigua / Espinar / Cusco','080800','080000'),('080807','Suyckutambo','Suyckutambo / Espinar / Cusco','080800','080000'),('080808','Alto Pichigua','Alto Pichigua / Espinar / Cusco','080800','080000'),('080901','Santa Ana','Santa Ana / La Convención / Cusco','080900','080000'),('080902','Echarate','Echarate / La Convención / Cusco','080900','080000'),('080903','Huayopata','Huayopata / La Convención / Cusco','080900','080000'),('080904','Maranura','Maranura / La Convención / Cusco','080900','080000'),('080905','Ocobamba','Ocobamba / La Convención / Cusco','080900','080000'),('080906','Quellouno','Quellouno / La Convención / Cusco','080900','080000'),('080907','Kimbiri','Kimbiri / La Convención / Cusco','080900','080000'),('080908','Santa Teresa','Santa Teresa / La Convención / Cusco','080900','080000'),('080909','Vilcabamba','Vilcabamba / La Convención / Cusco','080900','080000'),('080910','Pichari','Pichari / La Convención / Cusco','080900','080000'),('080911','Inkawasi','Inkawasi / La Convención / Cusco','080900','080000'),('080912','Villa Virgen','Villa Virgen / La Convención / Cusco','080900','080000'),('080913','Villa Kintiarina','Villa Kintiarina / La Convención / Cusco','080900','080000'),('080914','Megantoni','Megantoni / La Convención / Cusco','080900','080000'),('081001','Paruro','Paruro / Paruro / Cusco','081000','080000'),('081002','Accha','Accha / Paruro / Cusco','081000','080000'),('081003','Ccapi','Ccapi / Paruro / Cusco','081000','080000'),('081004','Colcha','Colcha / Paruro / Cusco','081000','080000'),('081005','Huanoquite','Huanoquite / Paruro / Cusco','081000','080000'),('081006','Omacha','Omacha / Paruro / Cusco','081000','080000'),('081007','Paccaritambo','Paccaritambo / Paruro / Cusco','081000','080000'),('081008','Pillpinto','Pillpinto / Paruro / Cusco','081000','080000'),('081009','Yaurisque','Yaurisque / Paruro / Cusco','081000','080000'),('081101','Paucartambo','Paucartambo / Paucartambo / Cusco','081100','080000'),('081102','Caicay','Caicay / Paucartambo / Cusco','081100','080000'),('081103','Challabamba','Challabamba / Paucartambo / Cusco','081100','080000'),('081104','Colquepata','Colquepata / Paucartambo / Cusco','081100','080000'),('081105','Huancarani','Huancarani / Paucartambo / Cusco','081100','080000'),('081106','Kosñipata','Kosñipata / Paucartambo / Cusco','081100','080000'),('081201','Urcos','Urcos / Quispicanchi / Cusco','081200','080000'),('081202','Andahuaylillas','Andahuaylillas / Quispicanchi / Cusco','081200','080000'),('081203','Camanti','Camanti / Quispicanchi / Cusco','081200','080000'),('081204','Ccarhuayo','Ccarhuayo / Quispicanchi / Cusco','081200','080000'),('081205','Ccatca','Ccatca / Quispicanchi / Cusco','081200','080000'),('081206','Cusipata','Cusipata / Quispicanchi / Cusco','081200','080000'),('081207','Huaro','Huaro / Quispicanchi / Cusco','081200','080000'),('081208','Lucre','Lucre / Quispicanchi / Cusco','081200','080000'),('081209','Marcapata','Marcapata / Quispicanchi / Cusco','081200','080000'),('081210','Ocongate','Ocongate / Quispicanchi / Cusco','081200','080000'),('081211','Oropesa','Oropesa / Quispicanchi / Cusco','081200','080000'),('081212','Quiquijana','Quiquijana / Quispicanchi / Cusco','081200','080000'),('081301','Urubamba','Urubamba / Urubamba / Cusco','081300','080000'),('081302','Chinchero','Chinchero / Urubamba / Cusco','081300','080000'),('081303','Huayllabamba','Huayllabamba / Urubamba / Cusco','081300','080000'),('081304','Machupicchu','Machupicchu / Urubamba / Cusco','081300','080000'),('081305','Maras','Maras / Urubamba / Cusco','081300','080000'),('081306','Ollantaytambo','Ollantaytambo / Urubamba / Cusco','081300','080000'),('081307','Yucay','Yucay / Urubamba / Cusco','081300','080000'),('090101','Huancavelica','Huancavelica / Huancavelica / Huancavelica','090100','090000'),('090102','Acobambilla','Acobambilla / Huancavelica / Huancavelica','090100','090000'),('090103','Acoria','Acoria / Huancavelica / Huancavelica','090100','090000'),('090104','Conayca','Conayca / Huancavelica / Huancavelica','090100','090000'),('090105','Cuenca','Cuenca / Huancavelica / Huancavelica','090100','090000'),('090106','Huachocolpa','Huachocolpa / Huancavelica / Huancavelica','090100','090000'),('090107','Huayllahuara','Huayllahuara / Huancavelica / Huancavelica','090100','090000'),('090108','Izcuchaca','Izcuchaca / Huancavelica / Huancavelica','090100','090000'),('090109','Laria','Laria / Huancavelica / Huancavelica','090100','090000'),('090110','Manta','Manta / Huancavelica / Huancavelica','090100','090000'),('090111','Mariscal Cáceres','Mariscal Cáceres / Huancavelica / Huancavelica','090100','090000'),('090112','Moya','Moya / Huancavelica / Huancavelica','090100','090000'),('090113','Nuevo Occoro','Nuevo Occoro / Huancavelica / Huancavelica','090100','090000'),('090114','Palca','Palca / Huancavelica / Huancavelica','090100','090000'),('090115','Pilchaca','Pilchaca / Huancavelica / Huancavelica','090100','090000'),('090116','Vilca','Vilca / Huancavelica / Huancavelica','090100','090000'),('090117','Yauli','Yauli / Huancavelica / Huancavelica','090100','090000'),('090118','Ascensión','Ascensión / Huancavelica / Huancavelica','090100','090000'),('090119','Huando','Huando / Huancavelica / Huancavelica','090100','090000'),('090201','Acobamba','Acobamba / Acobamba / Huancavelica','090200','090000'),('090202','Andabamba','Andabamba / Acobamba / Huancavelica','090200','090000'),('090203','Anta','Anta / Acobamba / Huancavelica','090200','090000'),('090204','Caja','Caja / Acobamba / Huancavelica','090200','090000'),('090205','Marcas','Marcas / Acobamba / Huancavelica','090200','090000'),('090206','Paucara','Paucara / Acobamba / Huancavelica','090200','090000'),('090207','Pomacocha','Pomacocha / Acobamba / Huancavelica','090200','090000'),('090208','Rosario','Rosario / Acobamba / Huancavelica','090200','090000'),('090301','Lircay','Lircay / Angaraes / Huancavelica','090300','090000'),('090302','Anchonga','Anchonga / Angaraes / Huancavelica','090300','090000'),('090303','Callanmarca','Callanmarca / Angaraes / Huancavelica','090300','090000'),('090304','Ccochaccasa','Ccochaccasa / Angaraes / Huancavelica','090300','090000'),('090305','Chincho','Chincho / Angaraes / Huancavelica','090300','090000'),('090306','Congalla','Congalla / Angaraes / Huancavelica','090300','090000'),('090307','Huanca-Huanca','Huanca-Huanca / Angaraes / Huancavelica','090300','090000'),('090308','Huayllay Grande','Huayllay Grande / Angaraes / Huancavelica','090300','090000'),('090309','Julcamarca','Julcamarca / Angaraes / Huancavelica','090300','090000'),('090310','San Antonio de Antaparco','San Antonio de Antaparco / Angaraes / Huancavelica','090300','090000'),('090311','Santo Tomas de Pata','Santo Tomas de Pata / Angaraes / Huancavelica','090300','090000'),('090312','Secclla','Secclla / Angaraes / Huancavelica','090300','090000'),('090401','Castrovirreyna','Castrovirreyna / Castrovirreyna / Huancavelica','090400','090000'),('090402','Arma','Arma / Castrovirreyna / Huancavelica','090400','090000'),('090403','Aurahua','Aurahua / Castrovirreyna / Huancavelica','090400','090000'),('090404','Capillas','Capillas / Castrovirreyna / Huancavelica','090400','090000'),('090405','Chupamarca','Chupamarca / Castrovirreyna / Huancavelica','090400','090000'),('090406','Cocas','Cocas / Castrovirreyna / Huancavelica','090400','090000'),('090407','Huachos','Huachos / Castrovirreyna / Huancavelica','090400','090000'),('090408','Huamatambo','Huamatambo / Castrovirreyna / Huancavelica','090400','090000'),('090409','Mollepampa','Mollepampa / Castrovirreyna / Huancavelica','090400','090000'),('090410','San Juan','San Juan / Castrovirreyna / Huancavelica','090400','090000'),('090411','Santa Ana','Santa Ana / Castrovirreyna / Huancavelica','090400','090000'),('090412','Tantara','Tantara / Castrovirreyna / Huancavelica','090400','090000'),('090413','Ticrapo','Ticrapo / Castrovirreyna / Huancavelica','090400','090000'),('090501','Churcampa','Churcampa / Churcampa / Huancavelica','090500','090000'),('090502','Anco','Anco / Churcampa / Huancavelica','090500','090000'),('090503','Chinchihuasi','Chinchihuasi / Churcampa / Huancavelica','090500','090000'),('090504','El Carmen','El Carmen / Churcampa / Huancavelica','090500','090000'),('090505','La Merced','La Merced / Churcampa / Huancavelica','090500','090000'),('090506','Locroja','Locroja / Churcampa / Huancavelica','090500','090000'),('090507','Paucarbamba','Paucarbamba / Churcampa / Huancavelica','090500','090000'),('090508','San Miguel de Mayocc','San Miguel de Mayocc / Churcampa / Huancavelica','090500','090000'),('090509','San Pedro de Coris','San Pedro de Coris / Churcampa / Huancavelica','090500','090000'),('090510','Pachamarca','Pachamarca / Churcampa / Huancavelica','090500','090000'),('090511','Cosme','Cosme / Churcampa / Huancavelica','090500','090000'),('090601','Huaytara','Huaytara / Huaytará / Huancavelica','090600','090000'),('090602','Ayavi','Ayavi / Huaytará / Huancavelica','090600','090000'),('090603','Córdova','Córdova / Huaytará / Huancavelica','090600','090000'),('090604','Huayacundo Arma','Huayacundo Arma / Huaytará / Huancavelica','090600','090000'),('090605','Laramarca','Laramarca / Huaytará / Huancavelica','090600','090000'),('090606','Ocoyo','Ocoyo / Huaytará / Huancavelica','090600','090000'),('090607','Pilpichaca','Pilpichaca / Huaytará / Huancavelica','090600','090000'),('090608','Querco','Querco / Huaytará / Huancavelica','090600','090000'),('090609','Quito-Arma','Quito-Arma / Huaytará / Huancavelica','090600','090000'),('090610','San Antonio de Cusicancha','San Antonio de Cusicancha / Huaytará / Huancavelica','090600','090000'),('090611','San Francisco de Sangayaico','San Francisco de Sangayaico / Huaytará / Huancavelica','090600','090000'),('090612','San Isidro','San Isidro / Huaytará / Huancavelica','090600','090000'),('090613','Santiago de Chocorvos','Santiago de Chocorvos / Huaytará / Huancavelica','090600','090000'),('090614','Santiago de Quirahuara','Santiago de Quirahuara / Huaytará / Huancavelica','090600','090000'),('090615','Santo Domingo de Capillas','Santo Domingo de Capillas / Huaytará / Huancavelica','090600','090000'),('090616','Tambo','Tambo / Huaytará / Huancavelica','090600','090000'),('090701','Pampas','Pampas / Tayacaja / Huancavelica','090700','090000'),('090702','Acostambo','Acostambo / Tayacaja / Huancavelica','090700','090000'),('090703','Acraquia','Acraquia / Tayacaja / Huancavelica','090700','090000'),('090704','Ahuaycha','Ahuaycha / Tayacaja / Huancavelica','090700','090000'),('090705','Colcabamba','Colcabamba / Tayacaja / Huancavelica','090700','090000'),('090706','Daniel Hernández','Daniel Hernández / Tayacaja / Huancavelica','090700','090000'),('090707','Huachocolpa','Huachocolpa / Tayacaja / Huancavelica','090700','090000'),('090709','Huaribamba','Huaribamba / Tayacaja / Huancavelica','090700','090000'),('090710','Ñahuimpuquio','Ñahuimpuquio / Tayacaja / Huancavelica','090700','090000'),('090711','Pazos','Pazos / Tayacaja / Huancavelica','090700','090000'),('090713','Quishuar','Quishuar / Tayacaja / Huancavelica','090700','090000'),('090714','Salcabamba','Salcabamba / Tayacaja / Huancavelica','090700','090000'),('090715','Salcahuasi','Salcahuasi / Tayacaja / Huancavelica','090700','090000'),('090716','San Marcos de Rocchac','San Marcos de Rocchac / Tayacaja / Huancavelica','090700','090000'),('090717','Surcubamba','Surcubamba / Tayacaja / Huancavelica','090700','090000'),('090718','Tintay Puncu','Tintay Puncu / Tayacaja / Huancavelica','090700','090000'),('090719','Quichuas','Quichuas / Tayacaja / Huancavelica','090700','090000'),('090720','Andaymarca','Andaymarca / Tayacaja / Huancavelica','090700','090000'),('090721','Roble','Roble / Tayacaja / Huancavelica','090700','090000'),('090722','Pichos','Pichos / Tayacaja / Huancavelica','090700','090000'),('090723','Santiago de Tucuma','Santiago de Tucuma / Tayacaja / Huancavelica','090700','090000'),('100101','Huanuco','Huanuco / Huánuco / Huánuco','100100','100000'),('100102','Amarilis','Amarilis / Huánuco / Huánuco','100100','100000'),('100103','Chinchao','Chinchao / Huánuco / Huánuco','100100','100000'),('100104','Churubamba','Churubamba / Huánuco / Huánuco','100100','100000'),('100105','Margos','Margos / Huánuco / Huánuco','100100','100000'),('100106','Quisqui (Kichki)','Quisqui (Kichki) / Huánuco / Huánuco','100100','100000'),('100107','San Francisco de Cayran','San Francisco de Cayran / Huánuco / Huánuco','100100','100000'),('100108','San Pedro de Chaulan','San Pedro de Chaulan / Huánuco / Huánuco','100100','100000'),('100109','Santa María del Valle','Santa María del Valle / Huánuco / Huánuco','100100','100000'),('100110','Yarumayo','Yarumayo / Huánuco / Huánuco','100100','100000'),('100111','Pillco Marca','Pillco Marca / Huánuco / Huánuco','100100','100000'),('100112','Yacus','Yacus / Huánuco / Huánuco','100100','100000'),('100113','San Pablo de Pillao','San Pablo de Pillao / Huánuco / Huánuco','100100','100000'),('100201','Ambo','Ambo / Ambo / Huánuco','100200','100000'),('100202','Cayna','Cayna / Ambo / Huánuco','100200','100000'),('100203','Colpas','Colpas / Ambo / Huánuco','100200','100000'),('100204','Conchamarca','Conchamarca / Ambo / Huánuco','100200','100000'),('100205','Huacar','Huacar / Ambo / Huánuco','100200','100000'),('100206','San Francisco','San Francisco / Ambo / Huánuco','100200','100000'),('100207','San Rafael','San Rafael / Ambo / Huánuco','100200','100000'),('100208','Tomay Kichwa','Tomay Kichwa / Ambo / Huánuco','100200','100000'),('100301','La Unión','La Unión / Dos de Mayo / Huánuco','100300','100000'),('100307','Chuquis','Chuquis / Dos de Mayo / Huánuco','100300','100000'),('100311','Marías','Marías / Dos de Mayo / Huánuco','100300','100000'),('100313','Pachas','Pachas / Dos de Mayo / Huánuco','100300','100000'),('100316','Quivilla','Quivilla / Dos de Mayo / Huánuco','100300','100000'),('100317','Ripan','Ripan / Dos de Mayo / Huánuco','100300','100000'),('100321','Shunqui','Shunqui / Dos de Mayo / Huánuco','100300','100000'),('100322','Sillapata','Sillapata / Dos de Mayo / Huánuco','100300','100000'),('100323','Yanas','Yanas / Dos de Mayo / Huánuco','100300','100000'),('100401','Huacaybamba','Huacaybamba / Huacaybamba / Huánuco','100400','100000'),('100402','Canchabamba','Canchabamba / Huacaybamba / Huánuco','100400','100000'),('100403','Cochabamba','Cochabamba / Huacaybamba / Huánuco','100400','100000'),('100404','Pinra','Pinra / Huacaybamba / Huánuco','100400','100000'),('100501','Llata','Llata / Huamalíes / Huánuco','100500','100000'),('100502','Arancay','Arancay / Huamalíes / Huánuco','100500','100000'),('100503','Chavín de Pariarca','Chavín de Pariarca / Huamalíes / Huánuco','100500','100000'),('100504','Jacas Grande','Jacas Grande / Huamalíes / Huánuco','100500','100000'),('100505','Jircan','Jircan / Huamalíes / Huánuco','100500','100000'),('100506','Miraflores','Miraflores / Huamalíes / Huánuco','100500','100000'),('100507','Monzón','Monzón / Huamalíes / Huánuco','100500','100000'),('100508','Punchao','Punchao / Huamalíes / Huánuco','100500','100000'),('100509','Puños','Puños / Huamalíes / Huánuco','100500','100000'),('100510','Singa','Singa / Huamalíes / Huánuco','100500','100000'),('100511','Tantamayo','Tantamayo / Huamalíes / Huánuco','100500','100000'),('100601','Rupa-Rupa','Rupa-Rupa / Leoncio Prado / Huánuco','100600','100000'),('100602','Daniel Alomía Robles','Daniel Alomía Robles / Leoncio Prado / Huánuco','100600','100000'),('100603','Hermílio Valdizan','Hermílio Valdizan / Leoncio Prado / Huánuco','100600','100000'),('100604','José Crespo y Castillo','José Crespo y Castillo / Leoncio Prado / Huánuco','100600','100000'),('100605','Luyando','Luyando / Leoncio Prado / Huánuco','100600','100000'),('100606','Mariano Damaso Beraun','Mariano Damaso Beraun / Leoncio Prado / Huánuco','100600','100000'),('100607','Pucayacu','Pucayacu / Leoncio Prado / Huánuco','100600','100000'),('100608','Castillo Grande','Castillo Grande / Leoncio Prado / Huánuco','100600','100000'),('100609','Pueblo Nuevo','Pueblo Nuevo / Leoncio Prado / Huánuco','100600','100000'),('100610','Santo Domingo de Anda','Santo Domingo de Anda / Leoncio Prado / Huánuco','100600','100000'),('100701','Huacrachuco','Huacrachuco / Marañón / Huánuco','100700','100000'),('100702','Cholon','Cholon / Marañón / Huánuco','100700','100000'),('100703','San Buenaventura','San Buenaventura / Marañón / Huánuco','100700','100000'),('100704','La Morada','La Morada / Marañón / Huánuco','100700','100000'),('100705','Santa Rosa de Alto Yanajanca','Santa Rosa de Alto Yanajanca / Marañón / Huánuco','100700','100000'),('100801','Panao','Panao / Pachitea / Huánuco','100800','100000'),('100802','Chaglla','Chaglla / Pachitea / Huánuco','100800','100000'),('100803','Molino','Molino / Pachitea / Huánuco','100800','100000'),('100804','Umari','Umari / Pachitea / Huánuco','100800','100000'),('100901','Puerto Inca','Puerto Inca / Puerto Inca / Huánuco','100900','100000'),('100902','Codo del Pozuzo','Codo del Pozuzo / Puerto Inca / Huánuco','100900','100000'),('100903','Honoria','Honoria / Puerto Inca / Huánuco','100900','100000'),('100904','Tournavista','Tournavista / Puerto Inca / Huánuco','100900','100000'),('100905','Yuyapichis','Yuyapichis / Puerto Inca / Huánuco','100900','100000'),('101001','Jesús','Jesús / Lauricocha  / Huánuco','101000','100000'),('101002','Baños','Baños / Lauricocha  / Huánuco','101000','100000'),('101003','Jivia','Jivia / Lauricocha  / Huánuco','101000','100000'),('101004','Queropalca','Queropalca / Lauricocha  / Huánuco','101000','100000'),('101005','Rondos','Rondos / Lauricocha  / Huánuco','101000','100000'),('101006','San Francisco de Asís','San Francisco de Asís / Lauricocha  / Huánuco','101000','100000'),('101007','San Miguel de Cauri','San Miguel de Cauri / Lauricocha  / Huánuco','101000','100000'),('101101','Chavinillo','Chavinillo / Yarowilca  / Huánuco','101100','100000'),('101102','Cahuac','Cahuac / Yarowilca  / Huánuco','101100','100000'),('101103','Chacabamba','Chacabamba / Yarowilca  / Huánuco','101100','100000'),('101104','Aparicio Pomares','Aparicio Pomares / Yarowilca  / Huánuco','101100','100000'),('101105','Jacas Chico','Jacas Chico / Yarowilca  / Huánuco','101100','100000'),('101106','Obas','Obas / Yarowilca  / Huánuco','101100','100000'),('101107','Pampamarca','Pampamarca / Yarowilca  / Huánuco','101100','100000'),('101108','Choras','Choras / Yarowilca  / Huánuco','101100','100000'),('110101','Ica','Ica / Ica  / Ica','110100','110000'),('110102','La Tinguiña','La Tinguiña / Ica  / Ica','110100','110000'),('110103','Los Aquijes','Los Aquijes / Ica  / Ica','110100','110000'),('110104','Ocucaje','Ocucaje / Ica  / Ica','110100','110000'),('110105','Pachacutec','Pachacutec / Ica  / Ica','110100','110000'),('110106','Parcona','Parcona / Ica  / Ica','110100','110000'),('110107','Pueblo Nuevo','Pueblo Nuevo / Ica  / Ica','110100','110000'),('110108','Salas','Salas / Ica  / Ica','110100','110000'),('110109','San José de Los Molinos','San José de Los Molinos / Ica  / Ica','110100','110000'),('110110','San Juan Bautista','San Juan Bautista / Ica  / Ica','110100','110000'),('110111','Santiago','Santiago / Ica  / Ica','110100','110000'),('110112','Subtanjalla','Subtanjalla / Ica  / Ica','110100','110000'),('110113','Tate','Tate / Ica  / Ica','110100','110000'),('110114','Yauca del Rosario','Yauca del Rosario / Ica  / Ica','110100','110000'),('110201','Chincha Alta','Chincha Alta / Chincha  / Ica','110200','110000'),('110202','Alto Laran','Alto Laran / Chincha  / Ica','110200','110000'),('110203','Chavin','Chavin / Chincha  / Ica','110200','110000'),('110204','Chincha Baja','Chincha Baja / Chincha  / Ica','110200','110000'),('110205','El Carmen','El Carmen / Chincha  / Ica','110200','110000'),('110206','Grocio Prado','Grocio Prado / Chincha  / Ica','110200','110000'),('110207','Pueblo Nuevo','Pueblo Nuevo / Chincha  / Ica','110200','110000'),('110208','San Juan de Yanac','San Juan de Yanac / Chincha  / Ica','110200','110000'),('110209','San Pedro de Huacarpana','San Pedro de Huacarpana / Chincha  / Ica','110200','110000'),('110210','Sunampe','Sunampe / Chincha  / Ica','110200','110000'),('110211','Tambo de Mora','Tambo de Mora / Chincha  / Ica','110200','110000'),('110301','Nasca','Nasca / Nasca  / Ica','110300','110000'),('110302','Changuillo','Changuillo / Nasca  / Ica','110300','110000'),('110303','El Ingenio','El Ingenio / Nasca  / Ica','110300','110000'),('110304','Marcona','Marcona / Nasca  / Ica','110300','110000'),('110305','Vista Alegre','Vista Alegre / Nasca  / Ica','110300','110000'),('110401','Palpa','Palpa / Palpa  / Ica','110400','110000'),('110402','Llipata','Llipata / Palpa  / Ica','110400','110000'),('110403','Río Grande','Río Grande / Palpa  / Ica','110400','110000'),('110404','Santa Cruz','Santa Cruz / Palpa  / Ica','110400','110000'),('110405','Tibillo','Tibillo / Palpa  / Ica','110400','110000'),('110501','Pisco','Pisco / Pisco  / Ica','110500','110000'),('110502','Huancano','Huancano / Pisco  / Ica','110500','110000'),('110503','Humay','Humay / Pisco  / Ica','110500','110000'),('110504','Independencia','Independencia / Pisco  / Ica','110500','110000'),('110505','Paracas','Paracas / Pisco  / Ica','110500','110000'),('110506','San Andrés','San Andrés / Pisco  / Ica','110500','110000'),('110507','San Clemente','San Clemente / Pisco  / Ica','110500','110000'),('110508','Tupac Amaru Inca','Tupac Amaru Inca / Pisco  / Ica','110500','110000'),('120101','Huancayo','Huancayo / Huancayo  / Junín','120100','120000'),('120104','Carhuacallanga','Carhuacallanga / Huancayo  / Junín','120100','120000'),('120105','Chacapampa','Chacapampa / Huancayo  / Junín','120100','120000'),('120106','Chicche','Chicche / Huancayo  / Junín','120100','120000'),('120107','Chilca','Chilca / Huancayo  / Junín','120100','120000'),('120108','Chongos Alto','Chongos Alto / Huancayo  / Junín','120100','120000'),('120111','Chupuro','Chupuro / Huancayo  / Junín','120100','120000'),('120112','Colca','Colca / Huancayo  / Junín','120100','120000'),('120113','Cullhuas','Cullhuas / Huancayo  / Junín','120100','120000'),('120114','El Tambo','El Tambo / Huancayo  / Junín','120100','120000'),('120116','Huacrapuquio','Huacrapuquio / Huancayo  / Junín','120100','120000'),('120117','Hualhuas','Hualhuas / Huancayo  / Junín','120100','120000'),('120119','Huancan','Huancan / Huancayo  / Junín','120100','120000'),('120120','Huasicancha','Huasicancha / Huancayo  / Junín','120100','120000'),('120121','Huayucachi','Huayucachi / Huancayo  / Junín','120100','120000'),('120122','Ingenio','Ingenio / Huancayo  / Junín','120100','120000'),('120124','Pariahuanca','Pariahuanca / Huancayo  / Junín','120100','120000'),('120125','Pilcomayo','Pilcomayo / Huancayo  / Junín','120100','120000'),('120126','Pucara','Pucara / Huancayo  / Junín','120100','120000'),('120127','Quichuay','Quichuay / Huancayo  / Junín','120100','120000'),('120128','Quilcas','Quilcas / Huancayo  / Junín','120100','120000'),('120129','San Agustín','San Agustín / Huancayo  / Junín','120100','120000'),('120130','San Jerónimo de Tunan','San Jerónimo de Tunan / Huancayo  / Junín','120100','120000'),('120132','Saño','Saño / Huancayo  / Junín','120100','120000'),('120133','Sapallanga','Sapallanga / Huancayo  / Junín','120100','120000'),('120134','Sicaya','Sicaya / Huancayo  / Junín','120100','120000'),('120135','Santo Domingo de Acobamba','Santo Domingo de Acobamba / Huancayo  / Junín','120100','120000'),('120136','Viques','Viques / Huancayo  / Junín','120100','120000'),('120201','Concepción','Concepción / Concepción  / Junín','120200','120000'),('120202','Aco','Aco / Concepción  / Junín','120200','120000'),('120203','Andamarca','Andamarca / Concepción  / Junín','120200','120000'),('120204','Chambara','Chambara / Concepción  / Junín','120200','120000'),('120205','Cochas','Cochas / Concepción  / Junín','120200','120000'),('120206','Comas','Comas / Concepción  / Junín','120200','120000'),('120207','Heroínas Toledo','Heroínas Toledo / Concepción  / Junín','120200','120000'),('120208','Manzanares','Manzanares / Concepción  / Junín','120200','120000'),('120209','Mariscal Castilla','Mariscal Castilla / Concepción  / Junín','120200','120000'),('120210','Matahuasi','Matahuasi / Concepción  / Junín','120200','120000'),('120211','Mito','Mito / Concepción  / Junín','120200','120000'),('120212','Nueve de Julio','Nueve de Julio / Concepción  / Junín','120200','120000'),('120213','Orcotuna','Orcotuna / Concepción  / Junín','120200','120000'),('120214','San José de Quero','San José de Quero / Concepción  / Junín','120200','120000'),('120215','Santa Rosa de Ocopa','Santa Rosa de Ocopa / Concepción  / Junín','120200','120000'),('120301','Chanchamayo','Chanchamayo / Chanchamayo  / Junín','120300','120000'),('120302','Perene','Perene / Chanchamayo  / Junín','120300','120000'),('120303','Pichanaqui','Pichanaqui / Chanchamayo  / Junín','120300','120000'),('120304','San Luis de Shuaro','San Luis de Shuaro / Chanchamayo  / Junín','120300','120000'),('120305','San Ramón','San Ramón / Chanchamayo  / Junín','120300','120000'),('120306','Vitoc','Vitoc / Chanchamayo  / Junín','120300','120000'),('120401','Jauja','Jauja / Jauja  / Junín','120400','120000'),('120402','Acolla','Acolla / Jauja  / Junín','120400','120000'),('120403','Apata','Apata / Jauja  / Junín','120400','120000'),('120404','Ataura','Ataura / Jauja  / Junín','120400','120000'),('120405','Canchayllo','Canchayllo / Jauja  / Junín','120400','120000'),('120406','Curicaca','Curicaca / Jauja  / Junín','120400','120000'),('120407','El Mantaro','El Mantaro / Jauja  / Junín','120400','120000'),('120408','Huamali','Huamali / Jauja  / Junín','120400','120000'),('120409','Huaripampa','Huaripampa / Jauja  / Junín','120400','120000'),('120410','Huertas','Huertas / Jauja  / Junín','120400','120000'),('120411','Janjaillo','Janjaillo / Jauja  / Junín','120400','120000'),('120412','Julcán','Julcán / Jauja  / Junín','120400','120000'),('120413','Leonor Ordóñez','Leonor Ordóñez / Jauja  / Junín','120400','120000'),('120414','Llocllapampa','Llocllapampa / Jauja  / Junín','120400','120000'),('120415','Marco','Marco / Jauja  / Junín','120400','120000'),('120416','Masma','Masma / Jauja  / Junín','120400','120000'),('120417','Masma Chicche','Masma Chicche / Jauja  / Junín','120400','120000'),('120418','Molinos','Molinos / Jauja  / Junín','120400','120000'),('120419','Monobamba','Monobamba / Jauja  / Junín','120400','120000'),('120420','Muqui','Muqui / Jauja  / Junín','120400','120000'),('120421','Muquiyauyo','Muquiyauyo / Jauja  / Junín','120400','120000'),('120422','Paca','Paca / Jauja  / Junín','120400','120000'),('120423','Paccha','Paccha / Jauja  / Junín','120400','120000'),('120424','Pancan','Pancan / Jauja  / Junín','120400','120000'),('120425','Parco','Parco / Jauja  / Junín','120400','120000'),('120426','Pomacancha','Pomacancha / Jauja  / Junín','120400','120000'),('120427','Ricran','Ricran / Jauja  / Junín','120400','120000'),('120428','San Lorenzo','San Lorenzo / Jauja  / Junín','120400','120000'),('120429','San Pedro de Chunan','San Pedro de Chunan / Jauja  / Junín','120400','120000'),('120430','Sausa','Sausa / Jauja  / Junín','120400','120000'),('120431','Sincos','Sincos / Jauja  / Junín','120400','120000'),('120432','Tunan Marca','Tunan Marca / Jauja  / Junín','120400','120000'),('120433','Yauli','Yauli / Jauja  / Junín','120400','120000'),('120434','Yauyos','Yauyos / Jauja  / Junín','120400','120000'),('120501','Junin','Junin / Junín  / Junín','120500','120000'),('120502','Carhuamayo','Carhuamayo / Junín  / Junín','120500','120000'),('120503','Ondores','Ondores / Junín  / Junín','120500','120000'),('120504','Ulcumayo','Ulcumayo / Junín  / Junín','120500','120000'),('120601','Satipo','Satipo / Satipo  / Junín','120600','120000'),('120602','Coviriali','Coviriali / Satipo  / Junín','120600','120000'),('120603','Llaylla','Llaylla / Satipo  / Junín','120600','120000'),('120604','Mazamari','Mazamari / Satipo  / Junín','120600','120000'),('120605','Pampa Hermosa','Pampa Hermosa / Satipo  / Junín','120600','120000'),('120606','Pangoa','Pangoa / Satipo  / Junín','120600','120000'),('120607','Río Negro','Río Negro / Satipo  / Junín','120600','120000'),('120608','Río Tambo','Río Tambo / Satipo  / Junín','120600','120000'),('120609','Vizcatan del Ene','Vizcatan del Ene / Satipo  / Junín','120600','120000'),('120701','Tarma','Tarma / Tarma  / Junín','120700','120000'),('120702','Acobamba','Acobamba / Tarma  / Junín','120700','120000'),('120703','Huaricolca','Huaricolca / Tarma  / Junín','120700','120000'),('120704','Huasahuasi','Huasahuasi / Tarma  / Junín','120700','120000'),('120705','La Unión','La Unión / Tarma  / Junín','120700','120000'),('120706','Palca','Palca / Tarma  / Junín','120700','120000'),('120707','Palcamayo','Palcamayo / Tarma  / Junín','120700','120000'),('120708','San Pedro de Cajas','San Pedro de Cajas / Tarma  / Junín','120700','120000'),('120709','Tapo','Tapo / Tarma  / Junín','120700','120000'),('120801','La Oroya','La Oroya / Yauli  / Junín','120800','120000'),('120802','Chacapalpa','Chacapalpa / Yauli  / Junín','120800','120000'),('120803','Huay-Huay','Huay-Huay / Yauli  / Junín','120800','120000'),('120804','Marcapomacocha','Marcapomacocha / Yauli  / Junín','120800','120000'),('120805','Morococha','Morococha / Yauli  / Junín','120800','120000'),('120806','Paccha','Paccha / Yauli  / Junín','120800','120000'),('120807','Santa Bárbara de Carhuacayan','Santa Bárbara de Carhuacayan / Yauli  / Junín','120800','120000'),('120808','Santa Rosa de Sacco','Santa Rosa de Sacco / Yauli  / Junín','120800','120000'),('120809','Suitucancha','Suitucancha / Yauli  / Junín','120800','120000'),('120810','Yauli','Yauli / Yauli  / Junín','120800','120000'),('120901','Chupaca','Chupaca / Chupaca  / Junín','120900','120000'),('120902','Ahuac','Ahuac / Chupaca  / Junín','120900','120000'),('120903','Chongos Bajo','Chongos Bajo / Chupaca  / Junín','120900','120000'),('120904','Huachac','Huachac / Chupaca  / Junín','120900','120000'),('120905','Huamancaca Chico','Huamancaca Chico / Chupaca  / Junín','120900','120000'),('120906','San Juan de Iscos','San Juan de Iscos / Chupaca  / Junín','120900','120000'),('120907','San Juan de Jarpa','San Juan de Jarpa / Chupaca  / Junín','120900','120000'),('120908','Tres de Diciembre','Tres de Diciembre / Chupaca  / Junín','120900','120000'),('120909','Yanacancha','Yanacancha / Chupaca  / Junín','120900','120000'),('130101','Trujillo','Trujillo / Trujillo  / La Libertad','130100','130000'),('130102','El Porvenir','El Porvenir / Trujillo  / La Libertad','130100','130000'),('130103','Florencia de Mora','Florencia de Mora / Trujillo  / La Libertad','130100','130000'),('130104','Huanchaco','Huanchaco / Trujillo  / La Libertad','130100','130000'),('130105','La Esperanza','La Esperanza / Trujillo  / La Libertad','130100','130000'),('130106','Laredo','Laredo / Trujillo  / La Libertad','130100','130000'),('130107','Moche','Moche / Trujillo  / La Libertad','130100','130000'),('130108','Poroto','Poroto / Trujillo  / La Libertad','130100','130000'),('130109','Salaverry','Salaverry / Trujillo  / La Libertad','130100','130000'),('130110','Simbal','Simbal / Trujillo  / La Libertad','130100','130000'),('130111','Victor Larco Herrera','Victor Larco Herrera / Trujillo  / La Libertad','130100','130000'),('130201','Ascope','Ascope / Ascope  / La Libertad','130200','130000'),('130202','Chicama','Chicama / Ascope  / La Libertad','130200','130000'),('130203','Chocope','Chocope / Ascope  / La Libertad','130200','130000'),('130204','Magdalena de Cao','Magdalena de Cao / Ascope  / La Libertad','130200','130000'),('130205','Paijan','Paijan / Ascope  / La Libertad','130200','130000'),('130206','Rázuri','Rázuri / Ascope  / La Libertad','130200','130000'),('130207','Santiago de Cao','Santiago de Cao / Ascope  / La Libertad','130200','130000'),('130208','Casa Grande','Casa Grande / Ascope  / La Libertad','130200','130000'),('130301','Bolívar','Bolívar / Bolívar  / La Libertad','130300','130000'),('130302','Bambamarca','Bambamarca / Bolívar  / La Libertad','130300','130000'),('130303','Condormarca','Condormarca / Bolívar  / La Libertad','130300','130000'),('130304','Longotea','Longotea / Bolívar  / La Libertad','130300','130000'),('130305','Uchumarca','Uchumarca / Bolívar  / La Libertad','130300','130000'),('130306','Ucuncha','Ucuncha / Bolívar  / La Libertad','130300','130000'),('130401','Chepen','Chepen / Chepén  / La Libertad','130400','130000'),('130402','Pacanga','Pacanga / Chepén  / La Libertad','130400','130000'),('130403','Pueblo Nuevo','Pueblo Nuevo / Chepén  / La Libertad','130400','130000'),('130501','Julcan','Julcan / Julcán  / La Libertad','130500','130000'),('130502','Calamarca','Calamarca / Julcán  / La Libertad','130500','130000'),('130503','Carabamba','Carabamba / Julcán  / La Libertad','130500','130000'),('130504','Huaso','Huaso / Julcán  / La Libertad','130500','130000'),('130601','Otuzco','Otuzco / Otuzco  / La Libertad','130600','130000'),('130602','Agallpampa','Agallpampa / Otuzco  / La Libertad','130600','130000'),('130604','Charat','Charat / Otuzco  / La Libertad','130600','130000'),('130605','Huaranchal','Huaranchal / Otuzco  / La Libertad','130600','130000'),('130606','La Cuesta','La Cuesta / Otuzco  / La Libertad','130600','130000'),('130608','Mache','Mache / Otuzco  / La Libertad','130600','130000'),('130610','Paranday','Paranday / Otuzco  / La Libertad','130600','130000'),('130611','Salpo','Salpo / Otuzco  / La Libertad','130600','130000'),('130613','Sinsicap','Sinsicap / Otuzco  / La Libertad','130600','130000'),('130614','Usquil','Usquil / Otuzco  / La Libertad','130600','130000'),('130701','San Pedro de Lloc','San Pedro de Lloc / Pacasmayo  / La Libertad','130700','130000'),('130702','Guadalupe','Guadalupe / Pacasmayo  / La Libertad','130700','130000'),('130703','Jequetepeque','Jequetepeque / Pacasmayo  / La Libertad','130700','130000'),('130704','Pacasmayo','Pacasmayo / Pacasmayo  / La Libertad','130700','130000'),('130705','San José','San José / Pacasmayo  / La Libertad','130700','130000'),('130801','Tayabamba','Tayabamba / Pataz  / La Libertad','130800','130000'),('130802','Buldibuyo','Buldibuyo / Pataz  / La Libertad','130800','130000'),('130803','Chillia','Chillia / Pataz  / La Libertad','130800','130000'),('130804','Huancaspata','Huancaspata / Pataz  / La Libertad','130800','130000'),('130805','Huaylillas','Huaylillas / Pataz  / La Libertad','130800','130000'),('130806','Huayo','Huayo / Pataz  / La Libertad','130800','130000'),('130807','Ongon','Ongon / Pataz  / La Libertad','130800','130000'),('130808','Parcoy','Parcoy / Pataz  / La Libertad','130800','130000'),('130809','Pataz','Pataz / Pataz  / La Libertad','130800','130000'),('130810','Pias','Pias / Pataz  / La Libertad','130800','130000'),('130811','Santiago de Challas','Santiago de Challas / Pataz  / La Libertad','130800','130000'),('130812','Taurija','Taurija / Pataz  / La Libertad','130800','130000'),('130813','Urpay','Urpay / Pataz  / La Libertad','130800','130000'),('130901','Huamachuco','Huamachuco / Sánchez Carrión  / La Libertad','130900','130000'),('130902','Chugay','Chugay / Sánchez Carrión  / La Libertad','130900','130000'),('130903','Cochorco','Cochorco / Sánchez Carrión  / La Libertad','130900','130000'),('130904','Curgos','Curgos / Sánchez Carrión  / La Libertad','130900','130000'),('130905','Marcabal','Marcabal / Sánchez Carrión  / La Libertad','130900','130000'),('130906','Sanagoran','Sanagoran / Sánchez Carrión  / La Libertad','130900','130000'),('130907','Sarin','Sarin / Sánchez Carrión  / La Libertad','130900','130000'),('130908','Sartimbamba','Sartimbamba / Sánchez Carrión  / La Libertad','130900','130000'),('131001','Santiago de Chuco','Santiago de Chuco / Santiago de Chuco  / La Libertad','131000','130000'),('131002','Angasmarca','Angasmarca / Santiago de Chuco  / La Libertad','131000','130000'),('131003','Cachicadan','Cachicadan / Santiago de Chuco  / La Libertad','131000','130000'),('131004','Mollebamba','Mollebamba / Santiago de Chuco  / La Libertad','131000','130000'),('131005','Mollepata','Mollepata / Santiago de Chuco  / La Libertad','131000','130000'),('131006','Quiruvilca','Quiruvilca / Santiago de Chuco  / La Libertad','131000','130000'),('131007','Santa Cruz de Chuca','Santa Cruz de Chuca / Santiago de Chuco  / La Libertad','131000','130000'),('131008','Sitabamba','Sitabamba / Santiago de Chuco  / La Libertad','131000','130000'),('131101','Cascas','Cascas / Gran Chimú  / La Libertad','131100','130000'),('131102','Lucma','Lucma / Gran Chimú  / La Libertad','131100','130000'),('131103','Marmot','Marmot / Gran Chimú  / La Libertad','131100','130000'),('131104','Sayapullo','Sayapullo / Gran Chimú  / La Libertad','131100','130000'),('131201','Viru','Viru / Virú  / La Libertad','131200','130000'),('131202','Chao','Chao / Virú  / La Libertad','131200','130000'),('131203','Guadalupito','Guadalupito / Virú  / La Libertad','131200','130000'),('140101','Chiclayo','Chiclayo / Chiclayo  / Lambayeque','140100','140000'),('140102','Chongoyape','Chongoyape / Chiclayo  / Lambayeque','140100','140000'),('140103','Eten','Eten / Chiclayo  / Lambayeque','140100','140000'),('140104','Eten Puerto','Eten Puerto / Chiclayo  / Lambayeque','140100','140000'),('140105','José Leonardo Ortiz','José Leonardo Ortiz / Chiclayo  / Lambayeque','140100','140000'),('140106','La Victoria','La Victoria / Chiclayo  / Lambayeque','140100','140000'),('140107','Lagunas','Lagunas / Chiclayo  / Lambayeque','140100','140000'),('140108','Monsefu','Monsefu / Chiclayo  / Lambayeque','140100','140000'),('140109','Nueva Arica','Nueva Arica / Chiclayo  / Lambayeque','140100','140000'),('140110','Oyotun','Oyotun / Chiclayo  / Lambayeque','140100','140000'),('140111','Picsi','Picsi / Chiclayo  / Lambayeque','140100','140000'),('140112','Pimentel','Pimentel / Chiclayo  / Lambayeque','140100','140000'),('140113','Reque','Reque / Chiclayo  / Lambayeque','140100','140000'),('140114','Santa Rosa','Santa Rosa / Chiclayo  / Lambayeque','140100','140000'),('140115','Saña','Saña / Chiclayo  / Lambayeque','140100','140000'),('140116','Cayalti','Cayalti / Chiclayo  / Lambayeque','140100','140000'),('140117','Patapo','Patapo / Chiclayo  / Lambayeque','140100','140000'),('140118','Pomalca','Pomalca / Chiclayo  / Lambayeque','140100','140000'),('140119','Pucala','Pucala / Chiclayo  / Lambayeque','140100','140000'),('140120','Tuman','Tuman / Chiclayo  / Lambayeque','140100','140000'),('140201','Ferreñafe','Ferreñafe / Ferreñafe  / Lambayeque','140200','140000'),('140202','Cañaris','Cañaris / Ferreñafe  / Lambayeque','140200','140000'),('140203','Incahuasi','Incahuasi / Ferreñafe  / Lambayeque','140200','140000'),('140204','Manuel Antonio Mesones Muro','Manuel Antonio Mesones Muro / Ferreñafe  / Lambayeque','140200','140000'),('140205','Pitipo','Pitipo / Ferreñafe  / Lambayeque','140200','140000'),('140206','Pueblo Nuevo','Pueblo Nuevo / Ferreñafe  / Lambayeque','140200','140000'),('140301','Lambayeque','Lambayeque / Lambayeque  / Lambayeque','140300','140000'),('140302','Chochope','Chochope / Lambayeque  / Lambayeque','140300','140000'),('140303','Illimo','Illimo / Lambayeque  / Lambayeque','140300','140000'),('140304','Jayanca','Jayanca / Lambayeque  / Lambayeque','140300','140000'),('140305','Mochumi','Mochumi / Lambayeque  / Lambayeque','140300','140000'),('140306','Morrope','Morrope / Lambayeque  / Lambayeque','140300','140000'),('140307','Motupe','Motupe / Lambayeque  / Lambayeque','140300','140000'),('140308','Olmos','Olmos / Lambayeque  / Lambayeque','140300','140000'),('140309','Pacora','Pacora / Lambayeque  / Lambayeque','140300','140000'),('140310','Salas','Salas / Lambayeque  / Lambayeque','140300','140000'),('140311','San José','San José / Lambayeque  / Lambayeque','140300','140000'),('140312','Tucume','Tucume / Lambayeque  / Lambayeque','140300','140000'),('150101','Lima','Lima / Lima  / Lima','150100','150000'),('150102','Ancón','Ancón / Lima  / Lima','150100','150000'),('150103','Ate','Ate / Lima  / Lima','150100','150000'),('150104','Barranco','Barranco / Lima  / Lima','150100','150000'),('150105','Breña','Breña / Lima  / Lima','150100','150000'),('150106','Carabayllo','Carabayllo / Lima  / Lima','150100','150000'),('150107','Chaclacayo','Chaclacayo / Lima  / Lima','150100','150000'),('150108','Chorrillos','Chorrillos / Lima  / Lima','150100','150000'),('150109','Cieneguilla','Cieneguilla / Lima  / Lima','150100','150000'),('150110','Comas','Comas / Lima  / Lima','150100','150000'),('150111','El Agustino','El Agustino / Lima  / Lima','150100','150000'),('150112','Independencia','Independencia / Lima  / Lima','150100','150000'),('150113','Jesús María','Jesús María / Lima  / Lima','150100','150000'),('150114','La Molina','La Molina / Lima  / Lima','150100','150000'),('150115','La Victoria','La Victoria / Lima  / Lima','150100','150000'),('150116','Lince','Lince / Lima  / Lima','150100','150000'),('150117','Los Olivos','Los Olivos / Lima  / Lima','150100','150000'),('150118','Lurigancho','Lurigancho / Lima  / Lima','150100','150000'),('150119','Lurin','Lurin / Lima  / Lima','150100','150000'),('150120','Magdalena del Mar','Magdalena del Mar / Lima  / Lima','150100','150000'),('150121','Pueblo Libre','Pueblo Libre / Lima  / Lima','150100','150000'),('150122','Miraflores','Miraflores / Lima  / Lima','150100','150000'),('150123','Pachacamac','Pachacamac / Lima  / Lima','150100','150000'),('150124','Pucusana','Pucusana / Lima  / Lima','150100','150000'),('150125','Puente Piedra','Puente Piedra / Lima  / Lima','150100','150000'),('150126','Punta Hermosa','Punta Hermosa / Lima  / Lima','150100','150000'),('150127','Punta Negra','Punta Negra / Lima  / Lima','150100','150000'),('150128','Rímac','Rímac / Lima  / Lima','150100','150000'),('150129','San Bartolo','San Bartolo / Lima  / Lima','150100','150000'),('150130','San Borja','San Borja / Lima  / Lima','150100','150000'),('150131','San Isidro','San Isidro / Lima  / Lima','150100','150000'),('150132','San Juan de Lurigancho','San Juan de Lurigancho / Lima  / Lima','150100','150000'),('150133','San Juan de Miraflores','San Juan de Miraflores / Lima  / Lima','150100','150000'),('150134','San Luis','San Luis / Lima  / Lima','150100','150000'),('150135','San Martín de Porres','San Martín de Porres / Lima  / Lima','150100','150000'),('150136','San Miguel','San Miguel / Lima  / Lima','150100','150000'),('150137','Santa Anita','Santa Anita / Lima  / Lima','150100','150000'),('150138','Santa María del Mar','Santa María del Mar / Lima  / Lima','150100','150000'),('150139','Santa Rosa','Santa Rosa / Lima  / Lima','150100','150000'),('150140','Santiago de Surco','Santiago de Surco / Lima  / Lima','150100','150000'),('150141','Surquillo','Surquillo / Lima  / Lima','150100','150000'),('150142','Villa El Salvador','Villa El Salvador / Lima  / Lima','150100','150000'),('150143','Villa María del Triunfo','Villa María del Triunfo / Lima  / Lima','150100','150000'),('150201','Barranca','Barranca / Barranca  / Lima','150200','150000'),('150202','Paramonga','Paramonga / Barranca  / Lima','150200','150000'),('150203','Pativilca','Pativilca / Barranca  / Lima','150200','150000'),('150204','Supe','Supe / Barranca  / Lima','150200','150000'),('150205','Supe Puerto','Supe Puerto / Barranca  / Lima','150200','150000'),('150301','Cajatambo','Cajatambo / Cajatambo  / Lima','150300','150000'),('150302','Copa','Copa / Cajatambo  / Lima','150300','150000'),('150303','Gorgor','Gorgor / Cajatambo  / Lima','150300','150000'),('150304','Huancapon','Huancapon / Cajatambo  / Lima','150300','150000'),('150305','Manas','Manas / Cajatambo  / Lima','150300','150000'),('150401','Canta','Canta / Canta  / Lima','150400','150000'),('150402','Arahuay','Arahuay / Canta  / Lima','150400','150000'),('150403','Huamantanga','Huamantanga / Canta  / Lima','150400','150000'),('150404','Huaros','Huaros / Canta  / Lima','150400','150000'),('150405','Lachaqui','Lachaqui / Canta  / Lima','150400','150000'),('150406','San Buenaventura','San Buenaventura / Canta  / Lima','150400','150000'),('150407','Santa Rosa de Quives','Santa Rosa de Quives / Canta  / Lima','150400','150000'),('150501','San Vicente de Cañete','San Vicente de Cañete / Cañete  / Lima','150500','150000'),('150502','Asia','Asia / Cañete  / Lima','150500','150000'),('150503','Calango','Calango / Cañete  / Lima','150500','150000'),('150504','Cerro Azul','Cerro Azul / Cañete  / Lima','150500','150000'),('150505','Chilca','Chilca / Cañete  / Lima','150500','150000'),('150506','Coayllo','Coayllo / Cañete  / Lima','150500','150000'),('150507','Imperial','Imperial / Cañete  / Lima','150500','150000'),('150508','Lunahuana','Lunahuana / Cañete  / Lima','150500','150000'),('150509','Mala','Mala / Cañete  / Lima','150500','150000'),('150510','Nuevo Imperial','Nuevo Imperial / Cañete  / Lima','150500','150000'),('150511','Pacaran','Pacaran / Cañete  / Lima','150500','150000'),('150512','Quilmana','Quilmana / Cañete  / Lima','150500','150000'),('150513','San Antonio','San Antonio / Cañete  / Lima','150500','150000'),('150514','San Luis','San Luis / Cañete  / Lima','150500','150000'),('150515','Santa Cruz de Flores','Santa Cruz de Flores / Cañete  / Lima','150500','150000'),('150516','Zúñiga','Zúñiga / Cañete  / Lima','150500','150000'),('150601','Huaral','Huaral / Huaral  / Lima','150600','150000'),('150602','Atavillos Alto','Atavillos Alto / Huaral  / Lima','150600','150000'),('150603','Atavillos Bajo','Atavillos Bajo / Huaral  / Lima','150600','150000'),('150604','Aucallama','Aucallama / Huaral  / Lima','150600','150000'),('150605','Chancay','Chancay / Huaral  / Lima','150600','150000'),('150606','Ihuari','Ihuari / Huaral  / Lima','150600','150000'),('150607','Lampian','Lampian / Huaral  / Lima','150600','150000'),('150608','Pacaraos','Pacaraos / Huaral  / Lima','150600','150000'),('150609','San Miguel de Acos','San Miguel de Acos / Huaral  / Lima','150600','150000'),('150610','Santa Cruz de Andamarca','Santa Cruz de Andamarca / Huaral  / Lima','150600','150000'),('150611','Sumbilca','Sumbilca / Huaral  / Lima','150600','150000'),('150612','Veintisiete de Noviembre','Veintisiete de Noviembre / Huaral  / Lima','150600','150000'),('150701','Matucana','Matucana / Huarochirí  / Lima','150700','150000'),('150702','Antioquia','Antioquia / Huarochirí  / Lima','150700','150000'),('150703','Callahuanca','Callahuanca / Huarochirí  / Lima','150700','150000'),('150704','Carampoma','Carampoma / Huarochirí  / Lima','150700','150000'),('150705','Chicla','Chicla / Huarochirí  / Lima','150700','150000'),('150706','Cuenca','Cuenca / Huarochirí  / Lima','150700','150000'),('150707','Huachupampa','Huachupampa / Huarochirí  / Lima','150700','150000'),('150708','Huanza','Huanza / Huarochirí  / Lima','150700','150000'),('150709','Huarochiri','Huarochiri / Huarochirí  / Lima','150700','150000'),('150710','Lahuaytambo','Lahuaytambo / Huarochirí  / Lima','150700','150000'),('150711','Langa','Langa / Huarochirí  / Lima','150700','150000'),('150712','Laraos','Laraos / Huarochirí  / Lima','150700','150000'),('150713','Mariatana','Mariatana / Huarochirí  / Lima','150700','150000'),('150714','Ricardo Palma','Ricardo Palma / Huarochirí  / Lima','150700','150000'),('150715','San Andrés de Tupicocha','San Andrés de Tupicocha / Huarochirí  / Lima','150700','150000'),('150716','San Antonio','San Antonio / Huarochirí  / Lima','150700','150000'),('150717','San Bartolomé','San Bartolomé / Huarochirí  / Lima','150700','150000'),('150718','San Damian','San Damian / Huarochirí  / Lima','150700','150000'),('150719','San Juan de Iris','San Juan de Iris / Huarochirí  / Lima','150700','150000'),('150720','San Juan de Tantaranche','San Juan de Tantaranche / Huarochirí  / Lima','150700','150000'),('150721','San Lorenzo de Quinti','San Lorenzo de Quinti / Huarochirí  / Lima','150700','150000'),('150722','San Mateo','San Mateo / Huarochirí  / Lima','150700','150000'),('150723','San Mateo de Otao','San Mateo de Otao / Huarochirí  / Lima','150700','150000'),('150724','San Pedro de Casta','San Pedro de Casta / Huarochirí  / Lima','150700','150000'),('150725','San Pedro de Huancayre','San Pedro de Huancayre / Huarochirí  / Lima','150700','150000'),('150726','Sangallaya','Sangallaya / Huarochirí  / Lima','150700','150000'),('150727','Santa Cruz de Cocachacra','Santa Cruz de Cocachacra / Huarochirí  / Lima','150700','150000'),('150728','Santa Eulalia','Santa Eulalia / Huarochirí  / Lima','150700','150000'),('150729','Santiago de Anchucaya','Santiago de Anchucaya / Huarochirí  / Lima','150700','150000'),('150730','Santiago de Tuna','Santiago de Tuna / Huarochirí  / Lima','150700','150000'),('150731','Santo Domingo de Los Olleros','Santo Domingo de Los Olleros / Huarochirí  / Lima','150700','150000'),('150732','Surco','Surco / Huarochirí  / Lima','150700','150000'),('150801','Huacho','Huacho / Huaura  / Lima','150800','150000'),('150802','Ambar','Ambar / Huaura  / Lima','150800','150000'),('150803','Caleta de Carquin','Caleta de Carquin / Huaura  / Lima','150800','150000'),('150804','Checras','Checras / Huaura  / Lima','150800','150000'),('150805','Hualmay','Hualmay / Huaura  / Lima','150800','150000'),('150806','Huaura','Huaura / Huaura  / Lima','150800','150000'),('150807','Leoncio Prado','Leoncio Prado / Huaura  / Lima','150800','150000'),('150808','Paccho','Paccho / Huaura  / Lima','150800','150000'),('150809','Santa Leonor','Santa Leonor / Huaura  / Lima','150800','150000'),('150810','Santa María','Santa María / Huaura  / Lima','150800','150000'),('150811','Sayan','Sayan / Huaura  / Lima','150800','150000'),('150812','Vegueta','Vegueta / Huaura  / Lima','150800','150000'),('150901','Oyon','Oyon / Oyón  / Lima','150900','150000'),('150902','Andajes','Andajes / Oyón  / Lima','150900','150000'),('150903','Caujul','Caujul / Oyón  / Lima','150900','150000'),('150904','Cochamarca','Cochamarca / Oyón  / Lima','150900','150000'),('150905','Navan','Navan / Oyón  / Lima','150900','150000'),('150906','Pachangara','Pachangara / Oyón  / Lima','150900','150000'),('151001','Yauyos','Yauyos / Yauyos  / Lima','151000','150000'),('151002','Alis','Alis / Yauyos  / Lima','151000','150000'),('151003','Allauca','Allauca / Yauyos  / Lima','151000','150000'),('151004','Ayaviri','Ayaviri / Yauyos  / Lima','151000','150000'),('151005','Azángaro','Azángaro / Yauyos  / Lima','151000','150000'),('151006','Cacra','Cacra / Yauyos  / Lima','151000','150000'),('151007','Carania','Carania / Yauyos  / Lima','151000','150000'),('151008','Catahuasi','Catahuasi / Yauyos  / Lima','151000','150000'),('151009','Chocos','Chocos / Yauyos  / Lima','151000','150000'),('151010','Cochas','Cochas / Yauyos  / Lima','151000','150000'),('151011','Colonia','Colonia / Yauyos  / Lima','151000','150000'),('151012','Hongos','Hongos / Yauyos  / Lima','151000','150000'),('151013','Huampara','Huampara / Yauyos  / Lima','151000','150000'),('151014','Huancaya','Huancaya / Yauyos  / Lima','151000','150000'),('151015','Huangascar','Huangascar / Yauyos  / Lima','151000','150000'),('151016','Huantan','Huantan / Yauyos  / Lima','151000','150000'),('151017','Huañec','Huañec / Yauyos  / Lima','151000','150000'),('151018','Laraos','Laraos / Yauyos  / Lima','151000','150000'),('151019','Lincha','Lincha / Yauyos  / Lima','151000','150000'),('151020','Madean','Madean / Yauyos  / Lima','151000','150000'),('151021','Miraflores','Miraflores / Yauyos  / Lima','151000','150000'),('151022','Omas','Omas / Yauyos  / Lima','151000','150000'),('151023','Putinza','Putinza / Yauyos  / Lima','151000','150000'),('151024','Quinches','Quinches / Yauyos  / Lima','151000','150000'),('151025','Quinocay','Quinocay / Yauyos  / Lima','151000','150000'),('151026','San Joaquín','San Joaquín / Yauyos  / Lima','151000','150000'),('151027','San Pedro de Pilas','San Pedro de Pilas / Yauyos  / Lima','151000','150000'),('151028','Tanta','Tanta / Yauyos  / Lima','151000','150000'),('151029','Tauripampa','Tauripampa / Yauyos  / Lima','151000','150000'),('151030','Tomas','Tomas / Yauyos  / Lima','151000','150000'),('151031','Tupe','Tupe / Yauyos  / Lima','151000','150000'),('151032','Viñac','Viñac / Yauyos  / Lima','151000','150000'),('151033','Vitis','Vitis / Yauyos  / Lima','151000','150000'),('160101','Iquitos','Iquitos / Maynas  / Loreto','160100','160000'),('160102','Alto Nanay','Alto Nanay / Maynas  / Loreto','160100','160000'),('160103','Fernando Lores','Fernando Lores / Maynas  / Loreto','160100','160000'),('160104','Indiana','Indiana / Maynas  / Loreto','160100','160000'),('160105','Las Amazonas','Las Amazonas / Maynas  / Loreto','160100','160000'),('160106','Mazan','Mazan / Maynas  / Loreto','160100','160000'),('160107','Napo','Napo / Maynas  / Loreto','160100','160000'),('160108','Punchana','Punchana / Maynas  / Loreto','160100','160000'),('160110','Torres Causana','Torres Causana / Maynas  / Loreto','160100','160000'),('160112','Belén','Belén / Maynas  / Loreto','160100','160000'),('160113','San Juan Bautista','San Juan Bautista / Maynas  / Loreto','160100','160000'),('160201','Yurimaguas','Yurimaguas / Alto Amazonas  / Loreto','160200','160000'),('160202','Balsapuerto','Balsapuerto / Alto Amazonas  / Loreto','160200','160000'),('160205','Jeberos','Jeberos / Alto Amazonas  / Loreto','160200','160000'),('160206','Lagunas','Lagunas / Alto Amazonas  / Loreto','160200','160000'),('160210','Santa Cruz','Santa Cruz / Alto Amazonas  / Loreto','160200','160000'),('160211','Teniente Cesar López Rojas','Teniente Cesar López Rojas / Alto Amazonas  / Loreto','160200','160000'),('160301','Nauta','Nauta / Loreto  / Loreto','160300','160000'),('160302','Parinari','Parinari / Loreto  / Loreto','160300','160000'),('160303','Tigre','Tigre / Loreto  / Loreto','160300','160000'),('160304','Trompeteros','Trompeteros / Loreto  / Loreto','160300','160000'),('160305','Urarinas','Urarinas / Loreto  / Loreto','160300','160000'),('160401','Ramón Castilla','Ramón Castilla / Mariscal Ramón Castilla  / Loreto','160400','160000'),('160402','Pebas','Pebas / Mariscal Ramón Castilla  / Loreto','160400','160000'),('160403','Yavari','Yavari / Mariscal Ramón Castilla  / Loreto','160400','160000'),('160404','San Pablo','San Pablo / Mariscal Ramón Castilla  / Loreto','160400','160000'),('160501','Requena','Requena / Requena  / Loreto','160500','160000'),('160502','Alto Tapiche','Alto Tapiche / Requena  / Loreto','160500','160000'),('160503','Capelo','Capelo / Requena  / Loreto','160500','160000'),('160504','Emilio San Martín','Emilio San Martín / Requena  / Loreto','160500','160000'),('160505','Maquia','Maquia / Requena  / Loreto','160500','160000'),('160506','Puinahua','Puinahua / Requena  / Loreto','160500','160000'),('160507','Saquena','Saquena / Requena  / Loreto','160500','160000'),('160508','Soplin','Soplin / Requena  / Loreto','160500','160000'),('160509','Tapiche','Tapiche / Requena  / Loreto','160500','160000'),('160510','Jenaro Herrera','Jenaro Herrera / Requena  / Loreto','160500','160000'),('160511','Yaquerana','Yaquerana / Requena  / Loreto','160500','160000'),('160601','Contamana','Contamana / Ucayali  / Loreto','160600','160000'),('160602','Inahuaya','Inahuaya / Ucayali  / Loreto','160600','160000'),('160603','Padre Márquez','Padre Márquez / Ucayali  / Loreto','160600','160000'),('160604','Pampa Hermosa','Pampa Hermosa / Ucayali  / Loreto','160600','160000'),('160605','Sarayacu','Sarayacu / Ucayali  / Loreto','160600','160000'),('160606','Vargas Guerra','Vargas Guerra / Ucayali  / Loreto','160600','160000'),('160701','Barranca','Barranca / Datem del Marañón  / Loreto','160700','160000'),('160702','Cahuapanas','Cahuapanas / Datem del Marañón  / Loreto','160700','160000'),('160703','Manseriche','Manseriche / Datem del Marañón  / Loreto','160700','160000'),('160704','Morona','Morona / Datem del Marañón  / Loreto','160700','160000'),('160705','Pastaza','Pastaza / Datem del Marañón  / Loreto','160700','160000'),('160706','Andoas','Andoas / Datem del Marañón  / Loreto','160700','160000'),('160801','Putumayo','Putumayo / Putumayo / Loreto','160800','160000'),('160802','Rosa Panduro','Rosa Panduro / Putumayo / Loreto','160800','160000'),('160803','Teniente Manuel Clavero','Teniente Manuel Clavero / Putumayo / Loreto','160800','160000'),('160804','Yaguas','Yaguas / Putumayo / Loreto','160800','160000'),('170101','Tambopata','Tambopata / Tambopata  / Madre de Dios','170100','170000'),('170102','Inambari','Inambari / Tambopata  / Madre de Dios','170100','170000'),('170103','Las Piedras','Las Piedras / Tambopata  / Madre de Dios','170100','170000'),('170104','Laberinto','Laberinto / Tambopata  / Madre de Dios','170100','170000'),('170201','Manu','Manu / Manu  / Madre de Dios','170200','170000'),('170202','Fitzcarrald','Fitzcarrald / Manu  / Madre de Dios','170200','170000'),('170203','Madre de Dios','Madre de Dios / Manu  / Madre de Dios','170200','170000'),('170204','Huepetuhe','Huepetuhe / Manu  / Madre de Dios','170200','170000'),('170301','Iñapari','Iñapari / Tahuamanu  / Madre de Dios','170300','170000'),('170302','Iberia','Iberia / Tahuamanu  / Madre de Dios','170300','170000'),('170303','Tahuamanu','Tahuamanu / Tahuamanu  / Madre de Dios','170300','170000'),('180101','Moquegua','Moquegua / Mariscal Nieto  / Moquegua','180100','180000'),('180102','Carumas','Carumas / Mariscal Nieto  / Moquegua','180100','180000'),('180103','Cuchumbaya','Cuchumbaya / Mariscal Nieto  / Moquegua','180100','180000'),('180104','Samegua','Samegua / Mariscal Nieto  / Moquegua','180100','180000'),('180105','San Cristóbal','San Cristóbal / Mariscal Nieto  / Moquegua','180100','180000'),('180106','Torata','Torata / Mariscal Nieto  / Moquegua','180100','180000'),('180201','Omate','Omate / General Sánchez Cerro  / Moquegua','180200','180000'),('180202','Chojata','Chojata / General Sánchez Cerro  / Moquegua','180200','180000'),('180203','Coalaque','Coalaque / General Sánchez Cerro  / Moquegua','180200','180000'),('180204','Ichuña','Ichuña / General Sánchez Cerro  / Moquegua','180200','180000'),('180205','La Capilla','La Capilla / General Sánchez Cerro  / Moquegua','180200','180000'),('180206','Lloque','Lloque / General Sánchez Cerro  / Moquegua','180200','180000'),('180207','Matalaque','Matalaque / General Sánchez Cerro  / Moquegua','180200','180000'),('180208','Puquina','Puquina / General Sánchez Cerro  / Moquegua','180200','180000'),('180209','Quinistaquillas','Quinistaquillas / General Sánchez Cerro  / Moquegua','180200','180000'),('180210','Ubinas','Ubinas / General Sánchez Cerro  / Moquegua','180200','180000'),('180211','Yunga','Yunga / General Sánchez Cerro  / Moquegua','180200','180000'),('180301','Ilo','Ilo / Ilo  / Moquegua','180300','180000'),('180302','El Algarrobal','El Algarrobal / Ilo  / Moquegua','180300','180000'),('180303','Pacocha','Pacocha / Ilo  / Moquegua','180300','180000'),('190101','Chaupimarca','Chaupimarca / Pasco  / Pasco','190100','190000'),('190102','Huachon','Huachon / Pasco  / Pasco','190100','190000'),('190103','Huariaca','Huariaca / Pasco  / Pasco','190100','190000'),('190104','Huayllay','Huayllay / Pasco  / Pasco','190100','190000'),('190105','Ninacaca','Ninacaca / Pasco  / Pasco','190100','190000'),('190106','Pallanchacra','Pallanchacra / Pasco  / Pasco','190100','190000'),('190107','Paucartambo','Paucartambo / Pasco  / Pasco','190100','190000'),('190108','San Francisco de Asís de Yarusyacan','San Francisco de Asís de Yarusyacan / Pasco  / Pasco','190100','190000'),('190109','Simon Bolívar','Simon Bolívar / Pasco  / Pasco','190100','190000'),('190110','Ticlacayan','Ticlacayan / Pasco  / Pasco','190100','190000'),('190111','Tinyahuarco','Tinyahuarco / Pasco  / Pasco','190100','190000'),('190112','Vicco','Vicco / Pasco  / Pasco','190100','190000'),('190113','Yanacancha','Yanacancha / Pasco  / Pasco','190100','190000'),('190201','Yanahuanca','Yanahuanca / Daniel Alcides Carrión  / Pasco','190200','190000'),('190202','Chacayan','Chacayan / Daniel Alcides Carrión  / Pasco','190200','190000'),('190203','Goyllarisquizga','Goyllarisquizga / Daniel Alcides Carrión  / Pasco','190200','190000'),('190204','Paucar','Paucar / Daniel Alcides Carrión  / Pasco','190200','190000'),('190205','San Pedro de Pillao','San Pedro de Pillao / Daniel Alcides Carrión  / Pasco','190200','190000'),('190206','Santa Ana de Tusi','Santa Ana de Tusi / Daniel Alcides Carrión  / Pasco','190200','190000'),('190207','Tapuc','Tapuc / Daniel Alcides Carrión  / Pasco','190200','190000'),('190208','Vilcabamba','Vilcabamba / Daniel Alcides Carrión  / Pasco','190200','190000'),('190301','Oxapampa','Oxapampa / Oxapampa  / Pasco','190300','190000'),('190302','Chontabamba','Chontabamba / Oxapampa  / Pasco','190300','190000'),('190303','Huancabamba','Huancabamba / Oxapampa  / Pasco','190300','190000'),('190304','Palcazu','Palcazu / Oxapampa  / Pasco','190300','190000'),('190305','Pozuzo','Pozuzo / Oxapampa  / Pasco','190300','190000'),('190306','Puerto Bermúdez','Puerto Bermúdez / Oxapampa  / Pasco','190300','190000'),('190307','Villa Rica','Villa Rica / Oxapampa  / Pasco','190300','190000'),('190308','Constitución','Constitución / Oxapampa  / Pasco','190300','190000'),('200101','Piura','Piura / Piura  / Piura','200100','200000'),('200104','Castilla','Castilla / Piura  / Piura','200100','200000'),('200105','Catacaos','Catacaos / Piura  / Piura','200100','200000'),('200107','Cura Mori','Cura Mori / Piura  / Piura','200100','200000'),('200108','El Tallan','El Tallan / Piura  / Piura','200100','200000'),('200109','La Arena','La Arena / Piura  / Piura','200100','200000'),('200110','La Unión','La Unión / Piura  / Piura','200100','200000'),('200111','Las Lomas','Las Lomas / Piura  / Piura','200100','200000'),('200114','Tambo Grande','Tambo Grande / Piura  / Piura','200100','200000'),('200115','Veintiseis de Octubre','Veintiseis de Octubre / Piura  / Piura','200100','200000'),('200201','Ayabaca','Ayabaca / Ayabaca  / Piura','200200','200000'),('200202','Frias','Frias / Ayabaca  / Piura','200200','200000'),('200203','Jilili','Jilili / Ayabaca  / Piura','200200','200000'),('200204','Lagunas','Lagunas / Ayabaca  / Piura','200200','200000'),('200205','Montero','Montero / Ayabaca  / Piura','200200','200000'),('200206','Pacaipampa','Pacaipampa / Ayabaca  / Piura','200200','200000'),('200207','Paimas','Paimas / Ayabaca  / Piura','200200','200000'),('200208','Sapillica','Sapillica / Ayabaca  / Piura','200200','200000'),('200209','Sicchez','Sicchez / Ayabaca  / Piura','200200','200000'),('200210','Suyo','Suyo / Ayabaca  / Piura','200200','200000'),('200301','Huancabamba','Huancabamba / Huancabamba  / Piura','200300','200000'),('200302','Canchaque','Canchaque / Huancabamba  / Piura','200300','200000'),('200303','El Carmen de la Frontera','El Carmen de la Frontera / Huancabamba  / Piura','200300','200000'),('200304','Huarmaca','Huarmaca / Huancabamba  / Piura','200300','200000'),('200305','Lalaquiz','Lalaquiz / Huancabamba  / Piura','200300','200000'),('200306','San Miguel de El Faique','San Miguel de El Faique / Huancabamba  / Piura','200300','200000'),('200307','Sondor','Sondor / Huancabamba  / Piura','200300','200000'),('200308','Sondorillo','Sondorillo / Huancabamba  / Piura','200300','200000'),('200401','Chulucanas','Chulucanas / Morropón  / Piura','200400','200000'),('200402','Buenos Aires','Buenos Aires / Morropón  / Piura','200400','200000'),('200403','Chalaco','Chalaco / Morropón  / Piura','200400','200000'),('200404','La Matanza','La Matanza / Morropón  / Piura','200400','200000'),('200405','Morropon','Morropon / Morropón  / Piura','200400','200000'),('200406','Salitral','Salitral / Morropón  / Piura','200400','200000'),('200407','San Juan de Bigote','San Juan de Bigote / Morropón  / Piura','200400','200000'),('200408','Santa Catalina de Mossa','Santa Catalina de Mossa / Morropón  / Piura','200400','200000'),('200409','Santo Domingo','Santo Domingo / Morropón  / Piura','200400','200000'),('200410','Yamango','Yamango / Morropón  / Piura','200400','200000'),('200501','Paita','Paita / Paita  / Piura','200500','200000'),('200502','Amotape','Amotape / Paita  / Piura','200500','200000'),('200503','Arenal','Arenal / Paita  / Piura','200500','200000'),('200504','Colan','Colan / Paita  / Piura','200500','200000'),('200505','La Huaca','La Huaca / Paita  / Piura','200500','200000'),('200506','Tamarindo','Tamarindo / Paita  / Piura','200500','200000'),('200507','Vichayal','Vichayal / Paita  / Piura','200500','200000'),('200601','Sullana','Sullana / Sullana  / Piura','200600','200000'),('200602','Bellavista','Bellavista / Sullana  / Piura','200600','200000'),('200603','Ignacio Escudero','Ignacio Escudero / Sullana  / Piura','200600','200000'),('200604','Lancones','Lancones / Sullana  / Piura','200600','200000'),('200605','Marcavelica','Marcavelica / Sullana  / Piura','200600','200000'),('200606','Miguel Checa','Miguel Checa / Sullana  / Piura','200600','200000'),('200607','Querecotillo','Querecotillo / Sullana  / Piura','200600','200000'),('200608','Salitral','Salitral / Sullana  / Piura','200600','200000'),('200701','Pariñas','Pariñas / Talara  / Piura','200700','200000'),('200702','El Alto','El Alto / Talara  / Piura','200700','200000'),('200703','La Brea','La Brea / Talara  / Piura','200700','200000'),('200704','Lobitos','Lobitos / Talara  / Piura','200700','200000'),('200705','Los Organos','Los Organos / Talara  / Piura','200700','200000'),('200706','Mancora','Mancora / Talara  / Piura','200700','200000'),('200801','Sechura','Sechura / Sechura  / Piura','200800','200000'),('200802','Bellavista de la Unión','Bellavista de la Unión / Sechura  / Piura','200800','200000'),('200803','Bernal','Bernal / Sechura  / Piura','200800','200000'),('200804','Cristo Nos Valga','Cristo Nos Valga / Sechura  / Piura','200800','200000'),('200805','Vice','Vice / Sechura  / Piura','200800','200000'),('200806','Rinconada Llicuar','Rinconada Llicuar / Sechura  / Piura','200800','200000'),('210101','Puno','Puno / Puno  / Puno','210100','210000'),('210102','Acora','Acora / Puno  / Puno','210100','210000'),('210103','Amantani','Amantani / Puno  / Puno','210100','210000'),('210104','Atuncolla','Atuncolla / Puno  / Puno','210100','210000'),('210105','Capachica','Capachica / Puno  / Puno','210100','210000'),('210106','Chucuito','Chucuito / Puno  / Puno','210100','210000'),('210107','Coata','Coata / Puno  / Puno','210100','210000'),('210108','Huata','Huata / Puno  / Puno','210100','210000'),('210109','Mañazo','Mañazo / Puno  / Puno','210100','210000'),('210110','Paucarcolla','Paucarcolla / Puno  / Puno','210100','210000'),('210111','Pichacani','Pichacani / Puno  / Puno','210100','210000'),('210112','Plateria','Plateria / Puno  / Puno','210100','210000'),('210113','San Antonio','San Antonio / Puno  / Puno','210100','210000'),('210114','Tiquillaca','Tiquillaca / Puno  / Puno','210100','210000'),('210115','Vilque','Vilque / Puno  / Puno','210100','210000'),('210201','Azángaro','Azángaro / Azángaro  / Puno','210200','210000'),('210202','Achaya','Achaya / Azángaro  / Puno','210200','210000'),('210203','Arapa','Arapa / Azángaro  / Puno','210200','210000'),('210204','Asillo','Asillo / Azángaro  / Puno','210200','210000'),('210205','Caminaca','Caminaca / Azángaro  / Puno','210200','210000'),('210206','Chupa','Chupa / Azángaro  / Puno','210200','210000'),('210207','José Domingo Choquehuanca','José Domingo Choquehuanca / Azángaro  / Puno','210200','210000'),('210208','Muñani','Muñani / Azángaro  / Puno','210200','210000'),('210209','Potoni','Potoni / Azángaro  / Puno','210200','210000'),('210210','Saman','Saman / Azángaro  / Puno','210200','210000'),('210211','San Anton','San Anton / Azángaro  / Puno','210200','210000'),('210212','San José','San José / Azángaro  / Puno','210200','210000'),('210213','San Juan de Salinas','San Juan de Salinas / Azángaro  / Puno','210200','210000'),('210214','Santiago de Pupuja','Santiago de Pupuja / Azángaro  / Puno','210200','210000'),('210215','Tirapata','Tirapata / Azángaro  / Puno','210200','210000'),('210301','Macusani','Macusani / Carabaya  / Puno','210300','210000'),('210302','Ajoyani','Ajoyani / Carabaya  / Puno','210300','210000'),('210303','Ayapata','Ayapata / Carabaya  / Puno','210300','210000'),('210304','Coasa','Coasa / Carabaya  / Puno','210300','210000'),('210305','Corani','Corani / Carabaya  / Puno','210300','210000'),('210306','Crucero','Crucero / Carabaya  / Puno','210300','210000'),('210307','Ituata','Ituata / Carabaya  / Puno','210300','210000'),('210308','Ollachea','Ollachea / Carabaya  / Puno','210300','210000'),('210309','San Gaban','San Gaban / Carabaya  / Puno','210300','210000'),('210310','Usicayos','Usicayos / Carabaya  / Puno','210300','210000'),('210401','Juli','Juli / Chucuito  / Puno','210400','210000'),('210402','Desaguadero','Desaguadero / Chucuito  / Puno','210400','210000'),('210403','Huacullani','Huacullani / Chucuito  / Puno','210400','210000'),('210404','Kelluyo','Kelluyo / Chucuito  / Puno','210400','210000'),('210405','Pisacoma','Pisacoma / Chucuito  / Puno','210400','210000'),('210406','Pomata','Pomata / Chucuito  / Puno','210400','210000'),('210407','Zepita','Zepita / Chucuito  / Puno','210400','210000'),('210501','Ilave','Ilave / El Collao  / Puno','210500','210000'),('210502','Capazo','Capazo / El Collao  / Puno','210500','210000'),('210503','Pilcuyo','Pilcuyo / El Collao  / Puno','210500','210000'),('210504','Santa Rosa','Santa Rosa / El Collao  / Puno','210500','210000'),('210505','Conduriri','Conduriri / El Collao  / Puno','210500','210000'),('210601','Huancane','Huancane / Huancané  / Puno','210600','210000'),('210602','Cojata','Cojata / Huancané  / Puno','210600','210000'),('210603','Huatasani','Huatasani / Huancané  / Puno','210600','210000'),('210604','Inchupalla','Inchupalla / Huancané  / Puno','210600','210000'),('210605','Pusi','Pusi / Huancané  / Puno','210600','210000'),('210606','Rosaspata','Rosaspata / Huancané  / Puno','210600','210000'),('210607','Taraco','Taraco / Huancané  / Puno','210600','210000'),('210608','Vilque Chico','Vilque Chico / Huancané  / Puno','210600','210000'),('210701','Lampa','Lampa / Lampa  / Puno','210700','210000'),('210702','Cabanilla','Cabanilla / Lampa  / Puno','210700','210000'),('210703','Calapuja','Calapuja / Lampa  / Puno','210700','210000'),('210704','Nicasio','Nicasio / Lampa  / Puno','210700','210000'),('210705','Ocuviri','Ocuviri / Lampa  / Puno','210700','210000'),('210706','Palca','Palca / Lampa  / Puno','210700','210000'),('210707','Paratia','Paratia / Lampa  / Puno','210700','210000'),('210708','Pucara','Pucara / Lampa  / Puno','210700','210000'),('210709','Santa Lucia','Santa Lucia / Lampa  / Puno','210700','210000'),('210710','Vilavila','Vilavila / Lampa  / Puno','210700','210000'),('210801','Ayaviri','Ayaviri / Melgar  / Puno','210800','210000'),('210802','Antauta','Antauta / Melgar  / Puno','210800','210000'),('210803','Cupi','Cupi / Melgar  / Puno','210800','210000'),('210804','Llalli','Llalli / Melgar  / Puno','210800','210000'),('210805','Macari','Macari / Melgar  / Puno','210800','210000'),('210806','Nuñoa','Nuñoa / Melgar  / Puno','210800','210000'),('210807','Orurillo','Orurillo / Melgar  / Puno','210800','210000'),('210808','Santa Rosa','Santa Rosa / Melgar  / Puno','210800','210000'),('210809','Umachiri','Umachiri / Melgar  / Puno','210800','210000'),('210901','Moho','Moho / Moho  / Puno','210900','210000'),('210902','Conima','Conima / Moho  / Puno','210900','210000'),('210903','Huayrapata','Huayrapata / Moho  / Puno','210900','210000'),('210904','Tilali','Tilali / Moho  / Puno','210900','210000'),('211001','Putina','Putina / San Antonio de Putina  / Puno','211000','210000'),('211002','Ananea','Ananea / San Antonio de Putina  / Puno','211000','210000'),('211003','Pedro Vilca Apaza','Pedro Vilca Apaza / San Antonio de Putina  / Puno','211000','210000'),('211004','Quilcapuncu','Quilcapuncu / San Antonio de Putina  / Puno','211000','210000'),('211005','Sina','Sina / San Antonio de Putina  / Puno','211000','210000'),('211101','Juliaca','Juliaca / San Román  / Puno','211100','210000'),('211102','Cabana','Cabana / San Román  / Puno','211100','210000'),('211103','Cabanillas','Cabanillas / San Román  / Puno','211100','210000'),('211104','Caracoto','Caracoto / San Román  / Puno','211100','210000'),('211105','San Miguel','San Miguel / San Román  / Puno','211100','210000'),('211201','Sandia','Sandia / Sandia  / Puno','211200','210000'),('211202','Cuyocuyo','Cuyocuyo / Sandia  / Puno','211200','210000'),('211203','Limbani','Limbani / Sandia  / Puno','211200','210000'),('211204','Patambuco','Patambuco / Sandia  / Puno','211200','210000'),('211205','Phara','Phara / Sandia  / Puno','211200','210000'),('211206','Quiaca','Quiaca / Sandia  / Puno','211200','210000'),('211207','San Juan del Oro','San Juan del Oro / Sandia  / Puno','211200','210000'),('211208','Yanahuaya','Yanahuaya / Sandia  / Puno','211200','210000'),('211209','Alto Inambari','Alto Inambari / Sandia  / Puno','211200','210000'),('211210','San Pedro de Putina Punco','San Pedro de Putina Punco / Sandia  / Puno','211200','210000'),('211301','Yunguyo','Yunguyo / Yunguyo  / Puno','211300','210000'),('211302','Anapia','Anapia / Yunguyo  / Puno','211300','210000'),('211303','Copani','Copani / Yunguyo  / Puno','211300','210000'),('211304','Cuturapi','Cuturapi / Yunguyo  / Puno','211300','210000'),('211305','Ollaraya','Ollaraya / Yunguyo  / Puno','211300','210000'),('211306','Tinicachi','Tinicachi / Yunguyo  / Puno','211300','210000'),('211307','Unicachi','Unicachi / Yunguyo  / Puno','211300','210000'),('220101','Moyobamba','Moyobamba / Moyobamba  / San Martín','220100','220000'),('220102','Calzada','Calzada / Moyobamba  / San Martín','220100','220000'),('220103','Habana','Habana / Moyobamba  / San Martín','220100','220000'),('220104','Jepelacio','Jepelacio / Moyobamba  / San Martín','220100','220000'),('220105','Soritor','Soritor / Moyobamba  / San Martín','220100','220000'),('220106','Yantalo','Yantalo / Moyobamba  / San Martín','220100','220000'),('220201','Bellavista','Bellavista / Bellavista  / San Martín','220200','220000'),('220202','Alto Biavo','Alto Biavo / Bellavista  / San Martín','220200','220000'),('220203','Bajo Biavo','Bajo Biavo / Bellavista  / San Martín','220200','220000'),('220204','Huallaga','Huallaga / Bellavista  / San Martín','220200','220000'),('220205','San Pablo','San Pablo / Bellavista  / San Martín','220200','220000'),('220206','San Rafael','San Rafael / Bellavista  / San Martín','220200','220000'),('220301','San José de Sisa','San José de Sisa / El Dorado  / San Martín','220300','220000'),('220302','Agua Blanca','Agua Blanca / El Dorado  / San Martín','220300','220000'),('220303','San Martín','San Martín / El Dorado  / San Martín','220300','220000'),('220304','Santa Rosa','Santa Rosa / El Dorado  / San Martín','220300','220000'),('220305','Shatoja','Shatoja / El Dorado  / San Martín','220300','220000'),('220401','Saposoa','Saposoa / Huallaga  / San Martín','220400','220000'),('220402','Alto Saposoa','Alto Saposoa / Huallaga  / San Martín','220400','220000'),('220403','El Eslabón','El Eslabón / Huallaga  / San Martín','220400','220000'),('220404','Piscoyacu','Piscoyacu / Huallaga  / San Martín','220400','220000'),('220405','Sacanche','Sacanche / Huallaga  / San Martín','220400','220000'),('220406','Tingo de Saposoa','Tingo de Saposoa / Huallaga  / San Martín','220400','220000'),('220501','Lamas','Lamas / Lamas  / San Martín','220500','220000'),('220502','Alonso de Alvarado','Alonso de Alvarado / Lamas  / San Martín','220500','220000'),('220503','Barranquita','Barranquita / Lamas  / San Martín','220500','220000'),('220504','Caynarachi','Caynarachi / Lamas  / San Martín','220500','220000'),('220505','Cuñumbuqui','Cuñumbuqui / Lamas  / San Martín','220500','220000'),('220506','Pinto Recodo','Pinto Recodo / Lamas  / San Martín','220500','220000'),('220507','Rumisapa','Rumisapa / Lamas  / San Martín','220500','220000'),('220508','San Roque de Cumbaza','San Roque de Cumbaza / Lamas  / San Martín','220500','220000'),('220509','Shanao','Shanao / Lamas  / San Martín','220500','220000'),('220510','Tabalosos','Tabalosos / Lamas  / San Martín','220500','220000'),('220511','Zapatero','Zapatero / Lamas  / San Martín','220500','220000'),('220601','Juanjuí','Juanjuí / Mariscal Cáceres  / San Martín','220600','220000'),('220602','Campanilla','Campanilla / Mariscal Cáceres  / San Martín','220600','220000'),('220603','Huicungo','Huicungo / Mariscal Cáceres  / San Martín','220600','220000'),('220604','Pachiza','Pachiza / Mariscal Cáceres  / San Martín','220600','220000'),('220605','Pajarillo','Pajarillo / Mariscal Cáceres  / San Martín','220600','220000'),('220701','Picota','Picota / Picota  / San Martín','220700','220000'),('220702','Buenos Aires','Buenos Aires / Picota  / San Martín','220700','220000'),('220703','Caspisapa','Caspisapa / Picota  / San Martín','220700','220000'),('220704','Pilluana','Pilluana / Picota  / San Martín','220700','220000'),('220705','Pucacaca','Pucacaca / Picota  / San Martín','220700','220000'),('220706','San Cristóbal','San Cristóbal / Picota  / San Martín','220700','220000'),('220707','San Hilarión','San Hilarión / Picota  / San Martín','220700','220000'),('220708','Shamboyacu','Shamboyacu / Picota  / San Martín','220700','220000'),('220709','Tingo de Ponasa','Tingo de Ponasa / Picota  / San Martín','220700','220000'),('220710','Tres Unidos','Tres Unidos / Picota  / San Martín','220700','220000'),('220801','Rioja','Rioja / Rioja  / San Martín','220800','220000'),('220802','Awajun','Awajun / Rioja  / San Martín','220800','220000'),('220803','Elías Soplin Vargas','Elías Soplin Vargas / Rioja  / San Martín','220800','220000'),('220804','Nueva Cajamarca','Nueva Cajamarca / Rioja  / San Martín','220800','220000'),('220805','Pardo Miguel','Pardo Miguel / Rioja  / San Martín','220800','220000'),('220806','Posic','Posic / Rioja  / San Martín','220800','220000'),('220807','San Fernando','San Fernando / Rioja  / San Martín','220800','220000'),('220808','Yorongos','Yorongos / Rioja  / San Martín','220800','220000'),('220809','Yuracyacu','Yuracyacu / Rioja  / San Martín','220800','220000'),('220901','Tarapoto','Tarapoto / San Martín  / San Martín','220900','220000'),('220902','Alberto Leveau','Alberto Leveau / San Martín  / San Martín','220900','220000'),('220903','Cacatachi','Cacatachi / San Martín  / San Martín','220900','220000'),('220904','Chazuta','Chazuta / San Martín  / San Martín','220900','220000'),('220905','Chipurana','Chipurana / San Martín  / San Martín','220900','220000'),('220906','El Porvenir','El Porvenir / San Martín  / San Martín','220900','220000'),('220907','Huimbayoc','Huimbayoc / San Martín  / San Martín','220900','220000'),('220908','Juan Guerra','Juan Guerra / San Martín  / San Martín','220900','220000'),('220909','La Banda de Shilcayo','La Banda de Shilcayo / San Martín  / San Martín','220900','220000'),('220910','Morales','Morales / San Martín  / San Martín','220900','220000'),('220911','Papaplaya','Papaplaya / San Martín  / San Martín','220900','220000'),('220912','San Antonio','San Antonio / San Martín  / San Martín','220900','220000'),('220913','Sauce','Sauce / San Martín  / San Martín','220900','220000'),('220914','Shapaja','Shapaja / San Martín  / San Martín','220900','220000'),('221001','Tocache','Tocache / Tocache  / San Martín','221000','220000'),('221002','Nuevo Progreso','Nuevo Progreso / Tocache  / San Martín','221000','220000'),('221003','Polvora','Polvora / Tocache  / San Martín','221000','220000'),('221004','Shunte','Shunte / Tocache  / San Martín','221000','220000'),('221005','Uchiza','Uchiza / Tocache  / San Martín','221000','220000'),('230101','Tacna','Tacna / Tacna  / Tacna','230100','230000'),('230102','Alto de la Alianza','Alto de la Alianza / Tacna  / Tacna','230100','230000'),('230103','Calana','Calana / Tacna  / Tacna','230100','230000'),('230104','Ciudad Nueva','Ciudad Nueva / Tacna  / Tacna','230100','230000'),('230105','Inclan','Inclan / Tacna  / Tacna','230100','230000'),('230106','Pachia','Pachia / Tacna  / Tacna','230100','230000'),('230107','Palca','Palca / Tacna  / Tacna','230100','230000'),('230108','Pocollay','Pocollay / Tacna  / Tacna','230100','230000'),('230109','Sama','Sama / Tacna  / Tacna','230100','230000'),('230110','Coronel Gregorio Albarracín Lanchipa','Coronel Gregorio Albarracín Lanchipa / Tacna  / Tacna','230100','230000'),('230111','La Yarada los Palos','La Yarada los Palos / Tacna  / Tacna','230100','230000'),('230201','Candarave','Candarave / Candarave  / Tacna','230200','230000'),('230202','Cairani','Cairani / Candarave  / Tacna','230200','230000'),('230203','Camilaca','Camilaca / Candarave  / Tacna','230200','230000'),('230204','Curibaya','Curibaya / Candarave  / Tacna','230200','230000'),('230205','Huanuara','Huanuara / Candarave  / Tacna','230200','230000'),('230206','Quilahuani','Quilahuani / Candarave  / Tacna','230200','230000'),('230301','Locumba','Locumba / Jorge Basadre  / Tacna','230300','230000'),('230302','Ilabaya','Ilabaya / Jorge Basadre  / Tacna','230300','230000'),('230303','Ite','Ite / Jorge Basadre  / Tacna','230300','230000'),('230401','Tarata','Tarata / Tarata  / Tacna','230400','230000'),('230402','Héroes Albarracín','Héroes Albarracín / Tarata  / Tacna','230400','230000'),('230403','Estique','Estique / Tarata  / Tacna','230400','230000'),('230404','Estique-Pampa','Estique-Pampa / Tarata  / Tacna','230400','230000'),('230405','Sitajara','Sitajara / Tarata  / Tacna','230400','230000'),('230406','Susapaya','Susapaya / Tarata  / Tacna','230400','230000'),('230407','Tarucachi','Tarucachi / Tarata  / Tacna','230400','230000'),('230408','Ticaco','Ticaco / Tarata  / Tacna','230400','230000'),('240101','Tumbes','Tumbes / Tumbes  / Tumbes','240100','240000'),('240102','Corrales','Corrales / Tumbes  / Tumbes','240100','240000'),('240103','La Cruz','La Cruz / Tumbes  / Tumbes','240100','240000'),('240104','Pampas de Hospital','Pampas de Hospital / Tumbes  / Tumbes','240100','240000'),('240105','San Jacinto','San Jacinto / Tumbes  / Tumbes','240100','240000'),('240106','San Juan de la Virgen','San Juan de la Virgen / Tumbes  / Tumbes','240100','240000'),('240201','Zorritos','Zorritos / Contralmirante Villar  / Tumbes','240200','240000'),('240202','Casitas','Casitas / Contralmirante Villar  / Tumbes','240200','240000'),('240203','Canoas de Punta Sal','Canoas de Punta Sal / Contralmirante Villar  / Tumbes','240200','240000'),('240301','Zarumilla','Zarumilla / Zarumilla  / Tumbes','240300','240000'),('240302','Aguas Verdes','Aguas Verdes / Zarumilla  / Tumbes','240300','240000'),('240303','Matapalo','Matapalo / Zarumilla  / Tumbes','240300','240000'),('240304','Papayal','Papayal / Zarumilla  / Tumbes','240300','240000'),('250101','Calleria','Calleria / Coronel Portillo  / Ucayali','250100','250000'),('250102','Campoverde','Campoverde / Coronel Portillo  / Ucayali','250100','250000'),('250103','Iparia','Iparia / Coronel Portillo  / Ucayali','250100','250000'),('250104','Masisea','Masisea / Coronel Portillo  / Ucayali','250100','250000'),('250105','Yarinacocha','Yarinacocha / Coronel Portillo  / Ucayali','250100','250000'),('250106','Nueva Requena','Nueva Requena / Coronel Portillo  / Ucayali','250100','250000'),('250107','Manantay','Manantay / Coronel Portillo  / Ucayali','250100','250000'),('250201','Raymondi','Raymondi / Atalaya  / Ucayali','250200','250000'),('250202','Sepahua','Sepahua / Atalaya  / Ucayali','250200','250000'),('250203','Tahuania','Tahuania / Atalaya  / Ucayali','250200','250000'),('250204','Yurua','Yurua / Atalaya  / Ucayali','250200','250000'),('250301','Padre Abad','Padre Abad / Padre Abad  / Ucayali','250300','250000'),('250302','Irazola','Irazola / Padre Abad  / Ucayali','250300','250000'),('250303','Curimana','Curimana / Padre Abad  / Ucayali','250300','250000'),('250304','Neshuya','Neshuya / Padre Abad  / Ucayali','250300','250000'),('250305','Alexander Von Humboldt','Alexander Von Humboldt / Padre Abad  / Ucayali','250300','250000'),('250401','Purús','Purús / Purús / Ucayali','250400','250000');
/*!40000 ALTER TABLE `ubi_distritos` ENABLE KEYS */;
UNLOCK TABLES;

--
-- Table structure for table `ubi_provincias`
--

DROP TABLE IF EXISTS `ubi_provincias`;
/*!40101 SET @saved_cs_client     = @@character_set_client */;
/*!40101 SET character_set_client = utf8 */;
CREATE TABLE `ubi_provincias` (
  `id` char(6) NOT NULL DEFAULT '',
  `nombre` varchar(50) NOT NULL DEFAULT '',
  `region_id` char(6) NOT NULL DEFAULT '',
  PRIMARY KEY (`id`),
  UNIQUE KEY `id` (`id`)
) ENGINE=InnoDB DEFAULT CHARSET=utf8;
/*!40101 SET character_set_client = @saved_cs_client */;

--
-- Dumping data for table `ubi_provincias`
--

LOCK TABLES `ubi_provincias` WRITE;
/*!40000 ALTER TABLE `ubi_provincias` DISABLE KEYS */;
INSERT INTO `ubi_provincias` (`id`, `nombre`, `region_id`) VALUES ('010100','Chachapoyas','010000'),('010200','Bagua','010000'),('010300','Bongará','010000'),('010400','Condorcanqui','010000'),('010500','Luya','010000'),('010600','Rodríguez de Mendoza','010000'),('010700','Utcubamba','010000'),('020100','Huaraz','020000'),('020200','Aija','020000'),('020300','Antonio Raymondi','020000'),('020400','Asunción','020000'),('020500','Bolognesi','020000'),('020600','Carhuaz','020000'),('020700','Carlos Fermín Fitzcarrald','020000'),('020800','Casma','020000'),('020900','Corongo','020000'),('021000','Huari','020000'),('021100','Huarmey','020000'),('021200','Huaylas','020000'),('021300','Mariscal Luzuriaga','020000'),('021400','Ocros','020000'),('021500','Pallasca','020000'),('021600','Pomabamba','020000'),('021700','Recuay','020000'),('021800','Santa','020000'),('021900','Sihuas','020000'),('022000','Yungay','020000'),('030100','Abancay','030000'),('030200','Andahuaylas','030000'),('030300','Antabamba','030000'),('030400','Aymaraes','030000'),('030500','Cotabambas','030000'),('030600','Chincheros','030000'),('030700','Grau','030000'),('040100','Arequipa','040000'),('040200','Camaná','040000'),('040300','Caravelí','040000'),('040400','Castilla','040000'),('040500','Caylloma','040000'),('040600','Condesuyos','040000'),('040700','Islay','040000'),('040800','La Uniòn','040000'),('050100','Huamanga','050000'),('050200','Cangallo','050000'),('050300','Huanca Sancos','050000'),('050400','Huanta','050000'),('050500','La Mar','050000'),('050600','Lucanas','050000'),('050700','Parinacochas','050000'),('050800','Pàucar del Sara Sara','050000'),('050900','Sucre','050000'),('051000','Víctor Fajardo','050000'),('051100','Vilcas Huamán','050000'),('060100','Cajamarca','060000'),('060200','Cajabamba','060000'),('060300','Celendín','060000'),('060400','Chota','060000'),('060500','Contumazá','060000'),('060600','Cutervo','060000'),('060700','Hualgayoc','060000'),('060800','Jaén','060000'),('060900','San Ignacio','060000'),('061000','San Marcos','060000'),('061100','San Miguel','060000'),('061200','San Pablo','060000'),('061300','Santa Cruz','060000'),('070100','Prov. Const. del Callao','070000'),('080100','Cusco','080000'),('080200','Acomayo','080000'),('080300','Anta','080000'),('080400','Calca','080000'),('080500','Canas','080000'),('080600','Canchis','080000'),('080700','Chumbivilcas','080000'),('080800','Espinar','080000'),('080900','La Convención','080000'),('081000','Paruro','080000'),('081100','Paucartambo','080000'),('081200','Quispicanchi','080000'),('081300','Urubamba','080000'),('090100','Huancavelica','090000'),('090200','Acobamba','090000'),('090300','Angaraes','090000'),('090400','Castrovirreyna','090000'),('090500','Churcampa','090000'),('090600','Huaytará','090000'),('090700','Tayacaja','090000'),('100100','Huánuco','100000'),('100200','Ambo','100000'),('100300','Dos de Mayo','100000'),('100400','Huacaybamba','100000'),('100500','Huamalíes','100000'),('100600','Leoncio Prado','100000'),('100700','Marañón','100000'),('100800','Pachitea','100000'),('100900','Puerto Inca','100000'),('101000','Lauricocha ','100000'),('101100','Yarowilca ','100000'),('110100','Ica ','110000'),('110200','Chincha ','110000'),('110300','Nasca ','110000'),('110400','Palpa ','110000'),('110500','Pisco ','110000'),('120100','Huancayo ','120000'),('120200','Concepción ','120000'),('120300','Chanchamayo ','120000'),('120400','Jauja ','120000'),('120500','Junín ','120000'),('120600','Satipo ','120000'),('120700','Tarma ','120000'),('120800','Yauli ','120000'),('120900','Chupaca ','120000'),('130100','Trujillo ','130000'),('130200','Ascope ','130000'),('130300','Bolívar ','130000'),('130400','Chepén ','130000'),('130500','Julcán ','130000'),('130600','Otuzco ','130000'),('130700','Pacasmayo ','130000'),('130800','Pataz ','130000'),('130900','Sánchez Carrión ','130000'),('131000','Santiago de Chuco ','130000'),('131100','Gran Chimú ','130000'),('131200','Virú ','130000'),('140100','Chiclayo ','140000'),('140200','Ferreñafe ','140000'),('140300','Lambayeque ','140000'),('150100','Lima ','150000'),('150200','Barranca ','150000'),('150300','Cajatambo ','150000'),('150400','Canta ','150000'),('150500','Cañete ','150000'),('150600','Huaral ','150000'),('150700','Huarochirí ','150000'),('150800','Huaura ','150000'),('150900','Oyón ','150000'),('151000','Yauyos ','150000'),('160100','Maynas ','160000'),('160200','Alto Amazonas ','160000'),('160300','Loreto ','160000'),('160400','Mariscal Ramón Castilla ','160000'),('160500','Requena ','160000'),('160600','Ucayali ','160000'),('160700','Datem del Marañón ','160000'),('160800','Putumayo','160000'),('170100','Tambopata ','170000'),('170200','Manu ','170000'),('170300','Tahuamanu ','170000'),('180100','Mariscal Nieto ','180000'),('180200','General Sánchez Cerro ','180000'),('180300','Ilo ','180000'),('190100','Pasco ','190000'),('190200','Daniel Alcides Carrión ','190000'),('190300','Oxapampa ','190000'),('200100','Piura ','200000'),('200200','Ayabaca ','200000'),('200300','Huancabamba ','200000'),('200400','Morropón ','200000'),('200500','Paita ','200000'),('200600','Sullana ','200000'),('200700','Talara ','200000'),('200800','Sechura ','200000'),('210100','Puno ','210000'),('210200','Azángaro ','210000'),('210300','Carabaya ','210000'),('210400','Chucuito ','210000'),('210500','El Collao ','210000'),('210600','Huancané ','210000'),('210700','Lampa ','210000'),('210800','Melgar ','210000'),('210900','Moho ','210000'),('211000','San Antonio de Putina ','210000'),('211100','San Román ','210000'),('211200','Sandia ','210000'),('211300','Yunguyo ','210000'),('220100','Moyobamba ','220000'),('220200','Bellavista ','220000'),('220300','El Dorado ','220000'),('220400','Huallaga ','220000'),('220500','Lamas ','220000'),('220600','Mariscal Cáceres ','220000'),('220700','Picota ','220000'),('220800','Rioja ','220000'),('220900','San Martín ','220000'),('221000','Tocache ','220000'),('230100','Tacna ','230000'),('230200','Candarave ','230000'),('230300','Jorge Basadre ','230000'),('230400','Tarata ','230000'),('240100','Tumbes ','240000'),('240200','Contralmirante Villar ','240000'),('240300','Zarumilla ','240000'),('250100','Coronel Portillo ','250000'),('250200','Atalaya ','250000'),('250300','Padre Abad ','250000'),('250400','Purús','250000');
/*!40000 ALTER TABLE `ubi_provincias` ENABLE KEYS */;
UNLOCK TABLES;

--
-- Table structure for table `ubi_regiones`
--

DROP TABLE IF EXISTS `ubi_regiones`;
/*!40101 SET @saved_cs_client     = @@character_set_client */;
/*!40101 SET character_set_client = utf8 */;
CREATE TABLE `ubi_regiones` (
  `id` char(6) NOT NULL DEFAULT '',
  `nombre` varchar(50) NOT NULL DEFAULT '',
  `slug` varchar(64) NOT NULL DEFAULT '',
  PRIMARY KEY (`id`),
  UNIQUE KEY `id` (`id`)
) ENGINE=InnoDB DEFAULT CHARSET=utf8;
/*!40101 SET character_set_client = @saved_cs_client */;

--
-- Dumping data for table `ubi_regiones`
--

LOCK TABLES `ubi_regiones` WRITE;
/*!40000 ALTER TABLE `ubi_regiones` DISABLE KEYS */;
INSERT INTO `ubi_regiones` (`id`, `nombre`, `slug`) VALUES ('010000','Amazonas','amazonas'),('020000','Áncash','ancash'),('030000','Apurímac','apurimac'),('040000','Arequipa','arequipa'),('050000','Ayacucho','ayacucho'),('060000','Cajamarca','cajamarca'),('070000','Callao','callao'),('080000','Cusco','cusco'),('090000','Huancavelica','huancavelica'),('100000','Huánuco','huanuco'),('110000','Ica','ica'),('120000','Junín','junin'),('130000','La Libertad','la-libertad'),('140000','Lambayeque','lambayeque'),('150000','Lima','lima'),('160000','Loreto','loreto'),('170000','Madre de Dios','madre-de-dios'),('180000','Moquegua','moquegua'),('190000','Pasco','pasco'),('200000','Piura','piura'),('210000','Puno','puno'),('220000','San Martín','san-martin'),('230000','Tacna','tacna'),('240000','Tumbes','tumbes'),('250000','Ucayali','ucayali');
/*!40000 ALTER TABLE `ubi_regiones` ENABLE KEYS */;
UNLOCK TABLES;

--
-- Table structure for table `usuario_puntos`
--

DROP TABLE IF EXISTS `usuario_puntos`;
/*!40101 SET @saved_cs_client     = @@character_set_client */;
/*!40101 SET character_set_client = utf8 */;
CREATE TABLE `usuario_puntos` (
  `id` bigint(20) unsigned NOT NULL AUTO_INCREMENT,
  `usuario_id` bigint(20) unsigned DEFAULT '0',
  `puntos` smallint(5) unsigned DEFAULT '0',
  `comentario` text,
  `created` datetime NOT NULL,
  `modified` datetime NOT NULL,
  PRIMARY KEY (`id`)
) ENGINE=InnoDB DEFAULT CHARSET=latin1;
/*!40101 SET character_set_client = @saved_cs_client */;

--
-- Dumping data for table `usuario_puntos`
--

LOCK TABLES `usuario_puntos` WRITE;
/*!40000 ALTER TABLE `usuario_puntos` DISABLE KEYS */;
/*!40000 ALTER TABLE `usuario_puntos` ENABLE KEYS */;
UNLOCK TABLES;

--
-- Table structure for table `usuarios`
--

DROP TABLE IF EXISTS `usuarios`;
/*!40101 SET @saved_cs_client     = @@character_set_client */;
/*!40101 SET character_set_client = utf8 */;
CREATE TABLE `usuarios` (
  `id` bigint(20) unsigned NOT NULL AUTO_INCREMENT,
  `usr` varchar(64) NOT NULL,
  `pwd` varchar(64) NOT NULL,
  `nombre` varchar(64) NOT NULL,
  `rol` varchar(32) NOT NULL,
  `created` datetime NOT NULL,
  `modified` datetime NOT NULL,
  PRIMARY KEY (`id`)
) ENGINE=InnoDB AUTO_INCREMENT=33 DEFAULT CHARSET=latin1;
/*!40101 SET character_set_client = @saved_cs_client */;

--
-- Dumping data for table `usuarios`
--

LOCK TABLES `usuarios` WRITE;
/*!40000 ALTER TABLE `usuarios` DISABLE KEYS */;
INSERT INTO `usuarios` (`id`, `usr`, `pwd`, `nombre`, `rol`, `created`, `modified`) VALUES (10,'gerber','$2y$10$imXD68EDHs3Ff2K/Ne9Mrelxz6pIT3QCUnCHbzz/V0gQOP3wfWPwC',' Gerber','GERCOM','2019-09-14 06:17:22','2020-02-16 21:17:40'),(27,'dianitasimpleme@ntehotmail.com','$2y$10$W8WTVex0r5N9VOB4Qw.T2OQAc8lQB7qT75rRFUcsrPzrG69hjC6Zi','Yusbel','MARKET','2020-06-29 02:42:14','2020-07-24 12:52:25'),(29,'camilogmailcom','$2y$10$1tuc1IENWG0.AwzVIE2cteQYuLT/NagPG7veSv7kDDV8VWaeahQMC','camilo','VENTAS','2020-07-21 18:40:12','2020-07-24 12:52:34'),(30,'kathy.ccali@gerware.com','$2y$10$Z0XnQRV/OW5AMy3YOlQ9wOadhCXI/o48F8rjO46yGgfi8Wzl8BvfG','Kathy Ccali','DISENO','2020-07-26 15:13:01','2020-07-26 15:13:01'),(31,'takararroyo@gmail.com','$2y$10$UjS.lffBq48d9UuMpgdumOr4vM.w8slAvFRtIevwdtqgfLOmzCUWa','Xuxa Arroyo','VENTAS','2020-07-29 18:48:13','2020-07-29 18:48:13'),(32,'diego','$2y$10$ef6n2gSYLvc4UffcYsCaxuN6.hU2UQ/FcwoYu01PxSU6oS/3qjvai','diego','GERCOM','2019-12-06 07:18:55','2019-12-06 07:18:55');
/*!40000 ALTER TABLE `usuarios` ENABLE KEYS */;
UNLOCK TABLES;

--
-- Table structure for table `zonas`
--

DROP TABLE IF EXISTS `zonas`;
/*!40101 SET @saved_cs_client     = @@character_set_client */;
/*!40101 SET character_set_client = utf8 */;
CREATE TABLE `zonas` (
  `id` bigint(20) unsigned NOT NULL AUTO_INCREMENT,
  `orden` smallint(5) unsigned NOT NULL DEFAULT '0',
  `nombre` varchar(32) DEFAULT '',
  `created` datetime NOT NULL,
  `modified` datetime NOT NULL,
  PRIMARY KEY (`id`)
) ENGINE=InnoDB AUTO_INCREMENT=5 DEFAULT CHARSET=latin1;
/*!40101 SET character_set_client = @saved_cs_client */;

--
-- Dumping data for table `zonas`
--

LOCK TABLES `zonas` WRITE;
/*!40000 ALTER TABLE `zonas` DISABLE KEYS */;
INSERT INTO `zonas` (`id`, `orden`, `nombre`, `created`, `modified`) VALUES (2,3,'Cusco','2019-09-09 02:06:11','2019-09-09 02:06:11'),(3,2,'Lima','2019-09-09 02:06:15','2019-09-09 02:06:15'),(4,1,'Arequipa','2019-09-09 02:06:57','2019-09-09 02:06:57');
/*!40000 ALTER TABLE `zonas` ENABLE KEYS */;
UNLOCK TABLES;

--
-- Dumping events for database 'gerwarec_sistema_v1'
--

--
-- Dumping routines for database 'gerwarec_sistema_v1'
--
/*!40103 SET TIME_ZONE=@OLD_TIME_ZONE */;

/*!40101 SET SQL_MODE=@OLD_SQL_MODE */;
/*!40014 SET FOREIGN_KEY_CHECKS=@OLD_FOREIGN_KEY_CHECKS */;
/*!40014 SET UNIQUE_CHECKS=@OLD_UNIQUE_CHECKS */;
/*!40101 SET CHARACTER_SET_CLIENT=@OLD_CHARACTER_SET_CLIENT */;
/*!40101 SET CHARACTER_SET_RESULTS=@OLD_CHARACTER_SET_RESULTS */;
/*!40101 SET COLLATION_CONNECTION=@OLD_COLLATION_CONNECTION */;
/*!40111 SET SQL_NOTES=@OLD_SQL_NOTES */;

-- Dump completed on 2020-08-08 21:53:39
